linha_origem,pedido_id,cliente_id,codigo_produto,data,quantidade_atendida,quantidade_faltante,quantidade_solicitada,percentual_atendimento,com_corte,quantidade_valida,lote_status,data_status,duplicata_candidata
3,P000103,Cliente 024,956000,2025-01-09,30.0,0.0,30.0,1.0,0,1,registrado,registrada,0
4,P000103,Cliente 024,957000,2025-01-09,50.0,0.0,50.0,1.0,0,1,registrado,registrada,0
5,P000103,Cliente 024,958000,2025-01-09,50.0,0.0,50.0,1.0,0,1,registrado,registrada,0
6,P000103,Cliente 024,962100,2025-01-09,50.0,0.0,50.0,1.0,0,1,registrado,registrada,0
7,P000103,Cliente 024,965300,2025-01-09,30.0,0.0,30.0,1.0,0,1,registrado,registrada,0
8,P000126,Cliente 141,966800,2025-01-09,1000.0,0.0,1000.0,1.0,0,1,ausente,registrada,0
9,P000090,Cliente 147,961600,2025-01-09,40.0,0.0,40.0,1.0,0,1,ausente,registrada,0
10,P000090,Cliente 147,961500,2025-01-09,3.0,0.0,3.0,1.0,0,1,ausente,registrada,0
11,P000090,Cliente 147,962900,2025-01-09,15.0,0.0,15.0,1.0,0,1,ausente,registrada,0
12,P000090,Cliente 147,962800,2025-01-09,2.0,0.0,2.0,1.0,0,1,ausente,registrada,0
13,P000090,Cliente 147,964000,2025-01-09,15.0,0.0,15.0,1.0,0,1,ausente,registrada,0
14,P000090,Cliente 147,963900,2025-01-09,2.0,0.0,2.0,1.0,0,1,ausente,registrada,0
15,P000101,Cliente 187,953800,2025-01-09,50.0,0.0,50.0,1.0,0,1,ausente,registrada,0
16,P000101,Cliente 187,954900,2025-01-09,50.0,0.0,50.0,1.0,0,1,ausente,registrada,0
17,P000101,Cliente 187,957000,2025-01-09,20.0,0.0,20.0,1.0,0,1,estimado_nao_verificado,registrada,0
18,P000101,Cliente 187,958000,2025-01-09,50.0,0.0,50.0,1.0,0,1,estimado_nao_verificado,registrada,0
19,P000101,Cliente 187,959000,2025-01-09,20.0,0.0,20.0,1.0,0,1,ausente,registrada,0
20,P000101,Cliente 187,965300,2025-01-09,40.0,0.0,40.0,1.0,0,1,estimado_nao_verificado,registrada,0
21,P000094,Cliente 300,953800,2025-01-09,5.0,0.0,5.0,1.0,0,1,ausente,registrada,0
22,P000094,Cliente 300,954000,2025-01-09,3.0,0.0,3.0,1.0,0,1,ausente,registrada,0
23,P000094,Cliente 300,957000,2025-01-09,5.0,0.0,5.0,1.0,0,1,estimado_nao_verificado,registrada,0
24,P000094,Cliente 300,958000,2025-01-09,7.0,0.0,7.0,1.0,0,1,estimado_nao_verificado,registrada,0
25,P000094,Cliente 300,965300,2025-01-09,5.0,0.0,5.0,1.0,0,1,estimado_nao_verificado,registrada,0
26,P000100,Cliente 060,966600,2025-01-09,210.0,0.0,210.0,1.0,0,1,ausente,registrada,0
27,P000100,Cliente 060,966700,2025-01-09,140.0,0.0,140.0,1.0,0,1,estimado_nao_verificado,registrada,0
28,P000113,Cliente 094,981700,2025-01-09,2.0,0.0,2.0,1.0,0,1,registrado,registrada,0
29,P000122,Cliente 054,966700,2025-01-09,15.0,0.0,15.0,1.0,0,1,registrado,registrada,0
30,P000121,Cliente 054,961000,2025-01-09,6.0,0.0,6.0,1.0,0,1,registrado,registrada,0
31,P000091,Cliente 245,952400,2025-01-08,2.0,0.0,2.0,1.0,0,1,ausente,registrada,0
32,P000091,Cliente 245,958300,2025-01-08,2.0,0.0,2.0,1.0,0,1,ausente,registrada,0
33,P000091,Cliente 245,955200,2025-01-08,2.0,0.0,2.0,1.0,0,1,ausente,registrada,0
34,P000091,Cliente 245,954100,2025-01-08,2.0,0.0,2.0,1.0,0,1,ausente,registrada,0
35,P000091,Cliente 245,948700,2025-01-08,1.0,0.0,1.0,1.0,0,1,ausente,registrada,0
36,P000091,Cliente 245,951400,2025-01-08,3.0,0.0,3.0,1.0,0,1,ausente,registrada,0
37,P000091,Cliente 245,964700,2025-01-08,2.0,0.0,2.0,1.0,0,1,ausente,registrada,0
38,P000088,Cliente 103,971300,2025-01-08,180.0,0.0,180.0,1.0,0,1,ausente,registrada,0
39,P000088,Cliente 103,121240,2025-01-08,,0.0,,,0,0,ausente,registrada,0
41,P000093,Cliente 103,950400,2025-01-08,20.0,0.0,20.0,1.0,0,1,ausente,registrada,0
42,P000078,Cliente 106,966700,2025-01-09,5.0,0.0,5.0,1.0,0,1,estimado_nao_verificado,registrada,0
43,P000078,Cliente 106,966400,2025-01-09,20.0,0.0,20.0,1.0,0,1,ausente,registrada,0
44,P000111,Cliente 123,966400,2025-01-09,15.0,0.0,15.0,1.0,0,1,ausente,registrada,0
45,P000081,Cliente 061,949300,2025-01-09,400.0,0.0,400.0,1.0,0,1,ausente,registrada,0
46,P000079,Cliente 252,902400,2025-01-09,400.0,0.0,400.0,1.0,0,1,ausente,registrada,0
47,P000107,Cliente 283,951300,2025-01-10,4.0,0.0,4.0,1.0,0,1,estimado_nao_verificado,registrada,0
48,P000107,Cliente 283,954300,2025-01-10,5.0,0.0,5.0,1.0,0,1,registrado,registrada,0
49,P000107,Cliente 283,958500,2025-01-10,5.0,0.0,5.0,1.0,0,1,registrado,registrada,0
50,P000107,Cliente 283,961600,2025-01-10,1.0,0.0,1.0,1.0,0,1,registrado,registrada,0
51,P000107,Cliente 283,981500,2025-01-10,1.0,0.0,1.0,1.0,0,1,ausente,registrada,0
52,P000109,Cliente 284,951300,2025-01-10,4.0,0.0,4.0,1.0,0,1,registrado,registrada,0
53,P000109,Cliente 284,954300,2025-01-10,5.0,0.0,5.0,1.0,0,1,registrado,registrada,0
54,P000109,Cliente 284,958500,2025-01-10,5.0,0.0,5.0,1.0,0,1,registrado,registrada,0
55,P000109,Cliente 284,961600,2025-01-10,2.0,0.0,2.0,1.0,0,1,registrado,registrada,0
56,P000109,Cliente 284,981500,2025-01-10,1.0,0.0,1.0,1.0,0,1,ausente,registrada,0
57,P000106,Cliente 285,951300,2025-01-10,4.0,0.0,4.0,1.0,0,1,registrado,registrada,0
58,P000106,Cliente 285,954300,2025-01-10,2.0,0.0,2.0,1.0,0,1,registrado,registrada,0
59,P000106,Cliente 285,958500,2025-01-10,2.0,0.0,2.0,1.0,0,1,registrado,registrada,0
60,P000106,Cliente 285,961600,2025-01-10,2.0,0.0,2.0,1.0,0,1,registrado,registrada,0
61,P000108,Cliente 282,951300,2025-01-10,2.0,0.0,2.0,1.0,0,1,registrado,registrada,0
62,P000108,Cliente 282,958500,2025-01-10,3.0,0.0,3.0,1.0,0,1,registrado,registrada,0
63,P000095,Cliente 308,961600,2025-01-10,20.0,0.0,20.0,1.0,0,1,registrado,registrada,0
64,P000095,Cliente 308,964000,2025-01-10,10.0,0.0,10.0,1.0,0,1,registrado,registrada,0
65,P000092,Cliente 198,961600,2025-01-10,20.0,0.0,20.0,1.0,0,1,registrado,registrada,0
66,P000092,Cliente 198,964000,2025-01-10,20.0,0.0,20.0,1.0,0,1,registrado,registrada,0
67,P000096,Cliente 294,961600,2025-01-10,100.0,0.0,100.0,1.0,0,1,registrado,registrada,0
68,P000096,Cliente 294,964000,2025-01-10,150.0,0.0,150.0,1.0,0,1,registrado,registrada,0
69,P000096,Cliente 294,967800,2025-01-10,100.0,0.0,100.0,1.0,0,1,registrado,registrada,0
70,P000116,Cliente 225,961600,2025-01-10,10.0,0.0,10.0,1.0,0,1,registrado,registrada,0
71,P000116,Cliente 225,964000,2025-01-10,10.0,0.0,10.0,1.0,0,1,registrado,registrada,0
72,P000105,Cliente 169,949300,2025-01-10,200.0,0.0,200.0,1.0,0,1,registrado,registrada,0
73,P000118,Cliente 169,961800,2025-01-10,8.0,0.0,8.0,1.0,0,1,registrado,registrada,0
74,P000115,Cliente 280,902300,2025-01-10,10.0,0.0,10.0,1.0,0,1,registrado,registrada,0
75,P000115,Cliente 280,948700,2025-01-10,100.0,0.0,100.0,1.0,0,1,registrado,registrada,0
76,P000115,Cliente 280,951400,2025-01-10,18.0,0.0,18.0,1.0,0,1,registrado,registrada,0
77,P000115,Cliente 280,953200,2025-01-10,20.0,0.0,20.0,1.0,0,1,registrado,registrada,0
78,P000115,Cliente 280,953800,2025-01-10,15.0,0.0,15.0,1.0,0,1,registrado,registrada,0
79,P000115,Cliente 280,954900,2025-01-10,25.0,0.0,25.0,1.0,0,1,registrado,registrada,0
80,P000115,Cliente 280,957000,2025-01-10,25.0,0.0,25.0,1.0,0,1,registrado,registrada,0
81,P000115,Cliente 280,958000,2025-01-10,30.0,0.0,30.0,1.0,0,1,registrado,registrada,0
82,P000115,Cliente 280,961800,2025-01-10,14.0,0.0,14.0,1.0,0,1,registrado,registrada,0
83,P000115,Cliente 280,963100,2025-01-10,10.0,0.0,10.0,1.0,0,1,registrado,registrada,0
84,P000115,Cliente 280,964400,2025-01-10,2.0,0.0,2.0,1.0,0,1,registrado,registrada,0
85,P000115,Cliente 280,965300,2025-01-10,25.0,0.0,25.0,1.0,0,1,registrado,inferida_pedido,0
86,P000129,Cliente 223,953800,2025-01-11,15.0,0.0,15.0,1.0,0,1,registrado,registrada,0
87,P000129,Cliente 223,954900,2025-01-11,15.0,0.0,15.0,1.0,0,1,registrado,registrada,0
88,P000129,Cliente 223,957000,2025-01-11,5.0,0.0,5.0,1.0,0,1,registrado,registrada,0
89,P000129,Cliente 223,958000,2025-01-11,15.0,0.0,15.0,1.0,0,1,registrado,registrada,0
90,P000098,Cliente 172,949300,2025-01-11,40.0,0.0,40.0,1.0,0,1,registrado,registrada,0
91,P000097,Cliente 201,902300,2025-01-11,10.0,0.0,10.0,1.0,0,1,registrado,registrada,0
92,P000097,Cliente 201,948700,2025-01-11,34.0,0.0,34.0,1.0,0,1,registrado,registrada,0
93,P000097,Cliente 201,961800,2025-01-11,12.0,0.0,12.0,1.0,0,1,registrado,registrada,0
94,P000097,Cliente 201,981700,2025-01-11,30.0,0.0,30.0,1.0,0,1,registrado,registrada,0
95,P000099,Cliente 185,902300,2025-01-11,80.0,0.0,80.0,1.0,0,1,registrado,registrada,0
96,P000099,Cliente 185,908400,2025-01-11,20.0,0.0,20.0,1.0,0,1,registrado,registrada,0
97,P000099,Cliente 185,948700,2025-01-11,80.0,0.0,80.0,1.0,0,1,registrado,registrada,0
98,P000099,Cliente 185,949300,2025-01-11,20.0,0.0,20.0,1.0,0,1,registrado,registrada,0
99,P000099,Cliente 185,950400,2025-01-11,200.0,0.0,200.0,1.0,0,1,registrado,registrada,0
101,P000110,Cliente 185,953200,2025-01-11,200.0,0.0,200.0,1.0,0,1,registrado,registrada,0
102,P000117,Cliente 185,961800,2025-01-11,20.0,0.0,20.0,1.0,0,1,registrado,registrada,0
103,P000152,Cliente 118,961500,2025-01-13,5.0,0.0,5.0,1.0,0,1,registrado,registrada,0
104,P000152,Cliente 118,961600,2025-01-13,35.0,0.0,35.0,1.0,0,1,registrado,registrada,0
105,P000152,Cliente 118,964000,2025-01-13,15.0,0.0,15.0,1.0,0,1,registrado,registrada,0
106,P000134,Cliente 057,966600,2025-01-13,20.0,0.0,20.0,1.0,0,1,ausente,registrada,0
107,P000134,Cliente 057,966800,2025-01-13,30.0,0.0,30.0,1.0,0,1,ausente,registrada,0
108,P000135,Cliente 057,961600,2025-01-13,20.0,0.0,20.0,1.0,0,1,registrado,registrada,0
109,P000135,Cliente 057,964000,2025-01-13,20.0,0.0,20.0,1.0,0,1,registrado,registrada,0
110,P001892,Cliente 357,961500,2025-01-13,19.0,0.0,19.0,1.0,0,1,registrado,registrada,0
111,P001892,Cliente 357,961600,2025-01-13,91.0,0.0,91.0,1.0,0,1,estimado_nao_verificado,registrada,0
112,P001892,Cliente 357,964800,2025-01-13,5.0,0.0,5.0,1.0,0,1,ausente,registrada,0
113,P001892,Cliente 357,959400,2025-01-13,5.0,0.0,5.0,1.0,0,1,ausente,registrada,0
114,P001892,Cliente 357,958400,2025-01-13,5.0,0.0,5.0,1.0,0,1,ausente,registrada,0
115,P001892,Cliente 357,957400,2025-01-13,5.0,0.0,5.0,1.0,0,1,ausente,registrada,0
116,P001892,Cliente 357,960200,2025-01-13,3.0,0.0,3.0,1.0,0,1,ausente,registrada,0
117,P001892,Cliente 357,955300,2025-01-13,3.0,0.0,3.0,1.0,0,1,ausente,registrada,0
118,P001892,Cliente 357,954200,2025-01-13,5.0,0.0,5.0,1.0,0,1,ausente,registrada,0
119,P001892,Cliente 357,963900,2025-01-13,9.0,0.0,9.0,1.0,0,1,ausente,registrada,0
120,P001892,Cliente 357,964000,2025-01-13,53.0,0.0,53.0,1.0,0,1,estimado_nao_verificado,registrada,0
121,P001892,Cliente 357,961000,2025-01-13,20.0,0.0,20.0,1.0,0,1,estimado_nao_verificado,registrada,0
122,P001892,Cliente 357,968500,2025-01-13,1.0,0.0,1.0,1.0,0,1,ausente,registrada,0
123,P001892,Cliente 357,968600,2025-01-13,5.0,0.0,5.0,1.0,0,1,ausente,registrada,0
124,P001892,Cliente 357,972200,2025-01-13,5.0,0.0,5.0,1.0,0,1,ausente,registrada,0
125,P001892,Cliente 357,966200,2025-01-13,61.0,0.0,61.0,1.0,0,1,ausente,registrada,0
126,P001892,Cliente 357,966300,2025-01-13,45.0,0.0,45.0,1.0,0,1,ausente,registrada,0
127,P001892,Cliente 357,966400,2025-01-13,46.0,0.0,46.0,1.0,0,1,ausente,registrada,0
128,P001892,Cliente 357,966500,2025-01-13,27.0,0.0,27.0,1.0,0,1,ausente,registrada,0
129,P001892,Cliente 357,966600,2025-01-13,270.0,0.0,270.0,1.0,0,1,ausente,registrada,0
130,P001892,Cliente 357,966700,2025-01-13,23.0,0.0,23.0,1.0,0,1,estimado_nao_verificado,registrada,0
131,P001892,Cliente 357,966800,2025-01-13,1093.0,0.0,1093.0,1.0,0,1,ausente,registrada,0
132,P001892,Cliente 357,971100,2025-01-13,5.0,0.0,5.0,1.0,0,1,ausente,registrada,0
133,P001892,Cliente 357,969900,2025-01-13,2.0,0.0,2.0,1.0,0,1,ausente,registrada,0
134,P001892,Cliente 357,970000,2025-01-13,5.0,0.0,5.0,1.0,0,1,ausente,registrada,0
135,P001892,Cliente 357,967700,2025-01-13,5.0,0.0,5.0,1.0,0,1,ausente,registrada,0
136,P001892,Cliente 357,971200,2025-01-13,2.0,0.0,2.0,1.0,0,1,ausente,registrada,0
137,P001892,Cliente 357,967800,2025-01-13,1.0,0.0,1.0,1.0,0,1,estimado_nao_verificado,registrada,0
138,P000128,Cliente 149,902300,2025-01-14,32.0,0.0,32.0,1.0,0,1,registrado,registrada,0
139,P000102,Cliente 053,902300,2025-01-14,240.0,0.0,240.0,1.0,0,1,registrado,registrada,0
140,P000102,Cliente 053,951600,2025-01-14,1200.0,0.0,1200.0,1.0,0,1,registrado,registrada,0
141,P000102,Cliente 053,952600,2025-01-14,200.0,0.0,200.0,1.0,0,1,registrado,registrada,0
142,P000074,Cliente 128,1241,2025-01-14,18.0,0.0,18.0,1.0,0,1,ausente,registrada,0
143,P000155,Cliente 062,953200,2025-01-14,100.0,0.0,100.0,1.0,0,1,estimado_nao_verificado,registrada,0
144,P000155,Cliente 062,976000,2025-01-14,250.0,0.0,250.0,1.0,0,1,ausente,registrada,0
145,P000155,Cliente 062,990200,2025-01-14,50.0,0.0,50.0,1.0,0,1,ausente,registrada,0
146,P000131,Cliente 117,961500,2025-01-14,50.0,0.0,50.0,1.0,0,1,estimado_nao_verificado,registrada,0
147,P000131,Cliente 117,961600,2025-01-14,300.0,0.0,300.0,1.0,0,1,estimado_nao_verificado,registrada,0
148,P000131,Cliente 117,963900,2025-01-14,50.0,0.0,50.0,1.0,0,1,ausente,registrada,0
149,P000131,Cliente 117,964000,2025-01-14,200.0,0.0,200.0,1.0,0,1,estimado_nao_verificado,registrada,0
150,P000132,Cliente 117,950000,2025-01-14,75.0,0.0,75.0,1.0,0,1,ausente,registrada,0
151,P000132,Cliente 117,961500,2025-01-14,20.0,0.0,20.0,1.0,0,1,estimado_nao_verificado,registrada,0
152,P000132,Cliente 117,961600,2025-01-14,450.0,0.0,450.0,1.0,0,1,estimado_nao_verificado,registrada,0
153,P000132,Cliente 117,963900,2025-01-14,20.0,0.0,20.0,1.0,0,1,ausente,registrada,0
154,P000132,Cliente 117,964000,2025-01-14,350.0,0.0,350.0,1.0,0,1,estimado_nao_verificado,registrada,0
155,P000104,Cliente 226,976600,2025-01-14,201.0,0.0,201.0,1.0,0,1,registrado,registrada,0
156,P000104,Cliente 226,976700,2025-01-14,201.0,0.0,201.0,1.0,0,1,registrado,registrada,0
157,P000104,Cliente 226,976800,2025-01-14,301.0,0.0,301.0,1.0,0,1,registrado,registrada,0
158,P000063,Cliente 226,976800,2025-01-14,5.0,0.0,5.0,1.0,0,1,registrado,registrada,0
159,P000144,Cliente 307,949000,2025-01-15,210.0,0.0,210.0,1.0,0,1,registrado,registrada,0
160,P000144,Cliente 307,962000,2025-01-15,50.0,0.0,50.0,1.0,0,1,registrado,registrada,0
161,P000144,Cliente 307,963300,2025-01-15,50.0,0.0,50.0,1.0,0,1,registrado,registrada,0
162,P000149,Cliente 230,950400,2025-01-15,650.0,0.0,650.0,1.0,0,1,registrado,registrada,0
163,P000147,Cliente 181,949000,2025-01-15,80.0,0.0,80.0,1.0,0,1,registrado,registrada,0
164,P000147,Cliente 181,962000,2025-01-15,72.0,0.0,72.0,1.0,0,1,registrado,registrada,0
165,P000147,Cliente 181,963300,2025-01-15,88.0,0.0,88.0,1.0,0,1,registrado,registrada,0
166,P000175,Cliente 273,964800,2025-01-15,1.0,0.0,1.0,1.0,0,1,registrado,registrada,0
167,P000175,Cliente 273,959400,2025-01-15,1.0,0.0,1.0,1.0,0,1,registrado,registrada,0
168,P000175,Cliente 273,958400,2025-01-15,2.0,0.0,2.0,1.0,0,1,registrado,registrada,0
169,P000175,Cliente 273,958600,2025-01-15,1.0,0.0,1.0,1.0,0,1,registrado,registrada,0
170,P000175,Cliente 273,957400,2025-01-15,1.0,0.0,1.0,1.0,0,1,registrado,registrada,0
171,P000175,Cliente 273,957600,2025-01-15,1.0,0.0,1.0,1.0,0,1,registrado,registrada,0
172,P000175,Cliente 273,955300,2025-01-15,1.0,0.0,1.0,1.0,0,1,registrado,registrada,0
173,P000175,Cliente 273,954200,2025-01-15,2.0,0.0,2.0,1.0,0,1,registrado,registrada,0
174,P000175,Cliente 273,140500,2025-01-15,2.0,0.0,2.0,1.0,0,1,registrado,registrada,0
175,P000175,Cliente 273,953200,2025-01-15,12.0,0.0,12.0,1.0,0,1,registrado,registrada,0
177,P000112,Cliente 094,959200,2025-01-15,1.0,0.0,1.0,1.0,0,1,registrado,registrada,0
178,P000112,Cliente 094,954000,2025-01-15,1.0,0.0,1.0,1.0,0,1,registrado,registrada,0
179,P000112,Cliente 094,981700,2025-01-15,5.0,0.0,5.0,1.0,0,1,registrado,registrada,0
180,P000170,Cliente 103,948700,2025-01-15,10.0,0.0,10.0,1.0,0,1,estimado_nao_verificado,registrada,0
181,P000170,Cliente 103,949300,2025-01-15,30.0,0.0,30.0,1.0,0,1,estimado_nao_verificado,registrada,0
182,P000170,Cliente 103,950400,2025-01-15,20.0,0.0,20.0,1.0,0,1,estimado_nao_verificado,registrada,0
183,P000150,Cliente 164,949000,2025-01-16,20.0,0.0,20.0,1.0,0,1,registrado,registrada,0
184,P000150,Cliente 164,962000,2025-01-16,100.0,0.0,100.0,1.0,0,1,registrado,registrada,0
185,P000150,Cliente 164,981700,2025-01-16,400.0,0.0,400.0,1.0,0,1,registrado,registrada,0
186,P000148,Cliente 089,949000,2025-01-16,20.0,0.0,20.0,1.0,0,1,registrado,registrada,0
187,P000148,Cliente 089,962000,2025-01-16,180.0,0.0,180.0,1.0,0,1,registrado,registrada,0
188,P000161,Cliente 096,954900,2025-01-16,300.0,0.0,300.0,1.0,0,1,registrado,registrada,0
189,P000161,Cliente 096,957000,2025-01-16,300.0,0.0,300.0,1.0,0,1,registrado,registrada,0
190,P000161,Cliente 096,958000,2025-01-16,400.0,0.0,400.0,1.0,0,1,registrado,registrada,0
191,P000080,Cliente 315,961800,2025-01-16,60.0,0.0,60.0,1.0,0,1,registrado,registrada,0
192,P000080,Cliente 315,949300,2025-01-16,40.0,0.0,40.0,1.0,0,1,registrado,registrada,0
193,P000080,Cliente 315,902300,2025-01-16,1100.0,0.0,1100.0,1.0,0,1,registrado,registrada,0
194,P000130,Cliente 315,951400,2025-01-16,4.0,0.0,4.0,1.0,0,1,registrado,registrada,0
195,P000181,Cliente 222,950000,2025-01-16,1.0,0.0,1.0,1.0,0,1,registrado,registrada,0
196,P000181,Cliente 222,951300,2025-01-16,1.0,0.0,1.0,1.0,0,1,registrado,registrada,0
197,P000181,Cliente 222,952300,2025-01-16,1.0,0.0,1.0,1.0,0,1,registrado,registrada,0
198,P000181,Cliente 222,954200,2025-01-16,1.0,0.0,1.0,1.0,0,1,registrado,registrada,0
199,P000181,Cliente 222,955300,2025-01-16,1.0,0.0,1.0,1.0,0,1,registrado,registrada,0
200,P000181,Cliente 222,958400,2025-01-16,1.0,0.0,1.0,1.0,0,1,registrado,registrada,0
201,P000181,Cliente 222,961000,2025-01-16,1.0,0.0,1.0,1.0,0,1,registrado,registrada,0
202,P000180,Cliente 222,966700,2025-01-16,1.0,0.0,1.0,1.0,0,1,registrado,registrada,0
203,P000180,Cliente 222,966800,2025-01-16,25.0,0.0,25.0,1.0,0,1,registrado,registrada,0
204,P000180,Cliente 222,969600,2025-01-16,1.0,0.0,1.0,1.0,0,1,registrado,registrada,0
205,P000180,Cliente 222,971700,2025-01-16,1.0,0.0,1.0,1.0,0,1,registrado,registrada,0
206,P001891,Cliente 365,969600,2025-01-17,60.0,0.0,60.0,1.0,0,1,estimado_nao_verificado,registrada,0
207,P001891,Cliente 365,969400,2025-01-17,11.0,0.0,11.0,1.0,0,1,ausente,registrada,0
208,P001891,Cliente 365,468900,2025-01-17,27.0,0.0,27.0,1.0,0,1,ausente,registrada,0
209,P001891,Cliente 365,971900,2025-01-17,131.0,0.0,131.0,1.0,0,1,ausente,registrada,0
210,P001891,Cliente 365,971700,2025-01-17,10.0,0.0,10.0,1.0,0,1,estimado_nao_verificado,registrada,0
211,P001891,Cliente 365,966500,2025-01-17,25.0,0.0,25.0,1.0,0,1,ausente,registrada,0
212,P001891,Cliente 365,966600,2025-01-17,95.0,0.0,95.0,1.0,0,1,ausente,registrada,0
213,P001891,Cliente 365,966700,2025-01-17,646.0,0.0,646.0,1.0,0,1,estimado_nao_verificado,registrada,0
214,P001891,Cliente 365,966800,2025-01-17,6870.0,0.0,6870.0,1.0,0,1,estimado_nao_verificado,registrada,0
215,P001891,Cliente 365,990400,2025-01-17,5.0,0.0,5.0,1.0,0,1,ausente,registrada,0
216,P001891,Cliente 365,990500,2025-01-17,121.0,0.0,121.0,1.0,0,1,ausente,registrada,0
217,P001891,Cliente 365,970100,2025-01-17,41.0,0.0,41.0,1.0,0,1,ausente,registrada,0
218,P001891,Cliente 365,970500,2025-01-17,5.0,0.0,5.0,1.0,0,1,ausente,registrada,0
219,P001891,Cliente 365,975800,2025-01-17,14.0,0.0,14.0,1.0,0,1,ausente,registrada,0
220,P001891,Cliente 365,967100,2025-01-17,40.0,0.0,40.0,1.0,0,1,ausente,registrada,0
221,P001891,Cliente 365,967800,2025-01-17,68.0,0.0,68.0,1.0,0,1,estimado_nao_verificado,registrada,0
222,P001891,Cliente 365,967900,2025-01-17,78.0,0.0,78.0,1.0,0,1,ausente,registrada,0
223,P000087,Cliente 175,9798,2025-01-17,2.0,0.0,2.0,1.0,0,1,ausente,registrada,0
224,P000087,Cliente 175,979900,2025-01-17,36.0,0.0,36.0,1.0,0,1,ausente,registrada,0
225,P000087,Cliente 175,980000,2025-01-17,236.0,0.0,236.0,1.0,0,1,ausente,registrada,0
226,P000087,Cliente 175,980700,2025-01-17,400.0,0.0,400.0,1.0,0,1,ausente,registrada,0
227,P000087,Cliente 175,980800,2025-01-17,250.0,0.0,250.0,1.0,0,1,ausente,registrada,0
228,P000087,Cliente 175,980100,2025-01-17,200.0,0.0,200.0,1.0,0,1,ausente,registrada,0
229,P000087,Cliente 175,972000,2025-01-17,500.0,0.0,500.0,1.0,0,1,ausente,registrada,0
230,P000087,Cliente 175,980600,2025-01-17,600.0,0.0,600.0,1.0,0,1,ausente,registrada,0
231,P000087,Cliente 175,980500,2025-01-17,100.0,0.0,100.0,1.0,0,1,ausente,registrada,0
233,P000124,Cliente 107,986700,2025-01-17,3.0,0.0,3.0,1.0,0,1,ausente,registrada,0
234,P000124,Cliente 107,958200,2025-01-17,1.0,0.0,1.0,1.0,0,1,ausente,registrada,0
235,P000124,Cliente 107,957200,2025-01-17,1.0,0.0,1.0,1.0,0,1,ausente,registrada,0
236,P000124,Cliente 107,955100,2025-01-17,1.0,0.0,1.0,1.0,0,1,ausente,registrada,0
237,P000124,Cliente 107,954000,2025-01-17,1.0,0.0,1.0,1.0,0,1,estimado_nao_verificado,registrada,0
238,P000123,Cliente 107,966600,2025-01-17,4.0,0.0,4.0,1.0,0,1,ausente,registrada,0
239,P000123,Cliente 107,966700,2025-01-17,3.0,0.0,3.0,1.0,0,1,estimado_nao_verificado,registrada,0
240,P000133,Cliente 148,902200,2025-01-17,500.0,0.0,500.0,1.0,0,1,registrado,registrada,0
241,P000133,Cliente 148,1258,2025-01-17,500.0,0.0,500.0,1.0,0,1,registrado,registrada,0
242,P000133,Cliente 148,978300,2025-01-17,500.0,0.0,500.0,1.0,0,1,registrado,registrada,0
243,P000133,Cliente 148,978500,2025-01-17,500.0,0.0,500.0,1.0,0,1,registrado,registrada,0
244,P000133,Cliente 148,978600,2025-01-17,150.0,0.0,150.0,1.0,0,1,registrado,registrada,0
245,P000133,Cliente 148,987700,2025-01-17,500.0,0.0,500.0,1.0,0,1,registrado,registrada,0
246,P000082,Cliente 061,949300,2025-01-18,400.0,0.0,400.0,1.0,0,1,registrado,registrada,0
247,P000168,Cliente 243,954200,2025-01-20,20.0,0.0,20.0,1.0,0,1,estimado_nao_verificado,registrada,0
248,P000168,Cliente 243,957400,2025-01-20,20.0,0.0,20.0,1.0,0,1,estimado_nao_verificado,registrada,0
249,P000168,Cliente 243,958400,2025-01-20,20.0,0.0,20.0,1.0,0,1,estimado_nao_verificado,registrada,0
250,P000168,Cliente 243,959400,2025-01-20,20.0,0.0,20.0,1.0,0,1,estimado_nao_verificado,registrada,0
251,P000168,Cliente 243,964800,2025-01-20,20.0,0.0,20.0,1.0,0,1,estimado_nao_verificado,registrada,0
252,P000163,Cliente 243,954200,2025-01-20,10.0,0.0,10.0,1.0,0,1,estimado_nao_verificado,registrada,0
253,P000163,Cliente 243,955300,2025-01-20,1.0,0.0,1.0,1.0,0,1,estimado_nao_verificado,registrada,0
254,P000163,Cliente 243,957400,2025-01-20,10.0,0.0,10.0,1.0,0,1,estimado_nao_verificado,registrada,0
255,P000163,Cliente 243,958400,2025-01-20,15.0,0.0,15.0,1.0,0,1,estimado_nao_verificado,registrada,0
256,P000163,Cliente 243,959400,2025-01-20,10.0,0.0,10.0,1.0,0,1,estimado_nao_verificado,registrada,0
257,P000163,Cliente 243,964800,2025-01-20,10.0,0.0,10.0,1.0,0,1,estimado_nao_verificado,registrada,0
258,P000179,Cliente 136,954900,2025-01-20,30.0,0.0,30.0,1.0,0,1,estimado_nao_verificado,registrada,0
259,P000179,Cliente 136,958000,2025-01-20,50.0,0.0,50.0,1.0,0,1,estimado_nao_verificado,registrada,0
260,P000183,Cliente 153,961600,2025-01-20,50.0,0.0,50.0,1.0,0,1,estimado_nao_verificado,registrada,0
261,P000160,Cliente 224,949300,2025-01-20,40.0,0.0,40.0,1.0,0,1,estimado_nao_verificado,registrada,0
262,P000160,Cliente 224,961800,2025-01-20,8.0,0.0,8.0,1.0,0,1,estimado_nao_verificado,registrada,0
263,P000172,Cliente 024,948600,2025-01-20,100.0,0.0,100.0,1.0,0,1,ausente,registrada,0
264,P000172,Cliente 024,953800,2025-01-20,100.0,0.0,100.0,1.0,0,1,estimado_nao_verificado,registrada,0
265,P000172,Cliente 024,954900,2025-01-20,100.0,0.0,100.0,1.0,0,1,estimado_nao_verificado,registrada,0
266,P000172,Cliente 024,957000,2025-01-20,50.0,0.0,50.0,1.0,0,1,estimado_nao_verificado,registrada,0
267,P000172,Cliente 024,959000,2025-01-20,15.0,0.0,15.0,1.0,0,1,ausente,registrada,0
268,P000172,Cliente 024,962100,2025-01-20,50.0,0.0,50.0,1.0,0,1,estimado_nao_verificado,registrada,0
269,P000173,Cliente 024,963400,2025-01-20,50.0,0.0,50.0,1.0,0,1,ausente,registrada,0
270,P000156,Cliente 062,990300,2025-01-20,100.0,0.0,100.0,1.0,0,1,ausente,registrada,0
271,P000169,Cliente 176,953200,2025-01-20,70.0,0.0,70.0,1.0,0,1,estimado_nao_verificado,registrada,0
272,P000159,Cliente 300,953800,2025-01-20,5.0,0.0,5.0,1.0,0,1,estimado_nao_verificado,registrada,0
273,P000159,Cliente 300,954900,2025-01-20,3.0,0.0,3.0,1.0,0,1,estimado_nao_verificado,registrada,0
274,P000159,Cliente 300,957000,2025-01-20,5.0,0.0,5.0,1.0,0,1,estimado_nao_verificado,registrada,0
275,P000159,Cliente 300,958000,2025-01-20,7.0,0.0,7.0,1.0,0,1,estimado_nao_verificado,registrada,0
276,P000159,Cliente 300,965300,2025-01-20,5.0,0.0,5.0,1.0,0,1,estimado_nao_verificado,registrada,0
277,P000162,Cliente 276,948600,2025-01-20,500.0,0.0,500.0,1.0,0,1,ausente,registrada,0
278,P000174,Cliente 316,966800,2025-01-20,200.0,0.0,200.0,1.0,0,1,estimado_nao_verificado,registrada,0
279,P000176,Cliente 316,953200,2025-01-20,5.0,0.0,5.0,1.0,0,1,estimado_nao_verificado,registrada,0
280,P000125,Cliente 073,902300,2025-01-20,32.0,0.0,32.0,1.0,0,1,estimado_nao_verificado,registrada,0
281,P000125,Cliente 073,949300,2025-01-20,8.0,0.0,8.0,1.0,0,1,estimado_nao_verificado,registrada,0
282,P000125,Cliente 073,953800,2025-01-20,5.0,0.0,5.0,1.0,0,1,estimado_nao_verificado,registrada,0
283,P000125,Cliente 073,954900,2025-01-20,5.0,0.0,5.0,1.0,0,1,estimado_nao_verificado,registrada,0
284,P000125,Cliente 073,958000,2025-01-20,5.0,0.0,5.0,1.0,0,1,estimado_nao_verificado,registrada,0
285,P000125,Cliente 073,959000,2025-01-20,5.0,0.0,5.0,1.0,0,1,ausente,registrada,0
286,P000127,Cliente 073,959900,2025-01-20,1.0,0.0,1.0,1.0,0,1,ausente,registrada,0
287,P000089,Cliente 073,959900,2025-01-20,1.0,0.0,1.0,1.0,0,1,ausente,registrada,0
288,P000167,Cliente 248,902100,2025-01-20,9.0,0.0,9.0,1.0,0,1,ausente,registrada,0
289,P000167,Cliente 248,950000,2025-01-20,10.0,0.0,10.0,1.0,0,1,estimado_nao_verificado,registrada,0
290,P000167,Cliente 248,951300,2025-01-20,11.0,0.0,11.0,1.0,0,1,estimado_nao_verificado,registrada,0
291,P000167,Cliente 248,961600,2025-01-20,44.0,0.0,44.0,1.0,0,1,estimado_nao_verificado,registrada,0
292,P000167,Cliente 248,964000,2025-01-20,14.0,0.0,14.0,1.0,0,1,estimado_nao_verificado,registrada,0
293,P000167,Cliente 248,965000,2025-01-20,2.0,0.0,2.0,1.0,0,1,ausente,registrada,0
294,P000157,Cliente 235,950000,2025-01-20,15.0,0.0,15.0,1.0,0,1,estimado_nao_verificado,registrada,0
295,P000157,Cliente 235,951300,2025-01-20,15.0,0.0,15.0,1.0,0,1,estimado_nao_verificado,registrada,0
296,P000157,Cliente 235,953100,2025-01-20,3.0,0.0,3.0,1.0,0,1,ausente,registrada,0
297,P000157,Cliente 235,954200,2025-01-20,1.0,0.0,1.0,1.0,0,1,estimado_nao_verificado,registrada,0
298,P000157,Cliente 235,955300,2025-01-20,1.0,0.0,1.0,1.0,0,1,estimado_nao_verificado,registrada,0
299,P000157,Cliente 235,958400,2025-01-20,1.0,0.0,1.0,1.0,0,1,estimado_nao_verificado,registrada,0
300,P000157,Cliente 235,959400,2025-01-20,1.0,0.0,1.0,1.0,0,1,estimado_nao_verificado,registrada,0
301,P000157,Cliente 235,961000,2025-01-20,5.0,0.0,5.0,1.0,0,1,estimado_nao_verificado,registrada,0
302,P000157,Cliente 235,961500,2025-01-20,10.0,0.0,10.0,1.0,0,1,estimado_nao_verificado,registrada,0
303,P000157,Cliente 235,961600,2025-01-20,15.0,0.0,15.0,1.0,0,1,estimado_nao_verificado,registrada,0
304,P000157,Cliente 235,963900,2025-01-20,5.0,0.0,5.0,1.0,0,1,ausente,registrada,0
305,P000157,Cliente 235,964000,2025-01-20,10.0,0.0,10.0,1.0,0,1,estimado_nao_verificado,registrada,0
306,P000157,Cliente 235,964800,2025-01-20,1.0,0.0,1.0,1.0,0,1,estimado_nao_verificado,registrada,0
307,P000157,Cliente 235,965000,2025-01-20,1.0,0.0,1.0,1.0,0,1,ausente,registrada,0
308,P000157,Cliente 235,981400,2025-01-20,3.0,0.0,3.0,1.0,0,1,ausente,registrada,0
309,P000157,Cliente 235,981500,2025-01-20,10.0,0.0,10.0,1.0,0,1,ausente,registrada,0
320,P000154,Cliente 080,961600,2025-01-20,7.0,0.0,7.0,1.0,0,1,estimado_nao_verificado,registrada,0
321,P000154,Cliente 080,964000,2025-01-20,5.0,0.0,5.0,1.0,0,1,estimado_nao_verificado,registrada,0
322,P000154,Cliente 080,981500,2025-01-20,3.0,0.0,3.0,1.0,0,1,ausente,registrada,0
323,P000151,Cliente 167,902300,2025-01-20,52.0,0.0,52.0,1.0,0,1,estimado_nao_verificado,registrada,0
324,P000151,Cliente 167,953800,2025-01-20,2.0,0.0,2.0,1.0,0,1,estimado_nao_verificado,registrada,0
325,P000151,Cliente 167,956000,2025-01-20,3.0,0.0,3.0,1.0,0,1,estimado_nao_verificado,registrada,0
326,P000151,Cliente 167,958000,2025-01-20,3.0,0.0,3.0,1.0,0,1,estimado_nao_verificado,registrada,0
327,P000151,Cliente 167,959000,2025-01-20,2.0,0.0,2.0,1.0,0,1,ausente,registrada,0
328,P000151,Cliente 167,965300,2025-01-20,2.0,0.0,2.0,1.0,0,1,estimado_nao_verificado,registrada,0
329,P000189,Cliente 120,961600,2025-01-20,8.0,0.0,8.0,1.0,0,1,estimado_nao_verificado,registrada,0
330,P000189,Cliente 120,964000,2025-01-20,5.0,0.0,5.0,1.0,0,1,estimado_nao_verificado,registrada,0
331,P000189,Cliente 120,981500,2025-01-20,5.0,0.0,5.0,1.0,0,1,ausente,registrada,0
332,P000114,Cliente 233,950000,2025-01-20,2.0,0.0,2.0,1.0,0,1,estimado_nao_verificado,registrada,0
333,P000114,Cliente 233,961600,2025-01-20,23.0,0.0,23.0,1.0,0,1,estimado_nao_verificado,registrada,0
334,P000114,Cliente 233,964000,2025-01-20,25.0,0.0,25.0,1.0,0,1,estimado_nao_verificado,registrada,0
335,P000186,Cliente 052,950000,2025-01-20,4.0,0.0,4.0,1.0,0,1,estimado_nao_verificado,registrada,0
336,P000186,Cliente 052,961600,2025-01-20,1.0,0.0,1.0,1.0,0,1,estimado_nao_verificado,registrada,0
337,P000186,Cliente 052,964000,2025-01-20,10.0,0.0,10.0,1.0,0,1,estimado_nao_verificado,registrada,0
338,P000119,Cliente 105,966700,2025-01-20,10.0,0.0,10.0,1.0,0,1,estimado_nao_verificado,registrada,0
339,P000120,Cliente 105,902100,2025-01-20,1.0,0.0,1.0,1.0,0,1,ausente,registrada,0
340,P000120,Cliente 105,950000,2025-01-20,2.0,0.0,2.0,1.0,0,1,estimado_nao_verificado,registrada,0
341,P000120,Cliente 105,951300,2025-01-20,1.0,0.0,1.0,1.0,0,1,estimado_nao_verificado,registrada,0
342,P000120,Cliente 105,961600,2025-01-20,3.0,0.0,3.0,1.0,0,1,estimado_nao_verificado,registrada,0
343,P000120,Cliente 105,964000,2025-01-20,1.0,0.0,1.0,1.0,0,1,estimado_nao_verificado,registrada,0
344,P000153,Cliente 212,950000,2025-01-20,20.0,0.0,20.0,1.0,0,1,estimado_nao_verificado,registrada,0
345,P000153,Cliente 212,961600,2025-01-20,20.0,0.0,20.0,1.0,0,1,estimado_nao_verificado,registrada,0
346,P000153,Cliente 212,964000,2025-01-20,40.0,0.0,40.0,1.0,0,1,estimado_nao_verificado,registrada,0
347,P000153,Cliente 212,981500,2025-01-20,5.0,0.0,5.0,1.0,0,1,ausente,registrada,0
348,P000158,Cliente 078,902300,2025-01-20,30.0,0.0,30.0,1.0,0,1,estimado_nao_verificado,registrada,0
349,P000158,Cliente 078,950100,2025-01-20,10.0,0.0,10.0,1.0,0,1,ausente,registrada,0
350,P000158,Cliente 078,951500,2025-01-20,10.0,0.0,10.0,1.0,0,1,ausente,registrada,0
351,P000158,Cliente 078,953200,2025-01-20,70.0,0.0,70.0,1.0,0,1,estimado_nao_verificado,registrada,0
352,P000158,Cliente 078,962000,2025-01-20,10.0,0.0,10.0,1.0,0,1,estimado_nao_verificado,registrada,0
353,P000158,Cliente 078,964200,2025-01-20,6.0,0.0,6.0,1.0,0,1,ausente,registrada,0
354,P000086,Cliente 061,949300,2025-01-22,400.0,0.0,400.0,1.0,0,1,registrado,registrada,0
355,P000196,Cliente 103,948700,2025-01-22,6.0,0.0,6.0,1.0,0,1,registrado,registrada,0
356,P000196,Cliente 103,949300,2025-01-22,30.0,0.0,30.0,1.0,0,1,registrado,registrada,0
357,P000196,Cliente 103,950400,2025-01-22,40.0,0.0,40.0,1.0,0,1,registrado,registrada,0
358,P001893,Cliente 361,961000,2025-01-22,19.0,0.0,19.0,1.0,0,1,estimado_nao_verificado,registrada,0
359,P001893,Cliente 361,968900,2025-01-22,8.0,0.0,8.0,1.0,0,1,ausente,registrada,0
360,P001893,Cliente 361,972200,2025-01-22,143.0,0.0,143.0,1.0,0,1,ausente,registrada,0
361,P001893,Cliente 361,966200,2025-01-22,42.0,0.0,42.0,1.0,0,1,ausente,registrada,0
362,P001893,Cliente 361,966300,2025-01-22,47.0,0.0,47.0,1.0,0,1,ausente,registrada,0
363,P001893,Cliente 361,966400,2025-01-22,47.0,0.0,47.0,1.0,0,1,ausente,registrada,0
364,P001893,Cliente 361,966500,2025-01-22,18.0,0.0,18.0,1.0,0,1,ausente,registrada,0
365,P001893,Cliente 361,966600,2025-01-22,46.0,0.0,46.0,1.0,0,1,ausente,registrada,0
366,P001893,Cliente 361,966700,2025-01-22,14.0,0.0,14.0,1.0,0,1,estimado_nao_verificado,registrada,0
367,P001893,Cliente 361,966800,2025-01-22,858.0,0.0,858.0,1.0,0,1,estimado_nao_verificado,registrada,0
368,P001893,Cliente 361,990500,2025-01-22,11.0,0.0,11.0,1.0,0,1,ausente,registrada,0
369,P001893,Cliente 361,970100,2025-01-22,11.0,0.0,11.0,1.0,0,1,ausente,registrada,0
370,P001893,Cliente 361,967800,2025-01-22,11.0,0.0,11.0,1.0,0,1,estimado_nao_verificado,registrada,0
371,P001895,Cliente 357,961500,2025-01-22,9.0,0.0,9.0,1.0,0,1,estimado_nao_verificado,registrada,0
372,P001895,Cliente 357,961600,2025-01-22,40.0,0.0,40.0,1.0,0,1,estimado_nao_verificado,registrada,0
373,P001895,Cliente 357,964800,2025-01-22,2.0,0.0,2.0,1.0,0,1,estimado_nao_verificado,registrada,0
374,P001895,Cliente 357,959400,2025-01-22,2.0,0.0,2.0,1.0,0,1,estimado_nao_verificado,registrada,0
375,P001895,Cliente 357,958400,2025-01-22,2.0,0.0,2.0,1.0,0,1,estimado_nao_verificado,registrada,0
376,P001895,Cliente 357,957400,2025-01-22,2.0,0.0,2.0,1.0,0,1,estimado_nao_verificado,registrada,0
377,P001895,Cliente 357,955300,2025-01-22,1.0,0.0,1.0,1.0,0,1,estimado_nao_verificado,registrada,0
378,P001895,Cliente 357,954200,2025-01-22,2.0,0.0,2.0,1.0,0,1,estimado_nao_verificado,registrada,0
379,P001895,Cliente 357,963900,2025-01-22,5.0,0.0,5.0,1.0,0,1,ausente,registrada,0
380,P001895,Cliente 357,964000,2025-01-22,6.0,0.0,6.0,1.0,0,1,estimado_nao_verificado,registrada,0
381,P001895,Cliente 357,961000,2025-01-22,22.0,0.0,22.0,1.0,0,1,estimado_nao_verificado,registrada,0
382,P001895,Cliente 357,969100,2025-01-22,20.0,0.0,20.0,1.0,0,1,ausente,registrada,0
383,P001895,Cliente 357,969300,2025-01-22,1.0,0.0,1.0,1.0,0,1,ausente,registrada,0
384,P001895,Cliente 357,968800,2025-01-22,6.0,0.0,6.0,1.0,0,1,ausente,registrada,0
385,P001895,Cliente 357,968900,2025-01-22,3.0,0.0,3.0,1.0,0,1,ausente,registrada,0
386,P001895,Cliente 357,971500,2025-01-22,20.0,0.0,20.0,1.0,0,1,ausente,registrada,0
387,P001895,Cliente 357,966200,2025-01-22,66.0,0.0,66.0,1.0,0,1,ausente,registrada,0
388,P001895,Cliente 357,966300,2025-01-22,41.0,0.0,41.0,1.0,0,1,ausente,registrada,0
389,P001895,Cliente 357,966400,2025-01-22,97.0,0.0,97.0,1.0,0,1,ausente,registrada,0
390,P001895,Cliente 357,966500,2025-01-22,21.0,0.0,21.0,1.0,0,1,ausente,registrada,0
391,P001895,Cliente 357,966600,2025-01-22,115.0,0.0,115.0,1.0,0,1,ausente,registrada,0
392,P001895,Cliente 357,966700,2025-01-22,24.0,0.0,24.0,1.0,0,1,estimado_nao_verificado,registrada,0
393,P001895,Cliente 357,966800,2025-01-22,1930.0,0.0,1930.0,1.0,0,1,estimado_nao_verificado,registrada,0
394,P001895,Cliente 357,990400,2025-01-22,6.0,0.0,6.0,1.0,0,1,ausente,registrada,0
395,P001895,Cliente 357,990500,2025-01-22,5.0,0.0,5.0,1.0,0,1,ausente,registrada,0
396,P001895,Cliente 357,970000,2025-01-22,6.0,0.0,6.0,1.0,0,1,ausente,registrada,0
397,P001895,Cliente 357,970100,2025-01-22,8.0,0.0,8.0,1.0,0,1,ausente,registrada,0
398,P001895,Cliente 357,970500,2025-01-22,1.0,0.0,1.0,1.0,0,1,ausente,registrada,0
399,P001895,Cliente 357,970200,2025-01-22,16.0,0.0,16.0,1.0,0,1,ausente,registrada,0
400,P001895,Cliente 357,967700,2025-01-22,5.0,0.0,5.0,1.0,0,1,ausente,registrada,0
401,P001895,Cliente 357,967800,2025-01-22,7.0,0.0,7.0,1.0,0,1,estimado_nao_verificado,registrada,0
402,P000182,Cliente 238,954200,2025-01-22,20.0,0.0,20.0,1.0,0,1,estimado_nao_verificado,registrada,0
403,P000182,Cliente 238,955300,2025-01-22,10.0,0.0,10.0,1.0,0,1,estimado_nao_verificado,registrada,0
404,P000182,Cliente 238,957400,2025-01-22,10.0,0.0,10.0,1.0,0,1,estimado_nao_verificado,registrada,0
405,P000182,Cliente 238,958400,2025-01-22,20.0,0.0,20.0,1.0,0,1,estimado_nao_verificado,registrada,0
406,P000182,Cliente 238,959400,2025-01-22,10.0,0.0,10.0,1.0,0,1,estimado_nao_verificado,registrada,0
407,P000182,Cliente 238,960200,2025-01-22,10.0,0.0,10.0,1.0,0,1,ausente,registrada,0
408,P000182,Cliente 238,964800,2025-01-22,20.0,0.0,20.0,1.0,0,1,estimado_nao_verificado,registrada,0
409,P000177,Cliente 151,982700,2025-01-22,160.0,0.0,160.0,1.0,0,1,ausente,registrada,0
410,P000190,Cliente 075,957000,2025-01-23,200.0,0.0,200.0,1.0,0,1,registrado,registrada,0
411,P000190,Cliente 075,958000,2025-01-23,200.0,0.0,200.0,1.0,0,1,registrado,registrada,0
412,P000190,Cliente 075,962100,2025-01-23,300.0,0.0,300.0,1.0,0,1,registrado,registrada,0
413,P000190,Cliente 075,982000,2025-01-23,300.0,0.0,300.0,1.0,0,1,registrado,registrada,0
414,P000206,Cliente 169,949300,2025-01-24,600.0,0.0,600.0,1.0,0,1,registrado,registrada,0
415,P000206,Cliente 169,961800,2025-01-24,20.0,0.0,20.0,1.0,0,1,registrado,registrada,0
416,P000193,Cliente 060,966600,2025-01-24,700.0,0.0,700.0,1.0,0,1,registrado,registrada,0
417,P000193,Cliente 060,966700,2025-01-24,700.0,0.0,700.0,1.0,0,1,registrado,registrada,0
418,P000193,Cliente 060,990500,2025-01-24,30.0,0.0,30.0,1.0,0,1,registrado,registrada,0
419,P000261,Cliente 245,952400,2025-01-24,2.0,0.0,2.0,1.0,0,1,registrado,registrada,0
420,P000261,Cliente 245,964700,2025-01-24,3.0,0.0,3.0,1.0,0,1,registrado,registrada,0
421,P000261,Cliente 245,958300,2025-01-24,3.0,0.0,3.0,1.0,0,1,registrado,registrada,0
422,P000261,Cliente 245,955200,2025-01-24,2.0,0.0,2.0,1.0,0,1,registrado,registrada,0
423,P000261,Cliente 245,954100,2025-01-24,4.0,0.0,4.0,1.0,0,1,registrado,registrada,0
424,P000261,Cliente 245,948700,2025-01-24,2.0,0.0,2.0,1.0,0,1,registrado,registrada,0
425,P000261,Cliente 245,951400,2025-01-24,3.0,0.0,3.0,1.0,0,1,registrado,registrada,0
426,P000210,Cliente 249,961600,2025-01-24,15.0,0.0,15.0,1.0,0,1,estimado_nao_verificado,registrada,0
427,P000210,Cliente 249,964000,2025-01-24,5.0,0.0,5.0,1.0,0,1,estimado_nao_verificado,registrada,0
431,P000141,Cliente 296,949800,2025-01-24,1.0,0.0,1.0,1.0,0,1,ausente,registrada,0
432,P000141,Cliente 296,951100,2025-01-24,1.0,0.0,1.0,1.0,0,1,ausente,registrada,0
433,P000141,Cliente 296,954200,2025-01-24,1.0,0.0,1.0,1.0,0,1,estimado_nao_verificado,registrada,0
434,P000141,Cliente 296,955300,2025-01-24,1.0,0.0,1.0,1.0,0,1,estimado_nao_verificado,registrada,0
435,P000141,Cliente 296,957400,2025-01-24,1.0,0.0,1.0,1.0,0,1,estimado_nao_verificado,registrada,0
436,P000141,Cliente 296,958400,2025-01-24,1.0,0.0,1.0,1.0,0,1,estimado_nao_verificado,registrada,0
437,P000141,Cliente 296,959400,2025-01-24,1.0,0.0,1.0,1.0,0,1,estimado_nao_verificado,registrada,0
438,P000141,Cliente 296,960200,2025-01-24,1.0,0.0,1.0,1.0,0,1,ausente,registrada,0
439,P000141,Cliente 296,961200,2025-01-24,1.0,0.0,1.0,1.0,0,1,ausente,registrada,0
440,P000141,Cliente 296,961600,2025-01-24,10.0,0.0,10.0,1.0,0,1,estimado_nao_verificado,registrada,0
441,P000141,Cliente 296,964000,2025-01-24,10.0,0.0,10.0,1.0,0,1,estimado_nao_verificado,registrada,0
442,P000141,Cliente 296,964800,2025-01-24,1.0,0.0,1.0,1.0,0,1,estimado_nao_verificado,registrada,0
443,P000141,Cliente 296,981300,2025-01-24,1.0,0.0,1.0,1.0,0,1,ausente,registrada,0
444,P000141,Cliente 296,981500,2025-01-24,5.0,0.0,5.0,1.0,0,1,ausente,registrada,0
445,P000139,Cliente 255,961600,2025-01-24,15.0,0.0,15.0,1.0,0,1,estimado_nao_verificado,registrada,0
446,P000139,Cliente 255,964000,2025-01-24,5.0,0.0,5.0,1.0,0,1,estimado_nao_verificado,registrada,0
449,P000209,Cliente 291,961600,2025-01-24,130.0,0.0,130.0,1.0,0,1,estimado_nao_verificado,registrada,0
450,P000209,Cliente 291,964000,2025-01-24,70.0,0.0,70.0,1.0,0,1,estimado_nao_verificado,registrada,0
451,P000217,Cliente 209,961600,2025-01-24,10.0,0.0,10.0,1.0,0,1,estimado_nao_verificado,registrada,0
452,P000217,Cliente 209,964000,2025-01-24,10.0,0.0,10.0,1.0,0,1,estimado_nao_verificado,registrada,0
453,P000192,Cliente 218,961600,2025-01-24,12.0,0.0,12.0,1.0,0,1,estimado_nao_verificado,registrada,0
454,P000192,Cliente 218,961800,2025-01-24,8.0,0.0,8.0,1.0,0,1,estimado_nao_verificado,registrada,0
455,P000166,Cliente 190,954200,2025-01-24,1.0,0.0,1.0,1.0,0,1,estimado_nao_verificado,registrada,0
456,P000166,Cliente 190,955300,2025-01-24,1.0,0.0,1.0,1.0,0,1,estimado_nao_verificado,registrada,0
457,P000166,Cliente 190,957400,2025-01-24,1.0,0.0,1.0,1.0,0,1,estimado_nao_verificado,registrada,0
458,P000166,Cliente 190,958400,2025-01-24,1.0,0.0,1.0,1.0,0,1,estimado_nao_verificado,registrada,0
459,P000166,Cliente 190,959400,2025-01-24,1.0,0.0,1.0,1.0,0,1,estimado_nao_verificado,registrada,0
460,P000166,Cliente 190,960200,2025-01-24,1.0,0.0,1.0,1.0,0,1,ausente,registrada,0
461,P000166,Cliente 190,964800,2025-01-24,1.0,0.0,1.0,1.0,0,1,estimado_nao_verificado,registrada,0
465,P000143,Cliente 199,954200,2025-01-24,2.0,0.0,2.0,1.0,0,1,estimado_nao_verificado,registrada,0
466,P000143,Cliente 199,955300,2025-01-24,2.0,0.0,2.0,1.0,0,1,estimado_nao_verificado,registrada,0
467,P000143,Cliente 199,957400,2025-01-24,2.0,0.0,2.0,1.0,0,1,estimado_nao_verificado,registrada,0
468,P000143,Cliente 199,958400,2025-01-24,2.0,0.0,2.0,1.0,0,1,estimado_nao_verificado,registrada,0
469,P000143,Cliente 199,959400,2025-01-24,2.0,0.0,2.0,1.0,0,1,estimado_nao_verificado,registrada,0
470,P000143,Cliente 199,960200,2025-01-24,2.0,0.0,2.0,1.0,0,1,ausente,registrada,0
471,P000143,Cliente 199,961600,2025-01-24,10.0,0.0,10.0,1.0,0,1,estimado_nao_verificado,registrada,0
472,P000143,Cliente 199,964000,2025-01-24,5.0,0.0,5.0,1.0,0,1,estimado_nao_verificado,registrada,0
473,P000143,Cliente 199,964800,2025-01-24,2.0,0.0,2.0,1.0,0,1,estimado_nao_verificado,registrada,0
474,P000136,Cliente 215,950000,2025-01-24,5.0,0.0,5.0,1.0,0,1,estimado_nao_verificado,registrada,0
475,P000136,Cliente 215,961600,2025-01-24,30.0,0.0,30.0,1.0,0,1,estimado_nao_verificado,registrada,0
476,P000065,Cliente 204,961600,2025-01-24,35.0,0.0,35.0,1.0,0,1,estimado_nao_verificado,registrada,0
477,P000140,Cliente 204,961600,2025-01-24,20.0,0.0,20.0,1.0,0,1,estimado_nao_verificado,registrada,0
478,P000137,Cliente 258,961600,2025-01-24,20.0,0.0,20.0,1.0,0,1,estimado_nao_verificado,registrada,1
479,P000137,Cliente 258,964000,2025-01-24,10.0,0.0,10.0,1.0,0,1,estimado_nao_verificado,registrada,1
480,P000142,Cliente 292,961200,2025-01-24,10.0,0.0,10.0,1.0,0,1,ausente,registrada,0
481,P000142,Cliente 292,961600,2025-01-24,20.0,0.0,20.0,1.0,0,1,estimado_nao_verificado,registrada,0
482,P000142,Cliente 292,963600,2025-01-24,5.0,0.0,5.0,1.0,0,1,ausente,registrada,0
483,P000137,Cliente 258,961600,2025-01-24,20.0,0.0,20.0,1.0,0,1,estimado_nao_verificado,registrada,1
484,P000137,Cliente 258,964000,2025-01-24,10.0,0.0,10.0,1.0,0,1,estimado_nao_verificado,registrada,1
485,P000165,Cliente 203,966800,2025-01-25,2688.0,0.0,2688.0,1.0,0,1,registrado,registrada,0
486,P000164,Cliente 203,961600,2025-01-25,500.0,0.0,500.0,1.0,0,1,registrado,registrada,0
487,P000164,Cliente 203,964000,2025-01-25,100.0,0.0,100.0,1.0,0,1,registrado,registrada,0
488,P000194,Cliente 286,902300,2025-01-27,80.0,0.0,80.0,1.0,0,1,registrado,registrada,0
489,P000085,Cliente 061,950400,2025-01-27,400.0,0.0,400.0,1.0,0,1,registrado,registrada,0
490,P000187,Cliente 311,966400,2025-01-27,30.0,0.0,30.0,1.0,0,1,registrado,registrada,0
491,P000073,Cliente 095,974500,2025-01-27,1000.0,0.0,1000.0,1.0,0,1,registrado,registrada,0
492,P000073,Cliente 095,975000,2025-01-27,900.0,0.0,900.0,1.0,0,1,registrado,registrada,0
493,P000073,Cliente 095,974700,2025-01-27,1600.0,0.0,1600.0,1.0,0,1,registrado,registrada,0
494,P000171,Cliente 076,902300,2025-01-27,160.0,0.0,160.0,1.0,0,1,registrado,registrada,0
495,P000075,Cliente 092,951400,2025-01-27,40.0,0.0,40.0,1.0,0,1,registrado,registrada,0
496,P000076,Cliente 092,902300,2025-01-27,240.0,0.0,240.0,1.0,0,1,registrado,registrada,0
497,P000077,Cliente 092,902300,2025-01-27,240.0,0.0,240.0,1.0,0,1,registrado,registrada,0
498,P000198,Cliente 192,950000,2025-01-28,2.0,0.0,2.0,1.0,0,1,registrado,registrada,0
499,P000198,Cliente 192,961600,2025-01-28,100.0,0.0,100.0,1.0,0,1,registrado,registrada,0
500,P000198,Cliente 192,964000,2025-01-28,70.0,0.0,70.0,1.0,0,1,registrado,registrada,0
501,P000197,Cliente 191,950000,2025-01-28,4.0,0.0,4.0,1.0,0,1,registrado,registrada,0
502,P000197,Cliente 191,961600,2025-01-28,170.0,0.0,170.0,1.0,0,1,registrado,registrada,0
503,P000197,Cliente 191,964000,2025-01-28,150.0,0.0,150.0,1.0,0,1,registrado,registrada,0
504,P000201,Cliente 195,950000,2025-01-28,4.0,0.0,4.0,1.0,0,1,registrado,registrada,0
505,P000201,Cliente 195,961600,2025-01-28,32.0,0.0,32.0,1.0,0,1,registrado,registrada,0
506,P000201,Cliente 195,964000,2025-01-28,20.0,0.0,20.0,1.0,0,1,registrado,registrada,0
510,P000199,Cliente 193,961600,2025-01-28,70.0,0.0,70.0,1.0,0,1,registrado,registrada,0
511,P000199,Cliente 193,964000,2025-01-28,60.0,0.0,60.0,1.0,0,1,registrado,registrada,0
512,P000275,Cliente 222,966800,2025-01-28,35.0,0.0,35.0,1.0,0,1,estimado_nao_verificado,registrada,0
513,P000275,Cliente 222,969600,2025-01-28,1.0,0.0,1.0,1.0,0,1,estimado_nao_verificado,registrada,0
514,P000275,Cliente 222,970000,2025-01-28,1.0,0.0,1.0,1.0,0,1,ausente,registrada,0
515,P000275,Cliente 222,971700,2025-01-28,1.0,0.0,1.0,1.0,0,1,estimado_nao_verificado,registrada,0
516,P000274,Cliente 222,952300,2025-01-28,1.0,1.0,2.0,0.5,1,1,ausente,registrada,0
517,P000274,Cliente 222,953100,2025-01-28,1.0,0.0,1.0,1.0,0,1,ausente,registrada,0
518,P000218,Cliente 114,949300,2025-01-28,50.0,0.0,50.0,1.0,0,1,registrado,registrada,0
519,P000260,Cliente 067,961000,2025-01-28,15.0,0.0,15.0,1.0,0,1,estimado_nao_verificado,registrada,0
520,P000260,Cliente 067,966500,2025-01-28,5.0,0.0,5.0,1.0,0,1,ausente,registrada,0
521,P000260,Cliente 067,966800,2025-01-28,150.0,0.0,150.0,1.0,0,1,estimado_nao_verificado,registrada,0
522,P000260,Cliente 067,967700,2025-01-28,5.0,0.0,5.0,1.0,0,1,ausente,registrada,0
523,P000260,Cliente 067,967800,2025-01-28,10.0,0.0,10.0,1.0,0,1,estimado_nao_verificado,registrada,0
524,P000260,Cliente 067,970100,2025-01-28,15.0,0.0,15.0,1.0,0,1,ausente,registrada,0
525,P000260,Cliente 067,970900,2025-01-28,4.0,0.0,4.0,1.0,0,1,ausente,registrada,0
526,P000260,Cliente 067,972200,2025-01-28,30.0,0.0,30.0,1.0,0,1,ausente,registrada,0
527,P000260,Cliente 067,990500,2025-01-28,10.0,0.0,10.0,1.0,0,1,estimado_nao_verificado,registrada,0
528,P000215,Cliente 158,961600,2025-01-28,30.0,0.0,30.0,1.0,0,1,registrado,registrada,0
529,P000215,Cliente 158,964000,2025-01-28,15.0,0.0,15.0,1.0,0,1,registrado,registrada,0
530,P000191,Cliente 241,961600,2025-01-28,30.0,0.0,30.0,1.0,0,1,registrado,registrada,0
531,P000191,Cliente 241,964000,2025-01-28,10.0,0.0,10.0,1.0,0,1,registrado,registrada,0
532,P000216,Cliente 168,961500,2025-01-28,10.0,0.0,10.0,1.0,0,1,registrado,registrada,0
533,P000216,Cliente 168,961600,2025-01-28,20.0,0.0,20.0,1.0,0,1,registrado,registrada,0
534,P000211,Cliente 151,982700,2025-01-28,200.0,0.0,200.0,1.0,0,1,registrado,registrada,0
535,P000188,Cliente 065,966300,2025-01-28,60.0,0.0,60.0,1.0,0,1,ausente,registrada,0
536,P000188,Cliente 065,966400,2025-01-28,60.0,0.0,60.0,1.0,0,1,estimado_nao_verificado,registrada,0
537,P001894,Cliente 365,969600,2025-01-29,13.0,0.0,13.0,1.0,0,1,estimado_nao_verificado,registrada,0
538,P001894,Cliente 365,969400,2025-01-29,2.0,0.0,2.0,1.0,0,1,ausente,registrada,0
539,P001894,Cliente 365,968900,2025-01-29,4.0,0.0,4.0,1.0,0,1,ausente,registrada,0
540,P001894,Cliente 365,971900,2025-01-29,13.0,0.0,13.0,1.0,0,1,ausente,registrada,0
541,P001894,Cliente 365,971700,2025-01-29,2.0,0.0,2.0,1.0,0,1,estimado_nao_verificado,registrada,0
542,P001894,Cliente 365,966500,2025-01-29,2.0,0.0,2.0,1.0,0,1,ausente,registrada,0
543,P001894,Cliente 365,966700,2025-01-29,543.0,0.0,543.0,1.0,0,1,estimado_nao_verificado,registrada,0
544,P001894,Cliente 365,966800,2025-01-29,6615.0,0.0,6615.0,1.0,0,1,estimado_nao_verificado,registrada,0
545,P001894,Cliente 365,990500,2025-01-29,37.0,0.0,37.0,1.0,0,1,estimado_nao_verificado,registrada,0
546,P001894,Cliente 365,970100,2025-01-29,34.0,0.0,34.0,1.0,0,1,ausente,registrada,0
547,P001894,Cliente 365,970500,2025-01-29,2.0,0.0,2.0,1.0,0,1,ausente,registrada,0
548,P001894,Cliente 365,975800,2025-01-29,240.0,0.0,240.0,1.0,0,1,ausente,registrada,0
549,P001894,Cliente 365,967100,2025-01-29,50.0,0.0,50.0,1.0,0,1,ausente,registrada,0
550,P001894,Cliente 365,967800,2025-01-29,145.0,0.0,145.0,1.0,0,1,estimado_nao_verificado,registrada,0
551,P001894,Cliente 365,967900,2025-01-29,155.0,0.0,155.0,1.0,0,1,ausente,registrada,0
552,P000084,Cliente 061,949300,2025-01-29,400.0,0.0,400.0,1.0,0,1,estimado_nao_verificado,registrada,0
553,P000259,Cliente 077,961600,2025-01-29,1.0,0.0,1.0,1.0,0,1,estimado_nao_verificado,registrada,0
554,P000259,Cliente 077,964000,2025-01-29,1.0,0.0,1.0,1.0,0,1,estimado_nao_verificado,registrada,0
555,P000246,Cliente 077,902100,2025-01-29,3.0,0.0,3.0,1.0,0,1,ausente,registrada,0
556,P000246,Cliente 077,950000,2025-01-29,10.0,0.0,10.0,1.0,0,1,estimado_nao_verificado,registrada,0
557,P000246,Cliente 077,951300,2025-01-29,10.0,0.0,10.0,1.0,0,1,estimado_nao_verificado,registrada,0
558,P000246,Cliente 077,961600,2025-01-29,12.0,0.0,12.0,1.0,0,1,estimado_nao_verificado,registrada,0
559,P000246,Cliente 077,964000,2025-01-29,12.0,0.0,12.0,1.0,0,1,estimado_nao_verificado,registrada,0
560,P000246,Cliente 077,981500,2025-01-29,3.0,0.0,3.0,1.0,0,1,ausente,registrada,0
561,P000202,Cliente 079,961600,2025-01-29,10.0,0.0,10.0,1.0,0,1,estimado_nao_verificado,registrada,0
562,P000202,Cliente 079,964000,2025-01-29,5.0,0.0,5.0,1.0,0,1,estimado_nao_verificado,registrada,0
563,P000203,Cliente 079,966800,2025-01-29,10.0,0.0,10.0,1.0,0,1,estimado_nao_verificado,registrada,0
564,P000185,Cliente 210,950000,2025-01-29,10.0,0.0,10.0,1.0,0,1,estimado_nao_verificado,registrada,0
565,P000266,Cliente 289,950000,2025-01-29,10.0,0.0,10.0,1.0,0,1,estimado_nao_verificado,registrada,0
566,P000266,Cliente 289,961600,2025-01-29,58.0,0.0,58.0,1.0,0,1,estimado_nao_verificado,registrada,0
567,P000266,Cliente 289,964000,2025-01-29,58.0,0.0,58.0,1.0,0,1,estimado_nao_verificado,registrada,0
568,P001881,Cliente 259,902300,2025-01-29,200.0,0.0,200.0,1.0,0,1,estimado_nao_verificado,registrada,0
569,P001881,Cliente 259,949300,2025-01-29,80.0,0.0,80.0,1.0,0,1,estimado_nao_verificado,registrada,0
570,P001881,Cliente 259,966800,2025-01-29,1.0,0.0,1.0,1.0,0,1,estimado_nao_verificado,registrada,0
571,P000265,Cliente 251,900100,2025-01-29,16.0,0.0,16.0,1.0,0,1,ausente,registrada,0
572,P000219,Cliente 072,903200,2025-01-29,8.0,0.0,8.0,1.0,0,1,ausente,registrada,0
573,P000219,Cliente 072,950000,2025-01-29,1.0,0.0,1.0,1.0,0,1,estimado_nao_verificado,registrada,0
574,P000219,Cliente 072,950100,2025-01-29,15.0,0.0,15.0,1.0,0,1,ausente,registrada,0
575,P000219,Cliente 072,951200,2025-01-29,2.0,0.0,2.0,1.0,0,1,ausente,registrada,0
576,P000219,Cliente 072,951500,2025-01-29,25.0,0.0,25.0,1.0,0,1,ausente,registrada,0
577,P000219,Cliente 072,953200,2025-01-29,5.0,0.0,5.0,1.0,0,1,estimado_nao_verificado,registrada,0
578,P000219,Cliente 072,956000,2025-01-29,20.0,0.0,20.0,1.0,0,1,estimado_nao_verificado,registrada,0
579,P000219,Cliente 072,958000,2025-01-29,20.0,0.0,20.0,1.0,0,1,estimado_nao_verificado,registrada,0
580,P000219,Cliente 072,959000,2025-01-29,20.0,0.0,20.0,1.0,0,1,ausente,registrada,0
581,P000205,Cliente 108,902300,2025-01-29,20.0,0.0,20.0,1.0,0,1,estimado_nao_verificado,registrada,0
582,P000205,Cliente 108,949800,2025-01-29,100.0,0.0,100.0,1.0,0,1,ausente,registrada,0
583,P000255,Cliente 213,950000,2025-01-29,20.0,0.0,20.0,1.0,0,1,estimado_nao_verificado,registrada,0
584,P000272,Cliente 094,959200,2025-01-29,1.0,0.0,1.0,1.0,0,1,estimado_nao_verificado,registrada,0
585,P000272,Cliente 094,958200,2025-01-29,1.0,0.0,1.0,1.0,0,1,ausente,registrada,0
586,P000272,Cliente 094,955100,2025-01-29,1.0,0.0,1.0,1.0,0,1,ausente,registrada,0
587,P000272,Cliente 094,954000,2025-01-29,1.0,0.0,1.0,1.0,0,1,estimado_nao_verificado,registrada,0
588,P000272,Cliente 094,981700,2025-01-29,5.0,0.0,5.0,1.0,0,1,estimado_nao_verificado,registrada,0
589,P000145,Cliente 128,949300,2025-01-29,900.0,0.0,900.0,1.0,0,1,registrado,registrada,0
590,P000208,Cliente 024,949200,2025-01-30,50.0,0.0,50.0,1.0,0,1,ausente,registrada,0
591,P000208,Cliente 024,951600,2025-01-30,150.0,0.0,150.0,1.0,0,1,estimado_nao_verificado,registrada,0
592,P000208,Cliente 024,957000,2025-01-30,25.0,0.0,25.0,1.0,0,1,estimado_nao_verificado,registrada,0
593,P000208,Cliente 024,958000,2025-01-30,100.0,0.0,100.0,1.0,0,1,estimado_nao_verificado,registrada,0
594,P000208,Cliente 024,959000,2025-01-30,15.0,0.0,15.0,1.0,0,1,ausente,registrada,0
595,P000208,Cliente 024,965300,2025-01-30,30.0,0.0,30.0,1.0,0,1,estimado_nao_verificado,registrada,0
596,P000220,Cliente 024,147100,2025-01-30,30.0,0.0,30.0,1.0,0,1,ausente,registrada,0
598,P000227,Cliente 024,1466,2025-01-30,30.0,0.0,30.0,1.0,0,1,ausente,registrada,0
599,P000248,Cliente 024,1465,2025-01-30,30.0,0.0,30.0,1.0,0,1,ausente,registrada,0
602,P000244,Cliente 024,146910,2025-01-30,40.0,0.0,40.0,1.0,0,1,ausente,registrada,0
603,P000232,Cliente 024,146910,2025-01-30,30.0,0.0,30.0,1.0,0,1,ausente,registrada,0
606,P000220,Cliente 024,146511,2025-01-30,100.0,0.0,100.0,1.0,0,1,ausente,registrada,0
609,P000229,Cliente 024,146411,2025-01-30,12.0,0.0,12.0,1.0,0,1,ausente,registrada,0
610,P000228,Cliente 024,146601,2025-01-30,32.0,0.0,32.0,1.0,0,1,ausente,registrada,0
611,P000239,Cliente 024,987300,2025-01-30,27.0,0.0,27.0,1.0,0,1,ausente,registrada,0
613,P000231,Cliente 024,146910,2025-01-30,22.0,0.0,22.0,1.0,0,1,ausente,registrada,0
614,P000249,Cliente 024,987350,2025-01-30,31.0,0.0,31.0,1.0,0,1,ausente,registrada,0
616,P000243,Cliente 024,987330,2025-01-30,80.0,0.0,80.0,1.0,0,1,ausente,registrada,0
617,P000222,Cliente 024,146501,2025-01-30,50.0,0.0,50.0,1.0,0,1,ausente,registrada,0
624,P000221,Cliente 024,146521,2025-01-30,12.0,0.0,12.0,1.0,0,1,ausente,registrada,0
628,P000238,Cliente 024,987380,2025-01-30,230.0,0.0,230.0,1.0,0,1,ausente,registrada,0
629,P000242,Cliente 024,987310,2025-01-30,50.0,0.0,50.0,1.0,0,1,ausente,registrada,0
630,P000240,Cliente 024,987310,2025-01-30,30.0,0.0,30.0,1.0,0,1,ausente,registrada,0
631,P000297,Cliente 107,949300,2025-01-30,4.0,0.0,4.0,1.0,0,1,registrado,registrada,0
632,P000271,Cliente 099,962100,2025-02-06,800.0,0.0,800.0,1.0,0,1,registrado,registrada,0
633,P000270,Cliente 057,961600,2025-01-31,35.0,0.0,35.0,1.0,0,1,registrado,registrada,0
634,P000270,Cliente 057,964000,2025-01-31,15.0,0.0,15.0,1.0,0,1,registrado,registrada,0
635,P000234,Cliente 144,961600,2025-01-31,30.0,0.0,30.0,1.0,0,1,registrado,registrada,0
636,P000234,Cliente 144,964000,2025-01-31,10.0,0.0,10.0,1.0,0,1,registrado,registrada,0
637,P000277,Cliente 053,953800,2025-01-31,300.0,0.0,300.0,1.0,0,1,registrado,registrada,0
638,P000277,Cliente 053,954900,2025-01-31,400.0,0.0,400.0,1.0,0,1,registrado,registrada,0
639,P000277,Cliente 053,958000,2025-01-31,400.0,0.0,400.0,1.0,0,1,registrado,registrada,0
640,P000195,Cliente 313,954900,2025-02-01,200.0,0.0,200.0,1.0,0,1,registrado,registrada,0
641,P000195,Cliente 313,957000,2025-02-01,200.0,0.0,200.0,1.0,0,1,registrado,registrada,0
642,P000195,Cliente 313,958000,2025-02-01,200.0,0.0,200.0,1.0,0,1,registrado,registrada,0
643,P000285,Cliente 302,950100,2025-02-01,400.0,0.0,400.0,1.0,0,1,ausente,registrada,0
644,P000285,Cliente 302,962000,2025-02-01,100.0,0.0,100.0,1.0,0,1,estimado_nao_verificado,registrada,0
645,P000285,Cliente 302,981900,2025-02-01,200.0,0.0,200.0,1.0,0,1,ausente,registrada,0
646,P000286,Cliente 301,950100,2025-02-01,100.0,0.0,100.0,1.0,0,1,ausente,registrada,0
647,P000286,Cliente 301,962000,2025-02-01,100.0,0.0,100.0,1.0,0,1,estimado_nao_verificado,registrada,0
648,P000286,Cliente 301,981900,2025-02-01,100.0,0.0,100.0,1.0,0,1,ausente,registrada,0
649,P000083,Cliente 061,949300,2025-02-03,400.0,0.0,400.0,1.0,0,1,registrado,registrada,0
650,P000300,Cliente 166,966400,2025-02-03,25.0,0.0,25.0,1.0,0,1,registrado,registrada,0
651,P000306,Cliente 176,953200,2025-02-03,70.0,0.0,70.0,1.0,0,1,registrado,registrada,0
652,P000298,Cliente 068,948700,2025-02-03,56.0,0.0,56.0,1.0,0,1,registrado,registrada,0
653,P000307,Cliente 145,961600,2025-02-03,22.0,0.0,22.0,1.0,0,1,registrado,registrada,0
654,P000307,Cliente 145,964000,2025-02-03,25.0,0.0,25.0,1.0,0,1,registrado,registrada,0
655,P000307,Cliente 145,981500,2025-02-03,3.0,0.0,3.0,1.0,0,1,registrado,registrada,0
656,P000293,Cliente 065,961000,2025-02-03,80.0,0.0,80.0,1.0,0,1,registrado,registrada,0
657,P001896,Cliente 357,902300,2025-02-03,15.0,0.0,15.0,1.0,0,1,registrado,registrada,0
658,P001896,Cliente 357,961500,2025-02-03,37.0,0.0,37.0,1.0,0,1,registrado,registrada,0
659,P001896,Cliente 357,961600,2025-02-03,47.0,0.0,47.0,1.0,0,1,registrado,registrada,0
660,P001896,Cliente 357,964800,2025-02-03,1.0,0.0,1.0,1.0,0,1,registrado,registrada,0
661,P001896,Cliente 357,958400,2025-02-03,1.0,0.0,1.0,1.0,0,1,registrado,registrada,0
662,P001896,Cliente 357,981400,2025-02-03,1.0,0.0,1.0,1.0,0,1,registrado,registrada,0
663,P001896,Cliente 357,981500,2025-02-03,1.0,0.0,1.0,1.0,0,1,registrado,registrada,0
664,P001896,Cliente 357,963900,2025-02-03,12.0,0.0,12.0,1.0,0,1,registrado,registrada,0
665,P001896,Cliente 357,964000,2025-02-03,16.0,0.0,16.0,1.0,0,1,registrado,registrada,0
666,P001896,Cliente 357,961000,2025-02-03,35.0,0.0,35.0,1.0,0,1,registrado,registrada,0
667,P001896,Cliente 357,969100,2025-02-03,2.0,0.0,2.0,1.0,0,1,ausente,registrada,0
668,P001896,Cliente 357,968800,2025-02-03,4.0,0.0,4.0,1.0,0,1,ausente,registrada,0
669,P001896,Cliente 357,968900,2025-02-03,4.0,0.0,4.0,1.0,0,1,ausente,registrada,0
670,P001896,Cliente 357,971500,2025-02-03,2.0,0.0,2.0,1.0,0,1,ausente,registrada,0
671,P001896,Cliente 357,972200,2025-02-03,24.0,0.0,24.0,1.0,0,1,ausente,registrada,0
672,P001896,Cliente 357,966200,2025-02-03,54.0,0.0,54.0,1.0,0,1,ausente,registrada,0
673,P001896,Cliente 357,966300,2025-02-03,47.0,0.0,47.0,1.0,0,1,ausente,registrada,0
674,P001896,Cliente 357,966500,2025-02-03,69.0,0.0,69.0,1.0,0,1,ausente,registrada,0
675,P001896,Cliente 357,966500,2025-02-03,22.0,0.0,22.0,1.0,0,1,ausente,registrada,0
676,P001896,Cliente 357,966600,2025-02-03,146.0,0.0,146.0,1.0,0,1,estimado_nao_verificado,registrada,0
677,P001896,Cliente 357,966700,2025-02-03,51.0,0.0,51.0,1.0,0,1,estimado_nao_verificado,registrada,0
678,P001896,Cliente 357,966800,2025-02-03,754.0,0.0,754.0,1.0,0,1,estimado_nao_verificado,registrada,0
679,P001896,Cliente 357,990400,2025-02-03,5.0,0.0,5.0,1.0,0,1,ausente,registrada,0
680,P001896,Cliente 357,990500,2025-02-03,5.0,0.0,5.0,1.0,0,1,estimado_nao_verificado,registrada,0
681,P001896,Cliente 357,970000,2025-02-03,4.0,0.0,4.0,1.0,0,1,ausente,registrada,0
682,P001896,Cliente 357,970100,2025-02-03,10.0,0.0,10.0,1.0,0,1,ausente,registrada,0
683,P001896,Cliente 357,970200,2025-02-03,2.0,0.0,2.0,1.0,0,1,ausente,registrada,0
684,P001896,Cliente 357,967700,2025-02-03,5.0,0.0,5.0,1.0,0,1,ausente,registrada,0
685,P001896,Cliente 357,967800,2025-02-03,10.0,0.0,10.0,1.0,0,1,estimado_nao_verificado,registrada,0
686,P000278,Cliente 117,961600,2025-02-03,25.0,0.0,25.0,1.0,0,1,registrado,registrada,0
687,P000284,Cliente 117,961600,2025-02-03,200.0,0.0,200.0,1.0,0,1,registrado,registrada,0
688,P000284,Cliente 117,964000,2025-02-03,200.0,0.0,200.0,1.0,0,1,registrado,registrada,0
689,P000276,Cliente 117,950000,2025-02-03,50.0,0.0,50.0,1.0,0,1,registrado,registrada,0
690,P000276,Cliente 117,961500,2025-02-03,20.0,0.0,20.0,1.0,0,1,registrado,registrada,0
691,P000276,Cliente 117,961600,2025-02-03,550.0,400.0,950.0,0.5789473684210527,1,1,registrado,registrada,0
692,P000276,Cliente 117,963600,2025-02-03,20.0,0.0,20.0,1.0,0,1,registrado,registrada,0
693,P000276,Cliente 117,964000,2025-02-03,550.0,400.0,950.0,0.5789473684210527,1,1,registrado,registrada,0
694,P000276,Cliente 117,981500,2025-02-03,20.0,0.0,20.0,1.0,0,1,registrado,registrada,0
695,P000213,Cliente 182,949300,2025-02-04,40.0,0.0,40.0,1.0,0,1,estimado_nao_verificado,registrada,0
696,P000288,Cliente 172,949300,2025-02-04,40.0,0.0,40.0,1.0,0,1,estimado_nao_verificado,registrada,0
697,P000303,Cliente 201,902300,2025-02-04,16.0,0.0,16.0,1.0,0,1,estimado_nao_verificado,registrada,0
698,P000303,Cliente 201,948700,2025-02-04,30.0,0.0,30.0,1.0,0,1,estimado_nao_verificado,registrada,0
699,P000303,Cliente 201,949300,2025-02-04,2.0,0.0,2.0,1.0,0,1,estimado_nao_verificado,registrada,0
700,P000303,Cliente 201,961600,2025-02-04,18.0,0.0,18.0,1.0,0,1,estimado_nao_verificado,registrada,0
701,P000303,Cliente 201,963100,2025-02-04,16.0,0.0,16.0,1.0,0,1,estimado_nao_verificado,registrada,0
702,P000290,Cliente 185,942100,2025-02-04,500.0,0.0,500.0,1.0,0,1,ausente,registrada,0
703,P000214,Cliente 185,942100,2025-02-04,200.0,0.0,200.0,1.0,0,1,ausente,registrada,0
704,P000214,Cliente 185,949300,2025-02-04,60.0,0.0,60.0,1.0,0,1,estimado_nao_verificado,registrada,0
705,P000214,Cliente 185,961800,2025-02-04,20.0,0.0,20.0,1.0,0,1,estimado_nao_verificado,registrada,0
706,P000317,Cliente 117,961600,2025-02-04,400.0,0.0,400.0,1.0,0,1,registrado,registrada,0
707,P000317,Cliente 117,964000,2025-02-04,400.0,0.0,400.0,1.0,0,1,registrado,registrada,0
708,P000264,Cliente 093,976300,2025-02-05,813.0,0.0,813.0,1.0,0,1,registrado,registrada,0
709,P000264,Cliente 093,976500,2025-02-05,938.0,0.0,938.0,1.0,0,1,registrado,registrada,0
710,P000299,Cliente 310,951600,2025-02-05,80.0,0.0,80.0,1.0,0,1,registrado,registrada,0
711,P000289,Cliente 024,963400,2025-02-05,30.0,0.0,30.0,1.0,0,1,registrado,registrada,0
712,P000287,Cliente 024,902300,2025-02-05,12.0,0.0,12.0,1.0,0,1,registrado,registrada,0
713,P000287,Cliente 024,949200,2025-02-05,200.0,0.0,200.0,1.0,0,1,registrado,registrada,0
714,P000287,Cliente 024,951600,2025-02-05,200.0,0.0,200.0,1.0,0,1,registrado,registrada,0
715,P000287,Cliente 024,962100,2025-02-05,100.0,0.0,100.0,1.0,0,1,registrado,registrada,0
716,P000268,Cliente 205,961500,2025-02-05,15.0,0.0,15.0,1.0,0,1,registrado,registrada,0
717,P000268,Cliente 205,961600,2025-02-05,180.0,0.0,180.0,1.0,0,1,registrado,registrada,0
718,P000268,Cliente 205,963900,2025-02-05,5.0,0.0,5.0,1.0,0,1,registrado,registrada,0
719,P000268,Cliente 205,964000,2025-02-05,40.0,0.0,40.0,1.0,0,1,registrado,registrada,0
720,P000269,Cliente 264,961500,2025-02-05,5.0,0.0,5.0,1.0,0,1,registrado,registrada,0
721,P000269,Cliente 264,961600,2025-02-05,30.0,0.0,30.0,1.0,0,1,registrado,registrada,0
722,P000269,Cliente 264,963900,2025-02-05,2.0,0.0,2.0,1.0,0,1,registrado,registrada,0
723,P000269,Cliente 264,964000,2025-02-05,10.0,0.0,10.0,1.0,0,1,registrado,registrada,0
724,P000322,Cliente 086,961600,2025-02-05,60.0,0.0,60.0,1.0,0,1,registrado,registrada,0
725,P000326,Cliente 062,976000,2025-02-06,250.0,0.0,250.0,1.0,0,1,registrado,registrada,0
726,P000326,Cliente 062,976100,2025-02-06,334.0,0.0,334.0,1.0,0,1,registrado,registrada,0
727,P000326,Cliente 062,986300,2025-02-06,300.0,0.0,300.0,1.0,0,1,registrado,registrada,0
728,P000207,Cliente 175,980100,2025-02-06,200.0,0.0,200.0,1.0,0,1,registrado,registrada,0
729,P000207,Cliente 175,980300,2025-02-06,300.0,0.0,300.0,1.0,0,1,registrado,registrada,0
730,P000207,Cliente 175,980400,2025-02-06,500.0,0.0,500.0,1.0,0,1,registrado,registrada,0
731,P000207,Cliente 175,980500,2025-02-06,200.0,0.0,200.0,1.0,0,1,registrado,registrada,0
732,P000207,Cliente 175,980600,2025-02-06,500.0,0.0,500.0,1.0,0,1,registrado,registrada,0
733,P000207,Cliente 175,980700,2025-02-06,300.0,0.0,300.0,1.0,0,1,registrado,registrada,0
734,P000291,Cliente 175,980200,2025-02-06,30.0,0.0,30.0,1.0,0,1,registrado,registrada,0
735,P000348,Cliente 062,953200,2025-02-06,50.0,0.0,50.0,1.0,0,1,registrado,registrada,0
736,P000320,Cliente 107,986700,2025-02-06,5.0,0.0,5.0,1.0,0,1,ausente,registrada,0
737,P000320,Cliente 107,949300,2025-02-06,4.0,0.0,4.0,1.0,0,1,estimado_nao_verificado,registrada,0
738,P000321,Cliente 107,966700,2025-02-06,3.0,0.0,3.0,1.0,0,1,estimado_nao_verificado,registrada,0
739,P000321,Cliente 107,966600,2025-02-06,2.0,0.0,2.0,1.0,0,1,estimado_nao_verificado,registrada,0
740,P000347,Cliente 245,952400,2025-02-06,2.0,0.0,2.0,1.0,0,1,estimado_nao_verificado,registrada,0
741,P000347,Cliente 245,964700,2025-02-06,2.0,0.0,2.0,1.0,0,1,estimado_nao_verificado,registrada,0
742,P000347,Cliente 245,958300,2025-02-06,1.0,0.0,1.0,1.0,0,1,estimado_nao_verificado,registrada,0
743,P000347,Cliente 245,955200,2025-02-06,2.0,0.0,2.0,1.0,0,1,estimado_nao_verificado,registrada,0
744,P000347,Cliente 245,954100,2025-02-06,3.0,0.0,3.0,1.0,0,1,estimado_nao_verificado,registrada,0
745,P000347,Cliente 245,948700,2025-02-06,3.0,0.0,3.0,1.0,0,1,estimado_nao_verificado,registrada,0
746,P000347,Cliente 245,951400,2025-02-06,3.0,0.0,3.0,1.0,0,1,estimado_nao_verificado,registrada,0
747,P000313,Cliente 156,966400,2025-02-06,50.0,0.0,50.0,1.0,0,1,estimado_nao_verificado,registrada,0
748,P000296,Cliente 254,961600,2025-02-07,32.0,0.0,32.0,1.0,0,1,estimado_nao_verificado,registrada,0
749,P000296,Cliente 254,964000,2025-02-07,16.0,0.0,16.0,1.0,0,1,estimado_nao_verificado,registrada,0
750,P000296,Cliente 254,981500,2025-02-07,2.0,0.0,2.0,1.0,0,1,estimado_nao_verificado,registrada,0
751,P000295,Cliente 254,966800,2025-02-07,20.0,0.0,20.0,1.0,0,1,estimado_nao_verificado,registrada,0
752,P000282,Cliente 260,961600,2025-02-07,10.0,0.0,10.0,1.0,0,1,estimado_nao_verificado,registrada,0
753,P000282,Cliente 260,964000,2025-02-07,5.0,0.0,5.0,1.0,0,1,estimado_nao_verificado,registrada,0
754,P000279,Cliente 074,949900,2025-02-07,1.0,0.0,1.0,1.0,0,1,ausente,registrada,0
755,P000279,Cliente 074,950000,2025-02-07,20.0,0.0,20.0,1.0,0,1,estimado_nao_verificado,registrada,0
756,P000279,Cliente 074,961500,2025-02-07,1.0,0.0,1.0,1.0,0,1,ausente,registrada,0
757,P000279,Cliente 074,961600,2025-02-07,20.0,0.0,20.0,1.0,0,1,estimado_nao_verificado,registrada,0
758,P000279,Cliente 074,963900,2025-02-07,1.0,0.0,1.0,1.0,0,1,estimado_nao_verificado,registrada,0
759,P000279,Cliente 074,964000,2025-02-07,20.0,0.0,20.0,1.0,0,1,estimado_nao_verificado,registrada,0
760,P000279,Cliente 074,981500,2025-02-07,5.0,0.0,5.0,1.0,0,1,estimado_nao_verificado,registrada,0
761,P000281,Cliente 150,950000,2025-02-07,3.0,0.0,3.0,1.0,0,1,estimado_nao_verificado,registrada,0
762,P000281,Cliente 150,961600,2025-02-07,5.0,0.0,5.0,1.0,0,1,estimado_nao_verificado,registrada,0
763,P000281,Cliente 150,964000,2025-02-07,5.0,0.0,5.0,1.0,0,1,estimado_nao_verificado,registrada,0
764,P000335,Cliente 210,961600,2025-02-07,5.0,0.0,5.0,1.0,0,1,estimado_nao_verificado,registrada,0
765,P000335,Cliente 210,964000,2025-02-07,15.0,0.0,15.0,1.0,0,1,estimado_nao_verificado,registrada,0
766,P000337,Cliente 133,950000,2025-02-07,15.0,0.0,15.0,1.0,0,1,estimado_nao_verificado,registrada,0
767,P000294,Cliente 078,902300,2025-02-07,15.0,0.0,15.0,1.0,0,1,estimado_nao_verificado,registrada,0
768,P000294,Cliente 078,950100,2025-02-07,10.0,0.0,10.0,1.0,0,1,ausente,registrada,0
769,P000294,Cliente 078,951500,2025-02-07,5.0,0.0,5.0,1.0,0,1,ausente,registrada,0
770,P000294,Cliente 078,953200,2025-02-07,100.0,0.0,100.0,1.0,0,1,estimado_nao_verificado,registrada,0
771,P000294,Cliente 078,962000,2025-02-07,10.0,0.0,10.0,1.0,0,1,estimado_nao_verificado,registrada,0
772,P000267,Cliente 289,950000,2025-02-07,10.0,0.0,10.0,1.0,0,1,estimado_nao_verificado,registrada,0
773,P000267,Cliente 289,961600,2025-02-07,57.0,0.0,57.0,1.0,0,1,estimado_nao_verificado,registrada,0
774,P000267,Cliente 289,964000,2025-02-07,57.0,0.0,57.0,1.0,0,1,estimado_nao_verificado,registrada,0
775,P000273,Cliente 289,961600,2025-02-07,1.0,0.0,1.0,1.0,0,1,estimado_nao_verificado,registrada,0
776,P000273,Cliente 289,964000,2025-02-07,1.0,0.0,1.0,1.0,0,1,estimado_nao_verificado,registrada,0
777,P000344,Cliente 278,902300,2025-02-07,20.0,0.0,20.0,1.0,0,1,estimado_nao_verificado,registrada,0
778,P000344,Cliente 278,954900,2025-02-07,2.0,0.0,2.0,1.0,0,1,estimado_nao_verificado,registrada,0
779,P000314,Cliente 274,902300,2025-02-07,20.0,0.0,20.0,1.0,0,1,estimado_nao_verificado,registrada,0
780,P000314,Cliente 274,949300,2025-02-07,40.0,0.0,40.0,1.0,0,1,estimado_nao_verificado,registrada,0
781,P000314,Cliente 274,950400,2025-02-07,20.0,0.0,20.0,1.0,0,1,estimado_nao_verificado,registrada,0
782,P000345,Cliente 072,902300,2025-02-07,12.0,0.0,12.0,1.0,0,1,estimado_nao_verificado,registrada,0
783,P000345,Cliente 072,950100,2025-02-07,25.0,0.0,25.0,1.0,0,1,ausente,registrada,0
784,P000343,Cliente 213,961600,2025-02-07,6.0,0.0,6.0,1.0,0,1,estimado_nao_verificado,registrada,0
785,P000343,Cliente 213,964000,2025-02-07,4.0,0.0,4.0,1.0,0,1,estimado_nao_verificado,registrada,0
786,P000343,Cliente 213,981500,2025-02-07,5.0,0.0,5.0,1.0,0,1,estimado_nao_verificado,registrada,0
787,P000332,Cliente 073,902300,2025-02-07,20.0,0.0,20.0,1.0,0,1,estimado_nao_verificado,registrada,0
788,P000332,Cliente 073,948700,2025-02-07,20.0,0.0,20.0,1.0,0,1,estimado_nao_verificado,registrada,0
789,P000318,Cliente 215,950000,2025-02-07,10.0,0.0,10.0,1.0,0,1,estimado_nao_verificado,registrada,0
790,P000318,Cliente 215,961600,2025-02-07,10.0,0.0,10.0,1.0,0,1,estimado_nao_verificado,registrada,0
791,P000318,Cliente 215,964000,2025-02-07,5.0,0.0,5.0,1.0,0,1,estimado_nao_verificado,registrada,0
792,P000318,Cliente 215,981500,2025-02-07,5.0,0.0,5.0,1.0,0,1,estimado_nao_verificado,registrada,0
793,P000319,Cliente 304,961600,2025-02-07,20.0,0.0,20.0,1.0,0,1,estimado_nao_verificado,registrada,0
794,P000319,Cliente 304,964000,2025-02-07,20.0,0.0,20.0,1.0,0,1,estimado_nao_verificado,registrada,0
795,P000312,Cliente 326,949800,2025-02-07,2.0,0.0,2.0,1.0,0,1,ausente,registrada,0
796,P000312,Cliente 326,950000,2025-02-07,2.0,0.0,2.0,1.0,0,1,estimado_nao_verificado,registrada,0
797,P000312,Cliente 326,954200,2025-02-07,3.0,0.0,3.0,1.0,0,1,estimado_nao_verificado,registrada,0
798,P000312,Cliente 326,955300,2025-02-07,3.0,0.0,3.0,1.0,0,1,estimado_nao_verificado,registrada,0
799,P000312,Cliente 326,957400,2025-02-07,3.0,0.0,3.0,1.0,0,1,estimado_nao_verificado,registrada,0
800,P000312,Cliente 326,958400,2025-02-07,3.0,0.0,3.0,1.0,0,1,estimado_nao_verificado,registrada,0
801,P000312,Cliente 326,961600,2025-02-07,15.0,0.0,15.0,1.0,0,1,estimado_nao_verificado,registrada,0
802,P000342,Cliente 288,961600,2025-02-07,20.0,0.0,20.0,1.0,0,1,estimado_nao_verificado,registrada,0
803,P000342,Cliente 288,964000,2025-02-07,20.0,0.0,20.0,1.0,0,1,estimado_nao_verificado,registrada,0
804,P000352,Cliente 240,961200,2025-02-07,10.0,0.0,10.0,1.0,0,1,ausente,registrada,0
805,P000352,Cliente 240,961600,2025-02-07,10.0,0.0,10.0,1.0,0,1,estimado_nao_verificado,registrada,0
806,P000352,Cliente 240,963600,2025-02-07,5.0,0.0,5.0,1.0,0,1,estimado_nao_verificado,registrada,0
807,P000352,Cliente 240,964000,2025-02-07,10.0,0.0,10.0,1.0,0,1,estimado_nao_verificado,registrada,0
808,P000292,Cliente 318,961600,2025-02-07,50.0,0.0,50.0,1.0,0,1,estimado_nao_verificado,registrada,0
809,P000292,Cliente 318,964000,2025-02-07,50.0,0.0,50.0,1.0,0,1,estimado_nao_verificado,registrada,0
810,P000283,Cliente 277,961600,2025-02-07,150.0,0.0,150.0,1.0,0,1,estimado_nao_verificado,registrada,0
811,P000283,Cliente 277,964000,2025-02-07,150.0,0.0,150.0,1.0,0,1,estimado_nao_verificado,registrada,0
812,P000324,Cliente 236,966800,2025-02-07,200.0,0.0,200.0,1.0,0,1,estimado_nao_verificado,registrada,0
813,P000311,Cliente 101,900100,2025-02-08,20.0,0.0,20.0,1.0,0,1,ausente,registrada,0
814,P000311,Cliente 101,961800,2025-02-08,80.0,0.0,80.0,1.0,0,1,estimado_nao_verificado,registrada,0
815,P000263,Cliente 125,948700,2025-02-08,320.0,0.0,320.0,1.0,0,1,estimado_nao_verificado,registrada,0
816,P000263,Cliente 125,949300,2025-02-08,200.0,0.0,200.0,1.0,0,1,estimado_nao_verificado,registrada,0
817,P000263,Cliente 125,961800,2025-02-08,200.0,0.0,200.0,1.0,0,1,estimado_nao_verificado,registrada,0
818,P000263,Cliente 125,981700,2025-02-08,80.0,0.0,80.0,1.0,0,1,estimado_nao_verificado,registrada,0
819,P000212,Cliente 169,949300,2025-02-09,600.0,0.0,600.0,1.0,0,1,estimado_nao_verificado,registrada,0
820,P000212,Cliente 169,961800,2025-02-09,20.0,0.0,20.0,1.0,0,1,estimado_nao_verificado,registrada,0
821,P000359,Cliente 327,900300,2025-02-10,20.0,0.0,20.0,1.0,0,1,registrado,registrada,0
822,P000359,Cliente 327,902300,2025-02-10,100.0,0.0,100.0,1.0,0,1,registrado,registrada,0
823,P000146,Cliente 128,949300,2025-02-10,900.0,0.0,900.0,1.0,0,1,registrado,registrada,0
824,P000336,Cliente 066,902300,2025-02-10,100.0,0.0,100.0,1.0,0,1,registrado,registrada,0
825,P000333,Cliente 279,949300,2025-02-10,40.0,0.0,40.0,1.0,0,1,registrado,registrada,0
826,P000334,Cliente 279,966800,2025-02-10,500.0,0.0,500.0,1.0,0,1,registrado,registrada,0
827,P000329,Cliente 223,953800,2025-02-10,15.0,0.0,15.0,1.0,0,1,registrado,registrada,0
828,P000329,Cliente 223,954900,2025-02-10,15.0,0.0,15.0,1.0,0,1,registrado,registrada,0
829,P000329,Cliente 223,958000,2025-02-10,15.0,0.0,15.0,1.0,0,1,registrado,registrada,0
830,P000253,Cliente 024,146511,2025-02-10,100.0,0.0,100.0,1.0,0,1,registrado,registrada,0
839,P000346,Cliente 106,699400,2025-02-11,30.0,0.0,30.0,1.0,0,1,registrado,registrada,0
840,P000346,Cliente 106,966700,2025-02-11,20.0,0.0,20.0,1.0,0,1,registrado,registrada,0
841,P000341,Cliente 112,966400,2025-02-11,30.0,0.0,30.0,1.0,0,1,registrado,registrada,0
842,P000328,Cliente 123,966400,2025-02-11,10.0,0.0,10.0,1.0,0,1,registrado,registrada,0
843,P000360,Cliente 061,950400,2025-02-11,400.0,0.0,400.0,1.0,0,1,registrado,registrada,0
844,P000338,Cliente 151,982700,2025-02-11,200.0,0.0,200.0,1.0,0,1,registrado,registrada,0
845,P000339,Cliente 163,961600,2025-02-11,100.0,0.0,100.0,1.0,0,1,registrado,registrada,0
846,P000327,Cliente 300,953800,2025-02-11,5.0,0.0,5.0,1.0,0,1,registrado,registrada,0
847,P000327,Cliente 300,954900,2025-02-11,3.0,0.0,3.0,1.0,0,1,registrado,registrada,0
848,P000327,Cliente 300,958000,2025-02-11,7.0,0.0,7.0,1.0,0,1,registrado,registrada,0
849,P000327,Cliente 300,957000,2025-02-11,5.0,0.0,5.0,1.0,0,1,registrado,registrada,0
850,P000327,Cliente 300,965300,2025-02-11,5.0,0.0,5.0,1.0,0,1,registrado,registrada,0
851,P001897,Cliente 357,902300,2025-02-11,15.0,0.0,15.0,1.0,0,1,registrado,registrada,0
852,P001897,Cliente 357,961500,2025-02-11,5.0,0.0,5.0,1.0,0,1,registrado,registrada,0
853,P001897,Cliente 357,961600,2025-02-11,20.0,0.0,20.0,1.0,0,1,registrado,registrada,0
854,P001897,Cliente 357,964800,2025-02-11,3.0,0.0,3.0,1.0,0,1,registrado,registrada,0
855,P001897,Cliente 357,959400,2025-02-11,2.0,0.0,2.0,1.0,0,1,registrado,registrada,0
856,P001897,Cliente 357,958400,2025-02-11,3.0,0.0,3.0,1.0,0,1,registrado,registrada,0
857,P001897,Cliente 357,957400,2025-02-11,2.0,0.0,2.0,1.0,0,1,registrado,registrada,0
858,P001897,Cliente 357,960200,2025-02-11,2.0,0.0,2.0,1.0,0,1,registrado,registrada,0
859,P001897,Cliente 357,955300,2025-02-11,2.0,0.0,2.0,1.0,0,1,registrado,registrada,0
860,P001897,Cliente 357,954200,2025-02-11,3.0,0.0,3.0,1.0,0,1,registrado,registrada,0
861,P001897,Cliente 357,963900,2025-02-11,2.0,0.0,2.0,1.0,0,1,registrado,registrada,0
862,P001897,Cliente 357,964000,2025-02-11,9.0,0.0,9.0,1.0,0,1,registrado,registrada,0
863,P001897,Cliente 357,961000,2025-02-11,10.0,0.0,10.0,1.0,0,1,registrado,registrada,0
864,P001897,Cliente 357,971500,2025-02-11,2.0,0.0,2.0,1.0,0,1,registrado,registrada,0
865,P001897,Cliente 357,972200,2025-02-11,11.0,0.0,11.0,1.0,0,1,registrado,registrada,0
866,P001897,Cliente 357,966200,2025-02-11,10.0,0.0,10.0,1.0,0,1,registrado,registrada,0
867,P001897,Cliente 357,966300,2025-02-11,25.0,0.0,25.0,1.0,0,1,registrado,registrada,0
868,P001897,Cliente 357,966400,2025-02-11,55.0,0.0,55.0,1.0,0,1,registrado,registrada,0
869,P001897,Cliente 357,966500,2025-02-11,7.0,0.0,7.0,1.0,0,1,registrado,registrada,0
870,P001897,Cliente 357,966600,2025-02-11,88.0,0.0,88.0,1.0,0,1,registrado,registrada,0
871,P001897,Cliente 357,966700,2025-02-11,43.0,0.0,43.0,1.0,0,1,registrado,registrada,0
872,P001897,Cliente 357,966800,2025-02-11,315.0,0.0,315.0,1.0,0,1,registrado,registrada,0
873,P001897,Cliente 357,970100,2025-02-11,2.0,0.0,2.0,1.0,0,1,registrado,registrada,0
874,P001897,Cliente 357,970200,2025-02-11,5.0,0.0,5.0,1.0,0,1,registrado,registrada,0
875,P000305,Cliente 148,902200,2025-02-12,400.0,0.0,400.0,1.0,0,1,registrado,registrada,0
876,P000305,Cliente 148,977300,2025-02-12,3.0,0.0,3.0,1.0,0,1,registrado,registrada,0
877,P000305,Cliente 148,977700,2025-02-12,65.0,0.0,65.0,1.0,0,1,registrado,registrada,0
878,P000305,Cliente 148,977800,2025-02-12,60.0,0.0,60.0,1.0,0,1,registrado,registrada,0
879,P000305,Cliente 148,977900,2025-02-12,500.0,0.0,500.0,1.0,0,1,registrado,registrada,0
880,P000305,Cliente 148,978000,2025-02-12,25.0,0.0,25.0,1.0,0,1,registrado,registrada,0
881,P000305,Cliente 148,978500,2025-02-12,500.0,0.0,500.0,1.0,0,1,registrado,registrada,0
882,P000305,Cliente 148,978600,2025-02-12,100.0,0.0,100.0,1.0,0,1,registrado,registrada,0
883,P000305,Cliente 148,986400,2025-02-12,25.0,0.0,25.0,1.0,0,1,registrado,registrada,0
884,P000305,Cliente 148,987600,2025-02-12,500.0,0.0,500.0,1.0,0,1,registrado,registrada,0
885,P000305,Cliente 148,987700,2025-02-12,400.0,0.0,400.0,1.0,0,1,registrado,registrada,0
886,P000304,Cliente 115,977600,2025-02-12,50.0,0.0,50.0,1.0,0,1,registrado,registrada,0
887,P000304,Cliente 115,977700,2025-02-12,50.0,0.0,50.0,1.0,0,1,registrado,registrada,0
888,P000304,Cliente 115,977900,2025-02-12,200.0,0.0,200.0,1.0,0,1,registrado,registrada,0
889,P000304,Cliente 115,978500,2025-02-12,150.0,0.0,150.0,1.0,0,1,registrado,registrada,0
890,P000304,Cliente 115,978600,2025-02-12,50.0,0.0,50.0,1.0,0,1,registrado,registrada,0
891,P000304,Cliente 115,987600,2025-02-12,100.0,0.0,100.0,1.0,0,1,registrado,registrada,0
892,P000178,Cliente 305,902300,2025-02-12,1000.0,0.0,1000.0,1.0,0,1,registrado,registrada,0
893,P000340,Cliente 152,950100,2025-02-13,60.0,0.0,60.0,1.0,0,1,registrado,registrada,0
894,P000331,Cliente 109,950100,2025-02-13,160.0,0.0,160.0,1.0,0,1,registrado,registrada,0
895,P000331,Cliente 109,953800,2025-02-13,300.0,0.0,300.0,1.0,0,1,registrado,registrada,0
896,P000331,Cliente 109,954900,2025-02-13,200.0,0.0,200.0,1.0,0,1,registrado,registrada,0
897,P000331,Cliente 109,957000,2025-02-13,100.0,0.0,100.0,1.0,0,1,registrado,registrada,0
898,P000331,Cliente 109,958000,2025-02-13,200.0,0.0,200.0,1.0,0,1,registrado,registrada,0
899,P000331,Cliente 109,959000,2025-02-13,50.0,0.0,50.0,1.0,0,1,registrado,registrada,0
900,P000331,Cliente 109,962000,2025-02-13,80.0,0.0,80.0,1.0,0,1,registrado,registrada,0
901,P000331,Cliente 109,981900,2025-02-13,40.0,0.0,40.0,1.0,0,1,registrado,registrada,0
902,P000330,Cliente 096,954900,2025-02-13,300.0,0.0,300.0,1.0,0,1,registrado,registrada,0
903,P000330,Cliente 096,957000,2025-02-13,300.0,0.0,300.0,1.0,0,1,registrado,registrada,0
904,P000330,Cliente 096,958000,2025-02-13,400.0,0.0,400.0,1.0,0,1,registrado,registrada,0
905,P000354,Cliente 024,902300,2025-02-13,10.0,0.0,10.0,1.0,0,1,registrado,registrada,0
906,P000354,Cliente 024,949200,2025-02-13,250.0,0.0,250.0,1.0,0,1,registrado,registrada,0
907,P000354,Cliente 024,951600,2025-02-13,250.0,0.0,250.0,1.0,0,1,registrado,registrada,0
908,P000354,Cliente 024,954900,2025-02-13,100.0,0.0,100.0,1.0,0,1,registrado,registrada,0
909,P000354,Cliente 024,957000,2025-02-13,25.0,0.0,25.0,1.0,0,1,registrado,registrada,0
910,P000354,Cliente 024,958000,2025-02-13,100.0,0.0,100.0,1.0,0,1,registrado,registrada,0
911,P000354,Cliente 024,962100,2025-02-13,50.0,0.0,50.0,1.0,0,1,registrado,registrada,0
912,P000354,Cliente 024,965300,2025-02-13,50.0,0.0,50.0,1.0,0,1,registrado,registrada,0
914,P000316,Cliente 024,987300,2025-02-13,220.0,1.0,221.0,0.995475113122172,1,1,registrado,registrada,0
924,P000315,Cliente 024,987350,2025-02-13,220.0,28.0,248.0,0.8870967741935484,1,1,registrado,registrada,0
925,P000389,Cliente 222,966800,2025-02-13,20.0,0.0,20.0,1.0,0,1,estimado_nao_verificado,registrada,0
926,P000389,Cliente 222,967700,2025-02-13,1.0,0.0,1.0,1.0,0,1,ausente,registrada,0
927,P000389,Cliente 222,969600,2025-02-13,1.0,0.0,1.0,1.0,0,1,estimado_nao_verificado,registrada,0
928,P000389,Cliente 222,970000,2025-02-13,1.0,0.0,1.0,1.0,0,1,ausente,registrada,0
929,P000389,Cliente 222,971700,2025-02-13,1.0,0.0,1.0,1.0,0,1,estimado_nao_verificado,registrada,0
930,P000389,Cliente 222,971900,2025-02-13,1.0,0.0,1.0,1.0,0,1,ausente,registrada,0
931,P000390,Cliente 222,902100,2025-02-13,1.0,0.0,1.0,1.0,0,1,ausente,registrada,0
932,P000390,Cliente 222,950000,2025-02-13,1.0,0.0,1.0,1.0,0,1,estimado_nao_verificado,registrada,0
933,P000390,Cliente 222,951300,2025-02-13,1.0,0.0,1.0,1.0,0,1,estimado_nao_verificado,registrada,0
934,P000390,Cliente 222,952300,2025-02-13,1.0,0.0,1.0,1.0,0,1,ausente,registrada,0
935,P000390,Cliente 222,953100,2025-02-13,1.0,0.0,1.0,1.0,0,1,ausente,registrada,0
936,P000390,Cliente 222,955300,2025-02-13,1.0,0.0,1.0,1.0,0,1,estimado_nao_verificado,registrada,0
937,P000390,Cliente 222,961000,2025-02-13,2.0,0.0,2.0,1.0,0,1,estimado_nao_verificado,registrada,0
938,P000390,Cliente 222,961600,2025-02-13,1.0,0.0,1.0,1.0,0,1,ausente,registrada,0
939,P000389,Cliente 222,966700,2025-02-13,1.0,0.0,1.0,1.0,0,1,estimado_nao_verificado,registrada,0
940,P000378,Cliente 103,950400,2025-02-13,12.0,0.0,12.0,1.0,0,1,registrado,registrada,0
941,P000378,Cliente 103,949300,2025-02-13,12.0,0.0,12.0,1.0,0,1,registrado,registrada,0
942,P000361,Cliente 061,950400,2025-02-14,400.0,0.0,400.0,1.0,0,1,registrado,registrada,0
943,P000371,Cliente 084,966400,2025-02-14,13.0,0.0,13.0,1.0,0,1,registrado,registrada,0
944,P000377,Cliente 110,950400,2025-02-14,39.0,0.0,39.0,1.0,0,1,registrado,registrada,0
945,P000377,Cliente 110,951400,2025-02-14,1.0,0.0,1.0,1.0,0,1,registrado,registrada,0
946,P000353,Cliente 220,900100,2025-02-14,10.0,0.0,10.0,1.0,0,1,registrado,registrada,0
947,P000353,Cliente 220,902300,2025-02-14,20.0,0.0,20.0,1.0,0,1,registrado,registrada,0
948,P000353,Cliente 220,951500,2025-02-14,1.0,0.0,1.0,1.0,0,1,registrado,registrada,0
949,P000357,Cliente 231,900100,2025-02-14,10.0,0.0,10.0,1.0,0,1,registrado,registrada,0
950,P000355,Cliente 219,900100,2025-02-14,10.0,0.0,10.0,1.0,0,1,registrado,registrada,0
951,P000355,Cliente 219,902300,2025-02-14,10.0,0.0,10.0,1.0,0,1,registrado,registrada,0
952,P000384,Cliente 146,902300,2025-02-14,40.0,0.0,40.0,1.0,0,1,registrado,registrada,0
953,P000384,Cliente 146,948700,2025-02-14,40.0,0.0,40.0,1.0,0,1,registrado,registrada,0
954,P000384,Cliente 146,949300,2025-02-14,10.0,0.0,10.0,1.0,0,1,registrado,registrada,0
955,P000384,Cliente 146,951400,2025-02-14,15.0,0.0,15.0,1.0,0,1,registrado,registrada,0
956,P000384,Cliente 146,953200,2025-02-14,20.0,0.0,20.0,1.0,0,1,registrado,registrada,0
957,P000381,Cliente 100,902300,2025-02-14,8.0,0.0,8.0,1.0,0,1,registrado,registrada,0
958,P000381,Cliente 100,949300,2025-02-14,8.0,0.0,8.0,1.0,0,1,registrado,registrada,0
959,P000381,Cliente 100,951400,2025-02-14,8.0,0.0,8.0,1.0,0,1,registrado,registrada,0
960,P000381,Cliente 100,954900,2025-02-14,10.0,0.0,10.0,1.0,0,1,registrado,registrada,0
961,P000381,Cliente 100,958000,2025-02-14,10.0,0.0,10.0,1.0,0,1,registrado,registrada,0
962,P000381,Cliente 100,959000,2025-02-14,2.0,0.0,2.0,1.0,0,1,registrado,registrada,0
963,P000349,Cliente 071,950400,2025-02-14,250.0,0.0,250.0,1.0,0,1,registrado,registrada,0
964,P000370,Cliente 147,961500,2025-02-14,3.0,0.0,3.0,1.0,0,1,registrado,registrada,0
965,P000370,Cliente 147,961600,2025-02-14,40.0,0.0,40.0,1.0,0,1,registrado,registrada,0
966,P000370,Cliente 147,964000,2025-02-14,10.0,0.0,10.0,1.0,0,1,registrado,registrada,0
967,P000370,Cliente 147,981500,2025-02-14,15.0,0.0,15.0,1.0,0,1,registrado,registrada,0
968,P000375,Cliente 153,961600,2025-02-14,50.0,0.0,50.0,1.0,0,1,registrado,registrada,0
969,P000367,Cliente 098,966800,2025-02-14,500.0,0.0,500.0,1.0,0,1,registrado,registrada,0
970,P000368,Cliente 098,953200,2025-02-14,50.0,0.0,50.0,1.0,0,1,registrado,registrada,0
971,P000372,Cliente 065,966200,2025-02-14,50.0,0.0,50.0,1.0,0,1,registrado,registrada,0
972,P000372,Cliente 065,966300,2025-02-14,80.0,0.0,80.0,1.0,0,1,registrado,registrada,0
973,P000372,Cliente 065,966400,2025-02-14,60.0,0.0,60.0,1.0,0,1,registrado,registrada,0
974,P000391,Cliente 224,948700,2025-02-14,40.0,0.0,40.0,1.0,0,1,registrado,registrada,0
975,P000373,Cliente 060,966600,2025-02-14,500.0,0.0,500.0,1.0,0,1,registrado,registrada,0
976,P000373,Cliente 060,966700,2025-02-14,500.0,0.0,500.0,1.0,0,1,registrado,registrada,0
977,P000373,Cliente 060,990500,2025-02-14,70.0,0.0,70.0,1.0,0,1,registrado,registrada,0
978,P000280,Cliente 095,974600,2025-02-14,1000.0,0.0,1000.0,1.0,0,1,registrado,registrada,0
979,P000280,Cliente 095,974700,2025-02-14,1600.0,0.0,1600.0,1.0,0,1,registrado,registrada,0
980,P000280,Cliente 095,975000,2025-02-14,900.0,0.0,900.0,1.0,0,1,registrado,registrada,0
981,P000396,Cliente 073,953800,2025-02-15,8.0,0.0,8.0,1.0,0,1,registrado,registrada,0
982,P000396,Cliente 073,954900,2025-02-15,8.0,0.0,8.0,1.0,0,1,registrado,registrada,0
983,P000396,Cliente 073,958000,2025-02-15,8.0,0.0,8.0,1.0,0,1,registrado,registrada,0
984,P000396,Cliente 073,959000,2025-02-15,8.0,0.0,8.0,1.0,0,1,registrado,registrada,0
985,P000366,Cliente 316,966800,2025-02-15,150.0,0.0,150.0,1.0,0,1,registrado,registrada,0
986,P000394,Cliente 058,902000,2025-02-15,1.0,0.0,1.0,1.0,0,1,registrado,registrada,0
987,P000394,Cliente 058,949900,2025-02-15,2.0,0.0,2.0,1.0,0,1,registrado,registrada,0
988,P000394,Cliente 058,961500,2025-02-15,5.0,0.0,5.0,1.0,0,1,registrado,registrada,0
989,P000394,Cliente 058,961600,2025-02-15,10.0,0.0,10.0,1.0,0,1,registrado,registrada,0
990,P000394,Cliente 058,963900,2025-02-15,3.0,0.0,3.0,1.0,0,1,registrado,registrada,0
991,P000394,Cliente 058,964000,2025-02-15,3.0,0.0,3.0,1.0,0,1,registrado,registrada,0
992,P000394,Cliente 058,981400,2025-02-15,2.0,0.0,2.0,1.0,0,1,registrado,registrada,0
993,P000394,Cliente 058,981500,2025-02-15,2.0,0.0,2.0,1.0,0,1,registrado,registrada,0
994,P000395,Cliente 058,902100,2025-02-15,1.0,0.0,1.0,1.0,0,1,registrado,registrada,0
995,P000351,Cliente 324,949900,2025-02-15,2.0,0.0,2.0,1.0,0,1,registrado,registrada,0
996,P000351,Cliente 324,950000,2025-02-15,4.0,0.0,4.0,1.0,0,1,registrado,registrada,0
997,P000351,Cliente 324,951200,2025-02-15,2.0,0.0,2.0,1.0,0,1,registrado,registrada,0
998,P000351,Cliente 324,951300,2025-02-15,4.0,0.0,4.0,1.0,0,1,registrado,registrada,0
999,P000351,Cliente 324,961500,2025-02-15,2.0,0.0,2.0,1.0,0,1,registrado,registrada,0
1000,P000351,Cliente 324,961600,2025-02-15,4.0,0.0,4.0,1.0,0,1,registrado,registrada,0
1001,P000351,Cliente 324,963900,2025-02-15,1.0,0.0,1.0,1.0,0,1,registrado,registrada,0
1002,P000351,Cliente 324,964000,2025-02-15,4.0,0.0,4.0,1.0,0,1,registrado,registrada,0
1003,P000351,Cliente 324,981400,2025-02-15,1.0,0.0,1.0,1.0,0,1,registrado,registrada,0
1004,P000351,Cliente 324,981500,2025-02-15,4.0,0.0,4.0,1.0,0,1,registrado,registrada,0
1005,P000385,Cliente 177,902300,2025-02-15,40.0,0.0,40.0,1.0,0,1,registrado,registrada,0
1006,P000362,Cliente 080,950000,2025-02-15,2.0,0.0,2.0,1.0,0,1,registrado,registrada,0
1007,P000362,Cliente 080,951300,2025-02-15,1.0,0.0,1.0,1.0,0,1,registrado,registrada,0
1008,P000362,Cliente 080,961600,2025-02-15,8.0,0.0,8.0,1.0,0,1,registrado,registrada,0
1009,P000362,Cliente 080,964000,2025-02-15,4.0,0.0,4.0,1.0,0,1,registrado,registrada,0
1010,P000382,Cliente 248,902100,2025-02-15,2.0,0.0,2.0,1.0,0,1,registrado,registrada,0
1011,P000382,Cliente 248,950000,2025-02-15,18.0,0.0,18.0,1.0,0,1,registrado,registrada,0
1012,P000382,Cliente 248,951300,2025-02-15,17.0,0.0,17.0,1.0,0,1,registrado,registrada,0
1013,P000382,Cliente 248,961600,2025-02-15,64.0,0.0,64.0,1.0,0,1,registrado,registrada,0
1014,P000382,Cliente 248,964000,2025-02-15,29.0,0.0,29.0,1.0,0,1,registrado,registrada,0
1015,P000382,Cliente 248,965000,2025-02-15,9.0,0.0,9.0,1.0,0,1,registrado,registrada,0
1016,P000382,Cliente 248,981500,2025-02-15,21.0,0.0,21.0,1.0,0,1,registrado,registrada,0
1017,P000365,Cliente 271,961600,2025-02-15,8.0,0.0,8.0,1.0,0,1,registrado,registrada,0
1018,P000365,Cliente 271,964000,2025-02-15,8.0,0.0,8.0,1.0,0,1,registrado,registrada,0
1019,P000350,Cliente 320,961600,2025-02-15,15.0,0.0,15.0,1.0,0,1,registrado,registrada,0
1020,P000363,Cliente 082,952500,2025-02-15,8.0,0.0,8.0,1.0,0,1,registrado,registrada,0
1021,P000363,Cliente 082,957000,2025-02-15,10.0,0.0,10.0,1.0,0,1,registrado,registrada,0
1022,P000363,Cliente 082,958000,2025-02-15,10.0,0.0,10.0,1.0,0,1,registrado,registrada,0
1023,P000363,Cliente 082,965300,2025-02-15,10.0,0.0,10.0,1.0,0,1,registrado,registrada,0
1024,P000380,Cliente 212,950000,2025-02-15,20.0,0.0,20.0,1.0,0,1,registrado,registrada,0
1025,P000380,Cliente 212,961600,2025-02-15,30.0,0.0,30.0,1.0,0,1,registrado,registrada,0
1026,P000380,Cliente 212,964000,2025-02-15,15.0,0.0,15.0,1.0,0,1,registrado,registrada,0
1027,P000369,Cliente 111,949900,2025-02-15,2.0,0.0,2.0,1.0,0,1,registrado,registrada,0
1028,P000369,Cliente 111,950000,2025-02-15,10.0,0.0,10.0,1.0,0,1,registrado,registrada,0
1029,P000369,Cliente 111,961500,2025-02-15,2.0,0.0,2.0,1.0,0,1,registrado,registrada,0
1030,P000369,Cliente 111,961600,2025-02-15,10.0,0.0,10.0,1.0,0,1,registrado,registrada,0
1031,P000369,Cliente 111,963900,2025-02-15,2.0,0.0,2.0,1.0,0,1,registrado,registrada,0
1032,P000369,Cliente 111,964000,2025-02-15,10.0,0.0,10.0,1.0,0,1,registrado,registrada,0
1033,P000356,Cliente 237,950000,2025-02-15,1.0,0.0,1.0,1.0,0,1,registrado,registrada,0
1034,P000356,Cliente 237,961500,2025-02-15,3.0,0.0,3.0,1.0,0,1,registrado,registrada,0
1035,P000356,Cliente 237,961600,2025-02-15,5.0,0.0,5.0,1.0,0,1,registrado,registrada,0
1036,P000356,Cliente 237,963900,2025-02-15,3.0,0.0,3.0,1.0,0,1,registrado,registrada,0
1037,P000356,Cliente 237,964000,2025-02-15,4.0,0.0,4.0,1.0,0,1,registrado,registrada,0
1038,P000379,Cliente 250,961800,2025-02-15,120.0,0.0,120.0,1.0,0,1,registrado,registrada,0
1039,P000379,Cliente 250,964400,2025-02-15,40.0,0.0,40.0,1.0,0,1,registrado,registrada,0
1040,P000364,Cliente 078,900100,2025-02-15,10.0,0.0,10.0,1.0,0,1,registrado,registrada,0
1041,P000364,Cliente 078,902300,2025-02-15,20.0,0.0,20.0,1.0,0,1,registrado,registrada,0
1042,P000364,Cliente 078,950100,2025-02-15,10.0,0.0,10.0,1.0,0,1,registrado,registrada,0
1043,P000364,Cliente 078,951500,2025-02-15,5.0,0.0,5.0,1.0,0,1,registrado,registrada,0
1044,P000364,Cliente 078,953200,2025-02-15,100.0,0.0,100.0,1.0,0,1,registrado,registrada,0
1045,P000364,Cliente 078,962000,2025-02-15,5.0,0.0,5.0,1.0,0,1,registrado,registrada,0
1046,P000364,Cliente 078,964200,2025-02-15,2.0,0.0,2.0,1.0,0,1,registrado,registrada,0
1047,P000364,Cliente 078,982000,2025-02-15,3.0,0.0,3.0,1.0,0,1,registrado,registrada,0
1048,P000310,Cliente 256,240100,2025-02-17,2500.0,0.0,2500.0,1.0,0,1,registrado,registrada,0
1049,P000309,Cliente 256,240100,2025-02-17,20.0,0.0,20.0,1.0,0,1,registrado,registrada,0
1050,P000403,Cliente 117,961500,2025-02-18,50.0,0.0,50.0,1.0,0,1,registrado,registrada,0
1051,P000403,Cliente 117,961600,2025-02-18,400.0,0.0,400.0,1.0,0,1,registrado,registrada,0
1052,P000403,Cliente 117,963600,2025-02-18,50.0,0.0,50.0,1.0,0,1,registrado,registrada,0
1053,P000403,Cliente 117,964000,2025-02-18,350.0,0.0,350.0,1.0,0,1,registrado,registrada,0
1054,P000404,Cliente 117,950000,2025-02-18,50.0,0.0,50.0,1.0,0,1,registrado,registrada,0
1055,P000404,Cliente 117,961600,2025-02-18,400.0,0.0,400.0,1.0,0,1,registrado,registrada,0
1056,P000404,Cliente 117,963900,2025-02-18,10.0,0.0,10.0,1.0,0,1,registrado,registrada,0
1057,P000404,Cliente 117,964000,2025-02-18,350.0,0.0,350.0,1.0,0,1,registrado,registrada,0
1058,P000404,Cliente 117,981500,2025-02-18,30.0,0.0,30.0,1.0,0,1,registrado,registrada,0
1059,P000308,Cliente 091,987000,2025-02-18,295.0,0.0,295.0,1.0,0,1,registrado,registrada,0
1060,P000358,Cliente 091,965200,2025-02-18,90.0,0.0,90.0,1.0,0,1,registrado,registrada,0
1061,P000204,Cliente 091,948700,2025-02-18,4.0,0.0,4.0,1.0,0,1,registrado,registrada,0
1062,P000397,Cliente 328,949300,2025-02-19,40.0,0.0,40.0,1.0,0,1,registrado,registrada,0
1063,P000001,Cliente 365,969600,2025-02-19,25.0,0.0,25.0,1.0,0,1,registrado,registrada,0
1064,P000001,Cliente 365,969400,2025-02-19,11.0,0.0,11.0,1.0,0,1,registrado,registrada,0
1065,P000001,Cliente 365,968900,2025-02-19,35.0,0.0,35.0,1.0,0,1,registrado,registrada,0
1066,P000001,Cliente 365,971700,2025-02-19,5.0,0.0,5.0,1.0,0,1,registrado,registrada,0
1067,P000001,Cliente 365,966500,2025-02-19,25.0,0.0,25.0,1.0,0,1,registrado,registrada,0
1068,P000001,Cliente 365,966600,2025-02-19,5.0,0.0,5.0,1.0,0,1,registrado,registrada,0
1069,P000001,Cliente 365,966700,2025-02-19,531.0,0.0,531.0,1.0,0,1,registrado,registrada,0
1070,P000001,Cliente 365,966800,2025-02-19,5785.0,0.0,5785.0,1.0,0,1,registrado,registrada,0
1071,P000001,Cliente 365,990500,2025-02-19,132.0,0.0,132.0,1.0,0,1,registrado,registrada,0
1072,P000001,Cliente 365,970100,2025-02-19,67.0,0.0,67.0,1.0,0,1,registrado,registrada,0
1073,P000001,Cliente 365,970500,2025-02-19,5.0,0.0,5.0,1.0,0,1,registrado,registrada,0
1074,P000001,Cliente 365,975800,2025-02-19,191.0,0.0,191.0,1.0,0,1,registrado,registrada,0
1075,P000001,Cliente 365,967100,2025-02-19,30.0,0.0,30.0,1.0,0,1,registrado,registrada,0
1076,P000001,Cliente 365,967800,2025-02-19,115.0,0.0,115.0,1.0,0,1,registrado,registrada,0
1077,P000001,Cliente 365,967900,2025-02-19,63.0,0.0,63.0,1.0,0,1,registrado,registrada,0
1078,P000418,Cliente 114,949300,2025-02-19,50.0,0.0,50.0,1.0,0,1,registrado,registrada,0
1079,P000374,Cliente 174,902300,2025-02-19,1.0,0.0,1.0,1.0,0,1,registrado,registrada,0
1080,P000374,Cliente 174,948600,2025-02-19,14.0,0.0,14.0,1.0,0,1,registrado,registrada,0
1081,P000374,Cliente 174,952600,2025-02-19,10.0,0.0,10.0,1.0,0,1,registrado,registrada,0
1082,P000374,Cliente 174,953800,2025-02-19,7.0,0.0,7.0,1.0,0,1,registrado,registrada,0
1083,P000374,Cliente 174,957000,2025-02-19,3.0,0.0,3.0,1.0,0,1,registrado,registrada,0
1084,P000374,Cliente 174,958000,2025-02-19,5.0,0.0,5.0,1.0,0,1,registrado,registrada,0
1085,P000374,Cliente 174,959000,2025-02-19,5.0,0.0,5.0,1.0,0,1,registrado,registrada,0
1086,P000374,Cliente 174,959900,2025-02-19,3.0,0.0,3.0,1.0,0,1,registrado,registrada,0
1087,P000374,Cliente 174,962100,2025-02-19,7.0,0.0,7.0,1.0,0,1,registrado,registrada,0
1088,P000374,Cliente 174,965300,2025-02-19,8.0,0.0,8.0,1.0,0,1,registrado,registrada,0
1089,P000399,Cliente 238,954200,2025-02-19,20.0,0.0,20.0,1.0,0,1,estimado_nao_verificado,registrada,0
1090,P000399,Cliente 238,955300,2025-02-19,10.0,0.0,10.0,1.0,0,1,estimado_nao_verificado,registrada,0
1091,P000399,Cliente 238,957400,2025-02-19,10.0,0.0,10.0,1.0,0,1,estimado_nao_verificado,registrada,0
1092,P000399,Cliente 238,958400,2025-02-19,20.0,0.0,20.0,1.0,0,1,estimado_nao_verificado,registrada,0
1093,P000399,Cliente 238,959400,2025-02-19,10.0,0.0,10.0,1.0,0,1,estimado_nao_verificado,registrada,0
1094,P000399,Cliente 238,960200,2025-02-19,10.0,0.0,10.0,1.0,0,1,estimado_nao_verificado,registrada,0
1095,P000399,Cliente 238,964800,2025-02-19,20.0,0.0,20.0,1.0,0,1,estimado_nao_verificado,registrada,0
1096,P000401,Cliente 067,953000,2025-02-19,1.0,0.0,1.0,1.0,0,1,ausente,registrada,0
1097,P000401,Cliente 067,966200,2025-02-19,3.0,0.0,3.0,1.0,0,1,estimado_nao_verificado,registrada,1
1098,P000401,Cliente 067,966600,2025-02-19,30.0,0.0,30.0,1.0,0,1,estimado_nao_verificado,registrada,0
1099,P000401,Cliente 067,966700,2025-02-19,30.0,0.0,30.0,1.0,0,1,estimado_nao_verificado,registrada,1
1100,P000401,Cliente 067,966800,2025-02-19,200.0,0.0,200.0,1.0,0,1,estimado_nao_verificado,registrada,1
1101,P000401,Cliente 067,967100,2025-02-19,15.0,0.0,15.0,1.0,0,1,estimado_nao_verificado,registrada,1
1102,P000401,Cliente 067,970100,2025-02-19,15.0,0.0,15.0,1.0,0,1,estimado_nao_verificado,registrada,1
1103,P000401,Cliente 067,970900,2025-02-19,2.0,0.0,2.0,1.0,0,1,ausente,registrada,1
1104,P000401,Cliente 067,972200,2025-02-19,35.0,0.0,35.0,1.0,0,1,estimado_nao_verificado,registrada,1
1105,P000401,Cliente 067,990500,2025-02-19,10.0,0.0,10.0,1.0,0,1,estimado_nao_verificado,registrada,1
1106,P000401,Cliente 067,966200,2025-02-19,3.0,0.0,3.0,1.0,0,1,estimado_nao_verificado,registrada,1
1107,P000401,Cliente 067,966600,2025-02-19,30.0,0.0,30.0,1.0,0,1,estimado_nao_verificado,registrada,0
1108,P000401,Cliente 067,966700,2025-02-19,30.0,0.0,30.0,1.0,0,1,estimado_nao_verificado,registrada,1
1109,P000401,Cliente 067,966800,2025-02-19,200.0,0.0,200.0,1.0,0,1,estimado_nao_verificado,registrada,1
1110,P000401,Cliente 067,967100,2025-02-19,15.0,0.0,15.0,1.0,0,1,estimado_nao_verificado,registrada,1
1111,P000401,Cliente 067,970100,2025-02-19,15.0,0.0,15.0,1.0,0,1,estimado_nao_verificado,registrada,1
1112,P000401,Cliente 067,970900,2025-02-19,2.0,0.0,2.0,1.0,0,1,ausente,registrada,1
1113,P000401,Cliente 067,972200,2025-02-19,35.0,0.0,35.0,1.0,0,1,estimado_nao_verificado,registrada,1
1114,P000401,Cliente 067,990500,2025-02-19,10.0,0.0,10.0,1.0,0,1,estimado_nao_verificado,registrada,1
1115,P000401,Cliente 067,966800,2025-02-19,20.0,0.0,20.0,1.0,0,1,estimado_nao_verificado,registrada,0
1116,P000002,Cliente 357,902300,2025-02-19,9.0,0.0,9.0,1.0,0,1,estimado_nao_verificado,registrada,0
1117,P000002,Cliente 357,961500,2025-02-19,24.0,0.0,24.0,1.0,0,1,estimado_nao_verificado,registrada,0
1118,P000002,Cliente 357,961600,2025-02-19,11.0,0.0,11.0,1.0,0,1,estimado_nao_verificado,registrada,0
1119,P000002,Cliente 357,963900,2025-02-19,18.0,0.0,18.0,1.0,0,1,estimado_nao_verificado,registrada,0
1120,P000002,Cliente 357,964000,2025-02-19,1.0,0.0,1.0,1.0,0,1,estimado_nao_verificado,registrada,0
1121,P000002,Cliente 357,961000,2025-02-19,31.0,0.0,31.0,1.0,0,1,estimado_nao_verificado,registrada,0
1122,P000002,Cliente 357,969100,2025-02-19,3.0,0.0,3.0,1.0,0,1,ausente,registrada,0
1123,P000002,Cliente 357,968800,2025-02-19,1.0,0.0,1.0,1.0,0,1,ausente,registrada,0
1124,P000002,Cliente 357,968900,2025-02-19,4.0,0.0,4.0,1.0,0,1,estimado_nao_verificado,registrada,0
1125,P000002,Cliente 357,971500,2025-02-19,3.0,0.0,3.0,1.0,0,1,estimado_nao_verificado,registrada,0
1126,P000002,Cliente 357,972200,2025-02-19,11.0,0.0,11.0,1.0,0,1,estimado_nao_verificado,registrada,0
1127,P000002,Cliente 357,966200,2025-02-19,82.0,0.0,82.0,1.0,0,1,estimado_nao_verificado,registrada,0
1128,P000002,Cliente 357,966300,2025-02-19,59.0,0.0,59.0,1.0,0,1,estimado_nao_verificado,registrada,0
1129,P000002,Cliente 357,966400,2025-02-19,105.0,0.0,105.0,1.0,0,1,ausente,registrada,0
1130,P000002,Cliente 357,966500,2025-02-19,22.0,0.0,22.0,1.0,0,1,estimado_nao_verificado,registrada,0
1131,P000002,Cliente 357,966600,2025-02-19,93.0,0.0,93.0,1.0,0,1,estimado_nao_verificado,registrada,0
1132,P000002,Cliente 357,966700,2025-02-19,24.0,0.0,24.0,1.0,0,1,estimado_nao_verificado,registrada,0
1133,P000002,Cliente 357,966800,2025-02-19,1046.0,0.0,1046.0,1.0,0,1,estimado_nao_verificado,registrada,0
1134,P000002,Cliente 357,990500,2025-02-19,8.0,0.0,8.0,1.0,0,1,estimado_nao_verificado,registrada,0
1135,P000002,Cliente 357,970000,2025-02-19,1.0,0.0,1.0,1.0,0,1,ausente,registrada,0
1136,P000002,Cliente 357,970100,2025-02-19,8.0,0.0,8.0,1.0,0,1,estimado_nao_verificado,registrada,0
1137,P000002,Cliente 357,970200,2025-02-19,3.0,0.0,3.0,1.0,0,1,estimado_nao_verificado,registrada,0
1138,P000002,Cliente 357,967800,2025-02-19,7.0,0.0,7.0,1.0,0,1,estimado_nao_verificado,registrada,0
1139,P000376,Cliente 134,949300,2025-02-20,800.0,0.0,800.0,1.0,0,1,registrado,registrada,0
1140,P000422,Cliente 169,949300,2025-02-20,600.0,0.0,600.0,1.0,0,1,registrado,registrada,0
1141,P000427,Cliente 024,948600,2025-02-20,150.0,0.0,150.0,1.0,0,1,estimado_nao_verificado,registrada,0
1142,P000427,Cliente 024,951600,2025-02-20,300.0,0.0,300.0,1.0,0,1,estimado_nao_verificado,registrada,0
1143,P000427,Cliente 024,953800,2025-02-20,50.0,0.0,50.0,1.0,0,1,registrado,registrada,0
1144,P000427,Cliente 024,954900,2025-02-20,150.0,0.0,150.0,1.0,0,1,registrado,registrada,0
1145,P000427,Cliente 024,957000,2025-02-20,50.0,0.0,50.0,1.0,0,1,estimado_nao_verificado,registrada,0
1146,P000427,Cliente 024,958000,2025-02-20,250.0,0.0,250.0,1.0,0,1,registrado,registrada,0
1147,P000427,Cliente 024,959000,2025-02-20,10.0,0.0,10.0,1.0,0,1,estimado_nao_verificado,registrada,0
1148,P000427,Cliente 024,962100,2025-02-20,125.0,0.0,125.0,1.0,0,1,estimado_nao_verificado,registrada,0
1149,P000427,Cliente 024,965300,2025-02-20,100.0,0.0,100.0,1.0,0,1,registrado,registrada,0
1150,P000429,Cliente 024,963400,2025-02-20,75.0,0.0,75.0,1.0,0,1,estimado_nao_verificado,registrada,0
1151,P000003,Cliente 288,146500,2025-02-20,129.0,0.0,129.0,1.0,0,1,ausente,registrada,0
1152,P000003,Cliente 288,146600,2025-02-20,51.0,0.0,51.0,1.0,0,1,ausente,registrada,0
1153,P000003,Cliente 288,146400,2025-02-20,70.0,0.0,70.0,1.0,0,1,ausente,registrada,0
1154,P000003,Cliente 288,146800,2025-02-20,59.0,0.0,59.0,1.0,0,1,ausente,registrada,0
1155,P000003,Cliente 288,146700,2025-02-20,54.0,0.0,54.0,1.0,0,1,ausente,registrada,0
1156,P000003,Cliente 288,987300,2025-02-20,250.0,0.0,250.0,1.0,0,1,ausente,registrada,0
1157,P000003,Cliente 288,979000,2025-02-20,100.0,0.0,100.0,1.0,0,1,ausente,registrada,0
1164,P000387,Cliente 294,961600,2025-02-21,150.0,0.0,150.0,1.0,0,1,registrado,registrada,0
1165,P000387,Cliente 294,964000,2025-02-21,150.0,0.0,150.0,1.0,0,1,registrado,registrada,0
1166,P000241,Cliente 294,961600,2025-02-21,3.0,0.0,3.0,1.0,0,1,registrado,registrada,0
1167,P000386,Cliente 239,961600,2025-02-21,5.0,0.0,5.0,1.0,0,1,registrado,registrada,0
1168,P000386,Cliente 239,964000,2025-02-21,5.0,0.0,5.0,1.0,0,1,registrado,registrada,0
1169,P000301,Cliente 293,961200,2025-02-21,10.0,0.0,10.0,1.0,0,1,registrado,registrada,0
1170,P000301,Cliente 293,961600,2025-02-21,15.0,0.0,15.0,1.0,0,1,registrado,registrada,0
1171,P000301,Cliente 293,963600,2025-02-21,5.0,0.0,5.0,1.0,0,1,registrado,registrada,0
1172,P000301,Cliente 293,964000,2025-02-21,2.0,0.0,2.0,1.0,0,1,registrado,registrada,0
1173,P000302,Cliente 293,961200,2025-02-21,10.0,0.0,10.0,1.0,0,1,registrado,registrada,0
1174,P000302,Cliente 293,961600,2025-02-21,20.0,0.0,20.0,1.0,0,1,registrado,registrada,0
1175,P000302,Cliente 293,963600,2025-02-21,5.0,0.0,5.0,1.0,0,1,registrado,registrada,0
1176,P000302,Cliente 293,964000,2025-02-21,7.0,0.0,7.0,1.0,0,1,registrado,registrada,0
1177,P000388,Cliente 197,961600,2025-02-21,40.0,0.0,40.0,1.0,0,1,registrado,registrada,0
1178,P000388,Cliente 197,964000,2025-02-21,10.0,0.0,10.0,1.0,0,1,registrado,registrada,0
1179,P000388,Cliente 197,981500,2025-02-21,5.0,0.0,5.0,1.0,0,1,registrado,registrada,0
1180,P000402,Cliente 255,961600,2025-02-21,15.0,0.0,15.0,1.0,0,1,registrado,registrada,0
1181,P000402,Cliente 255,964000,2025-02-21,10.0,0.0,10.0,1.0,0,1,registrado,registrada,0
1182,P000440,Cliente 330,961600,2025-02-21,15.0,0.0,15.0,1.0,0,1,registrado,registrada,0
1183,P000440,Cliente 330,964000,2025-02-21,15.0,0.0,15.0,1.0,0,1,registrado,registrada,0
1184,P000423,Cliente 201,902300,2025-02-21,16.0,0.0,16.0,1.0,0,1,estimado_nao_verificado,registrada,0
1185,P000423,Cliente 201,948700,2025-02-21,30.0,0.0,30.0,1.0,0,1,estimado_nao_verificado,registrada,0
1186,P000423,Cliente 201,961800,2025-02-21,18.0,0.0,18.0,1.0,0,1,estimado_nao_verificado,registrada,0
1187,P000423,Cliente 201,963100,2025-02-21,28.0,0.0,28.0,1.0,0,1,estimado_nao_verificado,registrada,0
1188,P000428,Cliente 203,961600,2025-02-21,500.0,0.0,500.0,1.0,0,1,registrado,registrada,0
1189,P000428,Cliente 203,964000,2025-02-21,100.0,0.0,100.0,1.0,0,1,registrado,registrada,0
1190,P000408,Cliente 156,966400,2025-02-21,60.0,0.0,60.0,1.0,0,1,ausente,registrada,0
1191,P000406,Cliente 061,950400,2025-02-21,400.0,0.0,400.0,1.0,0,1,estimado_nao_verificado,registrada,0
1192,P000435,Cliente 167,902300,2025-02-21,52.0,0.0,52.0,1.0,0,1,estimado_nao_verificado,registrada,0
1193,P000435,Cliente 167,951400,2025-02-21,1.0,0.0,1.0,1.0,0,1,estimado_nao_verificado,registrada,0
1194,P000435,Cliente 167,953800,2025-02-21,3.0,0.0,3.0,1.0,0,1,estimado_nao_verificado,registrada,0
1195,P000435,Cliente 167,956000,2025-02-21,5.0,0.0,5.0,1.0,0,1,estimado_nao_verificado,registrada,0
1196,P000435,Cliente 167,958000,2025-02-21,5.0,0.0,5.0,1.0,0,1,estimado_nao_verificado,registrada,0
1197,P000435,Cliente 167,959000,2025-02-21,3.0,0.0,3.0,1.0,0,1,estimado_nao_verificado,registrada,0
1198,P000435,Cliente 167,965300,2025-02-21,3.0,0.0,3.0,1.0,0,1,estimado_nao_verificado,registrada,0
1199,P000436,Cliente 260,961600,2025-02-21,10.0,0.0,10.0,1.0,0,1,ausente,registrada,0
1200,P000436,Cliente 260,964000,2025-02-21,5.0,0.0,5.0,1.0,0,1,estimado_nao_verificado,registrada,0
1201,P000436,Cliente 260,981500,2025-02-21,2.0,0.0,2.0,1.0,0,1,estimado_nao_verificado,registrada,0
1202,P000437,Cliente 260,966800,2025-02-21,50.0,0.0,50.0,1.0,0,1,estimado_nao_verificado,registrada,0
1203,P000438,Cliente 072,950100,2025-02-21,25.0,0.0,25.0,1.0,0,1,estimado_nao_verificado,registrada,0
1204,P000438,Cliente 072,951500,2025-02-21,20.0,0.0,20.0,1.0,0,1,estimado_nao_verificado,registrada,0
1205,P000438,Cliente 072,953800,2025-02-21,15.0,0.0,15.0,1.0,0,1,estimado_nao_verificado,registrada,0
1206,P000438,Cliente 072,956000,2025-02-21,25.0,0.0,25.0,1.0,0,1,estimado_nao_verificado,registrada,0
1207,P000438,Cliente 072,958000,2025-02-21,25.0,0.0,25.0,1.0,0,1,estimado_nao_verificado,registrada,0
1208,P000438,Cliente 072,959000,2025-02-21,20.0,0.0,20.0,1.0,0,1,estimado_nao_verificado,registrada,0
1209,P000442,Cliente 072,951200,2025-02-21,1.0,0.0,1.0,1.0,0,1,estimado_nao_verificado,registrada,0
1210,P000434,Cliente 078,900100,2025-02-21,15.0,0.0,15.0,1.0,0,1,estimado_nao_verificado,registrada,0
1211,P000434,Cliente 078,902300,2025-02-21,20.0,0.0,20.0,1.0,0,1,estimado_nao_verificado,registrada,0
1212,P000434,Cliente 078,953200,2025-02-21,20.0,0.0,20.0,1.0,0,1,estimado_nao_verificado,registrada,0
1213,P000434,Cliente 078,953800,2025-02-21,1.0,0.0,1.0,1.0,0,1,estimado_nao_verificado,registrada,0
1214,P000434,Cliente 078,954300,2025-02-21,1.0,0.0,1.0,1.0,0,1,estimado_nao_verificado,registrada,0
1215,P000434,Cliente 078,956000,2025-02-21,1.0,0.0,1.0,1.0,0,1,estimado_nao_verificado,registrada,0
1216,P000434,Cliente 078,957000,2025-02-21,1.0,0.0,1.0,1.0,0,1,estimado_nao_verificado,registrada,0
1217,P000434,Cliente 078,958000,2025-02-21,1.0,0.0,1.0,1.0,0,1,estimado_nao_verificado,registrada,0
1218,P000434,Cliente 078,958500,2025-02-21,1.0,0.0,1.0,1.0,0,1,estimado_nao_verificado,registrada,0
1219,P000434,Cliente 078,959900,2025-02-21,1.0,0.0,1.0,1.0,0,1,estimado_nao_verificado,registrada,0
1220,P000434,Cliente 078,965000,2025-02-21,1.0,0.0,1.0,1.0,0,1,ausente,registrada,0
1221,P000434,Cliente 078,965300,2025-02-21,1.0,0.0,1.0,1.0,0,1,estimado_nao_verificado,registrada,0
1222,P000398,Cliente 213,950000,2025-02-21,80.0,0.0,80.0,1.0,0,1,estimado_nao_verificado,registrada,0
1223,P000398,Cliente 213,961600,2025-02-21,20.0,0.0,20.0,1.0,0,1,ausente,registrada,0
1224,P000398,Cliente 213,964000,2025-02-21,10.0,0.0,10.0,1.0,0,1,estimado_nao_verificado,registrada,0
1225,P000398,Cliente 213,981500,2025-02-21,25.0,0.0,25.0,1.0,0,1,estimado_nao_verificado,registrada,0
1226,P000419,Cliente 127,950000,2025-02-21,15.0,0.0,15.0,1.0,0,1,estimado_nao_verificado,registrada,0
1227,P000419,Cliente 127,961600,2025-02-21,20.0,0.0,20.0,1.0,0,1,ausente,registrada,0
1228,P000419,Cliente 127,964000,2025-02-21,30.0,0.0,30.0,1.0,0,1,estimado_nao_verificado,registrada,0
1229,P000430,Cliente 274,949300,2025-02-21,40.0,0.0,40.0,1.0,0,1,estimado_nao_verificado,registrada,0
1230,P000430,Cliente 274,950400,2025-02-21,20.0,0.0,20.0,1.0,0,1,estimado_nao_verificado,registrada,0
1231,P000421,Cliente 124,961600,2025-02-21,30.0,0.0,30.0,1.0,0,1,ausente,registrada,0
1232,P000421,Cliente 124,964000,2025-02-21,30.0,0.0,30.0,1.0,0,1,estimado_nao_verificado,registrada,0
1233,P000421,Cliente 124,981500,2025-02-21,1.0,0.0,1.0,1.0,0,1,estimado_nao_verificado,registrada,0
1234,P000420,Cliente 124,966800,2025-02-21,20.0,0.0,20.0,1.0,0,1,estimado_nao_verificado,registrada,0
1235,P000431,Cliente 235,902100,2025-02-21,3.0,0.0,3.0,1.0,0,1,estimado_nao_verificado,registrada,0
1236,P000431,Cliente 235,950100,2025-02-21,5.0,0.0,5.0,1.0,0,1,estimado_nao_verificado,registrada,0
1237,P000431,Cliente 235,951300,2025-02-21,15.0,0.0,15.0,1.0,0,1,estimado_nao_verificado,registrada,0
1238,P000431,Cliente 235,961000,2025-02-21,5.0,0.0,5.0,1.0,0,1,estimado_nao_verificado,registrada,0
1239,P000431,Cliente 235,961500,2025-02-21,3.0,0.0,3.0,1.0,0,1,estimado_nao_verificado,registrada,0
1240,P000431,Cliente 235,961600,2025-02-21,8.0,0.0,8.0,1.0,0,1,ausente,registrada,0
1241,P000431,Cliente 235,962000,2025-02-21,3.0,0.0,3.0,1.0,0,1,estimado_nao_verificado,registrada,0
1242,P000431,Cliente 235,963900,2025-02-21,5.0,0.0,5.0,1.0,0,1,estimado_nao_verificado,registrada,0
1243,P000431,Cliente 235,964000,2025-02-21,5.0,0.0,5.0,1.0,0,1,estimado_nao_verificado,registrada,0
1244,P000431,Cliente 235,964200,2025-02-21,5.0,0.0,5.0,1.0,0,1,estimado_nao_verificado,registrada,0
1245,P000431,Cliente 235,965000,2025-02-21,1.0,0.0,1.0,1.0,0,1,ausente,registrada,0
1246,P000431,Cliente 235,981400,2025-02-21,3.0,0.0,3.0,1.0,0,1,ausente,registrada,0
1247,P000431,Cliente 235,981500,2025-02-21,5.0,0.0,5.0,1.0,0,1,estimado_nao_verificado,registrada,0
1248,P000432,Cliente 059,952500,2025-02-21,3.0,0.0,3.0,1.0,0,1,estimado_nao_verificado,registrada,0
1249,P000432,Cliente 059,954900,2025-02-21,35.0,0.0,35.0,1.0,0,1,estimado_nao_verificado,registrada,0
1250,P000432,Cliente 059,957000,2025-02-21,10.0,0.0,10.0,1.0,0,1,estimado_nao_verificado,registrada,0
1251,P000432,Cliente 059,958000,2025-02-21,25.0,0.0,25.0,1.0,0,1,estimado_nao_verificado,registrada,0
1252,P000432,Cliente 059,959000,2025-02-21,30.0,0.0,30.0,1.0,0,1,estimado_nao_verificado,registrada,0
1253,P000432,Cliente 059,961600,2025-02-21,3.0,0.0,3.0,1.0,0,1,ausente,registrada,0
1254,P000432,Cliente 059,962000,2025-02-21,10.0,0.0,10.0,1.0,0,1,estimado_nao_verificado,registrada,0
1255,P000432,Cliente 059,982000,2025-02-21,3.0,0.0,3.0,1.0,0,1,estimado_nao_verificado,registrada,0
1256,P000411,Cliente 105,966700,2025-02-21,10.0,0.0,10.0,1.0,0,1,estimado_nao_verificado,registrada,0
1257,P000410,Cliente 105,902100,2025-02-21,3.0,0.0,3.0,1.0,0,1,estimado_nao_verificado,registrada,0
1258,P000410,Cliente 105,950000,2025-02-21,2.0,0.0,2.0,1.0,0,1,estimado_nao_verificado,registrada,0
1259,P000410,Cliente 105,952300,2025-02-21,2.0,0.0,2.0,1.0,0,1,ausente,registrada,0
1260,P000410,Cliente 105,961600,2025-02-21,3.0,0.0,3.0,1.0,0,1,ausente,registrada,0
1261,P000410,Cliente 105,964000,2025-02-21,1.0,0.0,1.0,1.0,0,1,estimado_nao_verificado,registrada,0
1262,P000412,Cliente 105,966700,2025-02-21,1.0,0.0,1.0,1.0,0,1,estimado_nao_verificado,registrada,0
1263,P000325,Cliente 236,966800,2025-02-21,200.0,0.0,200.0,1.0,0,1,registrado,registrada,0
1264,P001882,Cliente 245,952400,2025-02-21,1.0,0.0,1.0,1.0,0,1,estimado_nao_verificado,registrada,0
1265,P001882,Cliente 245,948700,2025-02-21,1.0,0.0,1.0,1.0,0,1,estimado_nao_verificado,registrada,0
1266,P001882,Cliente 245,951400,2025-02-21,3.0,0.0,3.0,1.0,0,1,estimado_nao_verificado,registrada,0
1267,P000446,Cliente 222,966800,2025-02-21,20.0,0.0,20.0,1.0,0,1,estimado_nao_verificado,registrada,0
1268,P000446,Cliente 222,971700,2025-02-21,1.0,0.0,1.0,1.0,0,1,estimado_nao_verificado,registrada,0
1269,P000446,Cliente 222,971900,2025-02-21,1.0,0.0,1.0,1.0,0,1,ausente,registrada,0
1270,P000447,Cliente 222,951300,2025-02-21,1.0,0.0,1.0,1.0,0,1,estimado_nao_verificado,registrada,0
1271,P000447,Cliente 222,958400,2025-02-21,2.0,0.0,2.0,1.0,0,1,estimado_nao_verificado,registrada,0
1272,P000425,Cliente 143,973800,2025-02-24,50.0,0.0,50.0,1.0,0,1,registrado,registrada,0
1273,P000425,Cliente 143,973900,2025-02-24,50.0,0.0,50.0,1.0,0,1,registrado,registrada,0
1274,P000413,Cliente 276,948600,2025-02-24,300.0,0.0,300.0,1.0,0,1,registrado,registrada,0
1275,P000452,Cliente 057,961600,2025-02-24,30.0,0.0,30.0,1.0,0,1,registrado,registrada,0
1276,P000452,Cliente 057,964000,2025-02-24,20.0,0.0,20.0,1.0,0,1,registrado,registrada,0
1277,P000451,Cliente 332,949300,2025-02-24,20.0,0.0,20.0,1.0,0,1,registrado,registrada,0
1278,P000451,Cliente 332,951400,2025-02-24,20.0,0.0,20.0,1.0,0,1,registrado,registrada,0
1279,P000451,Cliente 332,961800,2025-02-24,4.0,0.0,4.0,1.0,0,1,registrado,registrada,0
1280,P000451,Cliente 332,981700,2025-02-24,4.0,0.0,4.0,1.0,0,1,registrado,registrada,0
1281,P000004,Cliente 357,961500,2025-02-24,1.0,0.0,1.0,1.0,0,1,registrado,registrada,0
1282,P000004,Cliente 357,961600,2025-02-24,60.0,0.0,60.0,1.0,0,1,registrado,registrada,0
1283,P000004,Cliente 357,964000,2025-02-24,28.0,0.0,28.0,1.0,0,1,registrado,registrada,0
1284,P000004,Cliente 357,961000,2025-02-24,11.0,0.0,11.0,1.0,0,1,estimado_nao_verificado,registrada,0
1285,P000004,Cliente 357,968800,2025-02-24,2.0,0.0,2.0,1.0,0,1,ausente,registrada,0
1286,P000004,Cliente 357,968900,2025-02-24,2.0,0.0,2.0,1.0,0,1,estimado_nao_verificado,registrada,0
1287,P000004,Cliente 357,966200,2025-02-24,13.0,0.0,13.0,1.0,0,1,estimado_nao_verificado,registrada,0
1288,P000004,Cliente 357,966300,2025-02-24,17.0,0.0,17.0,1.0,0,1,estimado_nao_verificado,registrada,0
1289,P000004,Cliente 357,966400,2025-02-24,15.0,0.0,15.0,1.0,0,1,ausente,registrada,0
1290,P000004,Cliente 357,966500,2025-02-24,8.0,0.0,8.0,1.0,0,1,estimado_nao_verificado,registrada,0
1291,P000004,Cliente 357,966600,2025-02-24,86.0,0.0,86.0,1.0,0,1,estimado_nao_verificado,registrada,0
1292,P000004,Cliente 357,966700,2025-02-24,12.0,0.0,12.0,1.0,0,1,estimado_nao_verificado,registrada,0
1293,P000004,Cliente 357,966800,2025-02-24,30.0,0.0,30.0,1.0,0,1,estimado_nao_verificado,registrada,0
1294,P000004,Cliente 357,990400,2025-02-24,2.0,0.0,2.0,1.0,0,1,ausente,registrada,0
1295,P000004,Cliente 357,990500,2025-02-24,1.0,0.0,1.0,1.0,0,1,estimado_nao_verificado,registrada,0
1296,P000004,Cliente 357,970000,2025-02-24,2.0,0.0,2.0,1.0,0,1,ausente,registrada,0
1297,P000004,Cliente 357,970100,2025-02-24,2.0,0.0,2.0,1.0,0,1,estimado_nao_verificado,registrada,0
1298,P000004,Cliente 357,967700,2025-02-24,2.0,0.0,2.0,1.0,0,1,ausente,registrada,0
1299,P000004,Cliente 357,967800,2025-02-24,1.0,0.0,1.0,1.0,0,1,estimado_nao_verificado,registrada,0
1300,P000415,Cliente 284,951300,2025-02-24,4.0,0.0,4.0,1.0,0,1,registrado,registrada,0
1301,P000415,Cliente 284,954300,2025-02-24,5.0,0.0,5.0,1.0,0,1,registrado,registrada,0
1302,P000415,Cliente 284,958500,2025-02-24,5.0,0.0,5.0,1.0,0,1,registrado,registrada,0
1303,P000415,Cliente 284,961600,2025-02-24,1.0,0.0,1.0,1.0,0,1,registrado,registrada,0
1304,P000415,Cliente 284,981500,2025-02-24,1.0,0.0,1.0,1.0,0,1,registrado,registrada,0
1305,P000416,Cliente 284,951300,2025-02-24,4.0,0.0,4.0,1.0,0,1,registrado,registrada,0
1306,P000416,Cliente 284,954300,2025-02-24,4.0,0.0,4.0,1.0,0,1,registrado,registrada,0
1307,P000416,Cliente 284,958500,2025-02-24,4.0,0.0,4.0,1.0,0,1,registrado,registrada,0
1308,P000416,Cliente 284,961600,2025-02-24,1.0,0.0,1.0,1.0,0,1,registrado,registrada,0
1309,P000417,Cliente 284,954300,2025-02-24,4.0,0.0,4.0,1.0,0,1,registrado,registrada,0
1310,P000417,Cliente 284,958500,2025-02-24,2.0,0.0,2.0,1.0,0,1,registrado,registrada,0
1311,P000417,Cliente 284,961600,2025-02-24,1.0,0.0,1.0,1.0,0,1,registrado,registrada,0
1312,P000454,Cliente 222,953100,2025-02-24,1.0,0.0,1.0,1.0,0,1,registrado,registrada,0
1313,P000455,Cliente 222,699700,2025-02-24,1.0,0.0,1.0,1.0,0,1,registrado,registrada,0
1314,P000455,Cliente 222,966800,2025-02-24,20.0,0.0,20.0,1.0,0,1,registrado,registrada,0
1315,P000456,Cliente 267,966700,2025-02-24,4.0,0.0,4.0,1.0,0,1,registrado,registrada,0
1316,P000072,Cliente 091,950400,2025-02-26,520.0,0.0,520.0,1.0,0,1,registrado,registrada,0
1317,P000439,Cliente 103,971300,2025-02-26,201.0,0.0,201.0,1.0,0,1,registrado,registrada,0
1318,P000439,Cliente 103,121240,2025-02-26,125.0,0.0,125.0,1.0,0,1,registrado,registrada,0
1319,P001898,Cliente 365,971700,2025-02-27,2.0,0.0,2.0,1.0,0,1,estimado_nao_verificado,registrada,0
1320,P001898,Cliente 365,966500,2025-02-27,10.0,0.0,10.0,1.0,0,1,estimado_nao_verificado,registrada,0
1321,P001898,Cliente 365,966600,2025-02-27,70.0,0.0,70.0,1.0,0,1,estimado_nao_verificado,registrada,0
1322,P001898,Cliente 365,966700,2025-02-27,431.0,0.0,431.0,1.0,0,1,estimado_nao_verificado,registrada,0
1323,P001898,Cliente 365,966800,2025-02-27,5790.0,0.0,5790.0,1.0,0,1,estimado_nao_verificado,registrada,0
1324,P001898,Cliente 365,990500,2025-02-27,101.0,0.0,101.0,1.0,0,1,estimado_nao_verificado,registrada,0
1325,P001898,Cliente 365,970100,2025-02-27,36.0,0.0,36.0,1.0,0,1,estimado_nao_verificado,registrada,0
1326,P001898,Cliente 365,970500,2025-02-27,2.0,0.0,2.0,1.0,0,1,estimado_nao_verificado,registrada,0
1327,P001898,Cliente 365,975800,2025-02-27,300.0,0.0,300.0,1.0,0,1,estimado_nao_verificado,registrada,0
1328,P001898,Cliente 365,967100,2025-02-27,10.0,0.0,10.0,1.0,0,1,estimado_nao_verificado,registrada,0
1329,P001898,Cliente 365,967800,2025-02-27,89.0,0.0,89.0,1.0,0,1,estimado_nao_verificado,registrada,0
1330,P001898,Cliente 365,967900,2025-02-27,43.0,0.0,43.0,1.0,0,1,estimado_nao_verificado,registrada,0
1331,P001898,Cliente 365,969600,2025-02-27,5.0,0.0,5.0,1.0,0,1,estimado_nao_verificado,registrada,0
1332,P001898,Cliente 365,968900,2025-02-27,13.0,0.0,13.0,1.0,0,1,estimado_nao_verificado,registrada,0
1333,P000400,Cliente 315,902300,2025-02-26,1108.0,0.0,1108.0,1.0,0,1,registrado,registrada,0
1334,P000400,Cliente 315,949300,2025-02-26,80.0,0.0,80.0,1.0,0,1,registrado,registrada,0
1335,P000400,Cliente 315,951400,2025-02-26,12.0,0.0,12.0,1.0,0,1,registrado,registrada,0
1336,P000426,Cliente 094,955100,2025-02-26,1.0,0.0,1.0,1.0,0,1,registrado,registrada,0
1337,P000426,Cliente 094,958200,2025-02-26,1.0,0.0,1.0,1.0,0,1,registrado,registrada,0
1338,P000426,Cliente 094,981700,2025-02-26,7.0,0.0,7.0,1.0,0,1,registrado,registrada,0
1339,P000393,Cliente 122,966300,2025-02-26,30.0,0.0,30.0,1.0,0,1,registrado,registrada,0
1340,P000392,Cliente 122,966300,2025-02-26,30.0,0.0,30.0,1.0,0,1,registrado,registrada,0
1341,P000392,Cliente 122,966400,2025-02-26,30.0,0.0,30.0,1.0,0,1,registrado,registrada,0
1342,P000392,Cliente 122,966600,2025-02-26,25.0,0.0,25.0,1.0,0,1,registrado,registrada,0
1343,P000392,Cliente 122,966700,2025-02-26,5.0,0.0,5.0,1.0,0,1,registrado,registrada,0
1344,P000469,Cliente 151,982700,2025-02-27,200.0,0.0,200.0,1.0,0,1,registrado,registrada,0
1345,P000491,Cliente 143,973900,2025-02-27,51.0,0.0,51.0,1.0,0,1,registrado,registrada,0
1346,P000414,Cliente 257,902300,2025-02-28,1280.0,0.0,1280.0,1.0,0,1,registrado,registrada,0
1347,P000487,Cliente 117,950000,2025-02-28,50.0,0.0,50.0,1.0,0,1,registrado,registrada,0
1348,P000487,Cliente 117,961600,2025-02-28,750.0,0.0,750.0,1.0,0,1,registrado,registrada,0
1349,P000487,Cliente 117,963900,2025-02-28,35.0,0.0,35.0,1.0,0,1,registrado,registrada,0
1350,P000487,Cliente 117,964000,2025-02-28,600.0,0.0,600.0,1.0,0,1,registrado,registrada,0
1351,P000487,Cliente 117,981500,2025-02-28,30.0,0.0,30.0,1.0,0,1,registrado,registrada,0
1352,P000449,Cliente 181,950100,2025-03-02,80.0,0.0,80.0,1.0,0,1,registrado,registrada,0
1353,P000449,Cliente 181,953200,2025-03-02,30.0,0.0,30.0,1.0,0,1,registrado,registrada,0
1354,P000449,Cliente 181,962000,2025-03-02,12.0,0.0,12.0,1.0,0,1,registrado,registrada,0
1355,P000449,Cliente 181,981900,2025-03-02,80.0,0.0,80.0,1.0,0,1,registrado,registrada,0
1356,P000444,Cliente 230,950400,2025-03-02,1200.0,0.0,1200.0,1.0,0,1,registrado,registrada,0
1357,P000409,Cliente 148,902200,2025-02-28,350.0,0.0,350.0,1.0,0,1,registrado,registrada,0
1358,P000409,Cliente 148,976900,2025-02-28,11.0,0.0,11.0,1.0,0,1,registrado,registrada,0
1359,P000409,Cliente 148,977200,2025-02-28,11.0,0.0,11.0,1.0,0,1,registrado,registrada,0
1360,P000409,Cliente 148,977300,2025-02-28,9.0,0.0,9.0,1.0,0,1,registrado,registrada,0
1361,P000409,Cliente 148,977600,2025-02-28,300.0,0.0,300.0,1.0,0,1,registrado,registrada,0
1362,P000409,Cliente 148,977700,2025-02-28,25.0,0.0,25.0,1.0,0,1,registrado,registrada,0
1363,P000409,Cliente 148,977900,2025-02-28,1500.0,0.0,1500.0,1.0,0,1,registrado,registrada,0
1364,P000409,Cliente 148,978200,2025-02-28,10.0,0.0,10.0,1.0,0,1,registrado,registrada,0
1365,P000409,Cliente 148,978500,2025-02-28,400.0,0.0,400.0,1.0,0,1,registrado,registrada,0
1366,P000409,Cliente 148,978600,2025-02-28,100.0,0.0,100.0,1.0,0,1,registrado,registrada,0
1367,P000409,Cliente 148,976100,2025-02-28,13.0,0.0,13.0,1.0,0,1,registrado,registrada,0
1368,P000409,Cliente 148,987600,2025-02-28,400.0,0.0,400.0,1.0,0,1,registrado,registrada,0
1369,P000409,Cliente 148,987700,2025-02-28,150.0,0.0,150.0,1.0,0,1,registrado,registrada,0
1370,P000323,Cliente 175,966800,2025-03-03,500.0,0.0,500.0,1.0,0,1,estimado_nao_verificado,registrada,0
1371,P000323,Cliente 175,979800,2025-03-03,100.0,0.0,100.0,1.0,0,1,ausente,registrada,0
1372,P000323,Cliente 175,980000,2025-03-03,300.0,0.0,300.0,1.0,0,1,ausente,registrada,0
1373,P000323,Cliente 175,980100,2025-03-03,200.0,0.0,200.0,1.0,0,1,estimado_nao_verificado,registrada,0
1374,P000323,Cliente 175,980200,2025-03-03,400.0,0.0,400.0,1.0,0,1,estimado_nao_verificado,registrada,0
1375,P000323,Cliente 175,980300,2025-03-03,150.0,0.0,150.0,1.0,0,1,estimado_nao_verificado,registrada,0
1376,P000323,Cliente 175,980500,2025-03-03,250.0,0.0,250.0,1.0,0,1,estimado_nao_verificado,registrada,0
1377,P000323,Cliente 175,980600,2025-03-03,600.0,0.0,600.0,1.0,0,1,estimado_nao_verificado,registrada,0
1378,P000323,Cliente 175,980700,2025-03-03,400.0,0.0,400.0,1.0,0,1,estimado_nao_verificado,registrada,0
1379,P000323,Cliente 175,980800,2025-03-03,200.0,0.0,200.0,1.0,0,1,ausente,registrada,0
1380,P000489,Cliente 273,140500,2025-03-01,4.0,0.0,4.0,1.0,0,1,registrado,registrada,0
1381,P000489,Cliente 273,953200,2025-03-01,10.0,0.0,10.0,1.0,0,1,registrado,registrada,0
1382,P000489,Cliente 273,955500,2025-03-01,2.0,0.0,2.0,1.0,0,1,registrado,registrada,0
1383,P000489,Cliente 273,957400,2025-03-01,1.0,0.0,1.0,1.0,0,1,registrado,registrada,0
1384,P000489,Cliente 273,957600,2025-03-01,2.0,0.0,2.0,1.0,0,1,registrado,registrada,0
1385,P000489,Cliente 273,958400,2025-03-01,1.0,0.0,1.0,1.0,0,1,registrado,registrada,0
1386,P000489,Cliente 273,958600,2025-03-01,2.0,0.0,2.0,1.0,0,1,registrado,registrada,0
1387,P000489,Cliente 273,959400,2025-03-01,1.0,0.0,1.0,1.0,0,1,registrado,registrada,0
1388,P000489,Cliente 273,959600,2025-03-01,2.0,0.0,2.0,1.0,0,1,registrado,registrada,0
1389,P000512,Cliente 142,949100,2025-03-03,3000.0,0.0,3000.0,1.0,0,1,registrado,registrada,0
1390,P000465,Cliente 076,902300,2025-03-03,272.0,0.0,272.0,1.0,0,1,registrado,registrada,0
1391,P000465,Cliente 076,949300,2025-03-03,160.0,0.0,160.0,1.0,0,1,registrado,registrada,0
1392,P000465,Cliente 076,975600,2025-03-03,200.0,0.0,200.0,1.0,0,1,registrado,registrada,0
1393,P000465,Cliente 076,975700,2025-03-03,300.0,0.0,300.0,1.0,0,1,registrado,registrada,0
1394,P000516,Cliente 222,966700,2025-03-03,1.0,0.0,1.0,1.0,0,1,estimado_nao_verificado,registrada,0
1395,P000516,Cliente 222,966800,2025-03-03,20.0,0.0,20.0,1.0,0,1,estimado_nao_verificado,registrada,0
1396,P000516,Cliente 222,969600,2025-03-03,1.0,0.0,1.0,1.0,0,1,estimado_nao_verificado,registrada,0
1397,P000516,Cliente 222,970000,2025-03-03,1.0,0.0,1.0,1.0,0,1,ausente,registrada,0
1398,P000516,Cliente 222,971900,2025-03-03,1.0,0.0,1.0,1.0,0,1,ausente,registrada,0
1399,P000515,Cliente 222,954200,2025-03-03,1.0,0.0,1.0,1.0,0,1,estimado_nao_verificado,registrada,0
1400,P000515,Cliente 222,958400,2025-03-03,1.0,0.0,1.0,1.0,0,1,estimado_nao_verificado,registrada,0
1401,P000468,Cliente 176,953200,2025-03-04,70.0,0.0,70.0,1.0,0,1,registrado,registrada,0
1402,P000470,Cliente 065,961000,2025-03-04,80.0,0.0,80.0,1.0,0,1,registrado,registrada,0
1403,P000478,Cliente 332,949300,2025-03-04,20.0,0.0,20.0,1.0,0,1,registrado,registrada,0
1404,P000478,Cliente 332,951400,2025-03-04,20.0,0.0,20.0,1.0,0,1,registrado,registrada,0
1405,P000478,Cliente 332,961800,2025-03-04,4.0,0.0,4.0,1.0,0,1,registrado,registrada,0
1406,P000478,Cliente 332,981700,2025-03-04,4.0,0.0,4.0,1.0,0,1,registrado,registrada,0
1407,P000441,Cliente 331,902300,2025-03-04,40.0,0.0,40.0,1.0,0,1,registrado,registrada,0
1408,P000441,Cliente 331,951400,2025-03-04,40.0,0.0,40.0,1.0,0,1,registrado,registrada,0
1409,P000441,Cliente 331,953800,2025-03-04,15.0,0.0,15.0,1.0,0,1,registrado,registrada,0
1410,P000441,Cliente 331,954900,2025-03-04,10.0,0.0,10.0,1.0,0,1,registrado,registrada,0
1411,P000441,Cliente 331,958000,2025-03-04,10.0,0.0,10.0,1.0,0,1,registrado,registrada,0
1412,P000441,Cliente 331,965300,2025-03-04,15.0,0.0,15.0,1.0,0,1,registrado,registrada,0
1413,P000457,Cliente 053,957000,2025-03-04,10.0,0.0,10.0,1.0,0,1,registrado,registrada,0
1414,P000457,Cliente 053,965300,2025-03-04,1.0,0.0,1.0,1.0,0,1,registrado,registrada,0
1415,P001899,Cliente 357,961500,2025-03-04,12.0,0.0,12.0,1.0,0,1,registrado,registrada,0
1416,P001899,Cliente 357,961600,2025-03-04,35.0,0.0,35.0,1.0,0,1,registrado,registrada,0
1417,P001899,Cliente 357,964800,2025-03-04,1.0,0.0,1.0,1.0,0,1,registrado,registrada,0
1418,P001899,Cliente 357,959400,2025-03-04,1.0,0.0,1.0,1.0,0,1,registrado,registrada,0
1419,P001899,Cliente 357,958400,2025-03-04,1.0,0.0,1.0,1.0,0,1,registrado,registrada,0
1420,P001899,Cliente 357,954200,2025-03-04,2.0,0.0,2.0,1.0,0,1,registrado,registrada,0
1421,P001899,Cliente 357,963900,2025-03-04,7.0,0.0,7.0,1.0,0,1,registrado,registrada,0
1422,P001899,Cliente 357,964000,2025-03-04,31.0,0.0,31.0,1.0,0,1,registrado,registrada,0
1423,P001899,Cliente 357,961000,2025-03-04,38.0,0.0,38.0,1.0,0,1,registrado,registrada,0
1424,P001899,Cliente 357,969100,2025-03-04,10.0,0.0,10.0,1.0,0,1,registrado,registrada,0
1425,P001899,Cliente 357,968800,2025-03-04,3.0,0.0,3.0,1.0,0,1,registrado,registrada,0
1426,P001899,Cliente 357,968900,2025-03-04,3.0,0.0,3.0,1.0,0,1,registrado,registrada,0
1427,P001899,Cliente 357,971500,2025-03-04,10.0,0.0,10.0,1.0,0,1,registrado,registrada,0
1428,P001899,Cliente 357,972200,2025-03-04,35.0,0.0,35.0,1.0,0,1,registrado,registrada,0
1429,P001899,Cliente 357,966200,2025-03-04,41.0,0.0,41.0,1.0,0,1,registrado,registrada,0
1430,P001899,Cliente 357,966300,2025-03-04,21.0,0.0,21.0,1.0,0,1,registrado,registrada,0
1431,P001899,Cliente 357,966400,2025-03-04,45.0,0.0,45.0,1.0,0,1,registrado,registrada,0
1432,P001899,Cliente 357,966600,2025-03-04,66.0,0.0,66.0,1.0,0,1,registrado,registrada,0
1433,P001899,Cliente 357,966700,2025-03-04,7.0,0.0,7.0,1.0,0,1,registrado,registrada,0
1434,P001899,Cliente 357,966800,2025-03-04,340.0,0.0,340.0,1.0,0,1,registrado,registrada,0
1435,P001899,Cliente 357,990400,2025-03-04,3.0,0.0,3.0,1.0,0,1,registrado,registrada,0
1436,P001899,Cliente 357,990500,2025-03-04,2.0,0.0,2.0,1.0,0,1,registrado,registrada,0
1437,P001899,Cliente 357,970000,2025-03-04,3.0,0.0,3.0,1.0,0,1,registrado,registrada,0
1438,P001899,Cliente 357,970100,2025-03-04,3.0,0.0,3.0,1.0,0,1,registrado,registrada,0
1439,P001899,Cliente 357,970200,2025-03-04,10.0,0.0,10.0,1.0,0,1,registrado,registrada,0
1440,P001899,Cliente 357,967700,2025-03-04,2.0,0.0,2.0,1.0,0,1,registrado,registrada,0
1441,P000511,Cliente 166,966400,2025-03-05,25.0,0.0,25.0,1.0,0,1,registrado,registrada,0
1442,P000407,Cliente 061,950400,2025-03-05,400.0,0.0,400.0,1.0,0,1,registrado,registrada,0
1443,P000460,Cliente 224,949300,2025-03-05,40.0,0.0,40.0,1.0,0,1,registrado,registrada,0
1447,P000490,Cliente 093,976300,2025-03-05,750.0,0.0,750.0,1.0,0,1,registrado,registrada,0
1448,P000490,Cliente 093,976500,2025-03-05,1000.0,0.0,1000.0,1.0,0,1,registrado,registrada,0
1449,P000070,Cliente 091,950400,2025-03-05,520.0,0.0,520.0,1.0,0,1,registrado,registrada,0
1450,P000531,Cliente 244,966800,2025-03-05,130.0,0.0,130.0,1.0,0,1,registrado,registrada,0
1451,P000528,Cliente 222,954200,2025-03-05,1.0,0.0,1.0,1.0,0,1,registrado,registrada,0
1452,P000528,Cliente 222,955300,2025-03-05,1.0,0.0,1.0,1.0,0,1,registrado,registrada,0
1453,P000528,Cliente 222,958400,2025-03-05,1.0,0.0,1.0,1.0,0,1,registrado,registrada,0
1454,P000528,Cliente 222,959400,2025-03-05,1.0,0.0,1.0,1.0,0,1,registrado,registrada,0
1455,P000528,Cliente 222,964800,2025-03-05,1.0,0.0,1.0,1.0,0,1,registrado,registrada,0
1456,P000529,Cliente 222,961000,2025-03-05,3.0,0.0,3.0,1.0,0,1,registrado,registrada,0
1457,P000458,Cliente 024,948600,2025-03-06,150.0,0.0,150.0,1.0,0,1,registrado,registrada,0
1458,P000458,Cliente 024,951600,2025-03-06,100.0,0.0,100.0,1.0,0,1,registrado,registrada,0
1459,P000458,Cliente 024,953800,2025-03-06,120.0,0.0,120.0,1.0,0,1,registrado,registrada,0
1460,P000458,Cliente 024,954900,2025-03-06,145.0,0.0,145.0,1.0,0,1,registrado,registrada,0
1461,P000458,Cliente 024,956000,2025-03-06,25.0,0.0,25.0,1.0,0,1,registrado,registrada,0
1462,P000458,Cliente 024,957000,2025-03-06,100.0,0.0,100.0,1.0,0,1,registrado,registrada,0
1463,P000458,Cliente 024,958000,2025-03-06,260.0,0.0,260.0,1.0,0,1,registrado,registrada,0
1464,P000458,Cliente 024,959000,2025-03-06,10.0,0.0,10.0,1.0,0,1,registrado,registrada,0
1465,P000458,Cliente 024,962100,2025-03-06,50.0,0.0,50.0,1.0,0,1,registrado,registrada,0
1466,P000472,Cliente 024,979000,2025-03-06,51.0,0.0,51.0,1.0,0,1,ausente,registrada,0
1467,P000480,Cliente 024,979000,2025-03-06,47.0,0.0,47.0,1.0,0,1,ausente,registrada,0
1468,P000471,Cliente 024,146700,2025-03-06,31.0,0.0,31.0,1.0,0,1,ausente,registrada,0
1469,P000484,Cliente 024,146701,2025-03-06,80.0,0.0,80.0,1.0,0,1,ausente,registrada,0
1470,P000473,Cliente 024,987380,2025-03-06,151.0,0.0,151.0,1.0,0,1,ausente,registrada,0
1471,P000475,Cliente 024,146501,2025-03-06,70.0,0.0,70.0,1.0,0,1,ausente,registrada,0
1472,P000482,Cliente 024,146401,2025-03-06,80.0,0.0,80.0,1.0,0,1,ausente,registrada,0
1473,P000477,Cliente 024,146401,2025-03-06,71.0,0.0,71.0,1.0,0,1,ausente,registrada,0
1474,P000483,Cliente 024,146801,2025-03-06,80.0,0.0,80.0,1.0,0,1,ausente,registrada,0
1475,P000474,Cliente 024,146801,2025-03-06,30.0,0.0,30.0,1.0,0,1,ausente,registrada,0
1476,P000476,Cliente 024,146601,2025-03-06,71.0,0.0,71.0,1.0,0,1,ausente,registrada,0
1477,P000481,Cliente 024,146601,2025-03-06,80.0,0.0,80.0,1.0,0,1,ausente,registrada,0
1478,P000486,Cliente 202,953800,2025-03-06,150.0,0.0,150.0,1.0,0,1,registrado,registrada,0
1479,P000486,Cliente 202,954900,2025-03-06,150.0,0.0,150.0,1.0,0,1,registrado,registrada,0
1480,P000486,Cliente 202,958000,2025-03-06,150.0,0.0,150.0,1.0,0,1,registrado,registrada,0
1481,P000453,Cliente 173,908400,2025-03-06,20.0,0.0,20.0,1.0,0,1,registrado,registrada,0
1482,P000453,Cliente 173,942100,2025-03-06,300.0,0.0,300.0,1.0,0,1,registrado,registrada,0
1483,P000443,Cliente 286,902300,2025-03-06,160.0,0.0,160.0,1.0,0,1,registrado,registrada,0
1484,P000537,Cliente 107,966700,2025-03-06,3.0,0.0,3.0,1.0,0,1,registrado,registrada,0
1485,P000538,Cliente 107,949300,2025-03-06,4.0,0.0,4.0,1.0,0,1,registrado,registrada,0
1486,P000538,Cliente 107,986700,2025-03-06,3.0,0.0,3.0,1.0,0,1,registrado,registrada,0
1487,P000459,Cliente 125,902300,2025-03-07,200.0,0.0,200.0,1.0,0,1,registrado,registrada,0
1488,P000459,Cliente 125,948700,2025-03-07,400.0,0.0,400.0,1.0,0,1,registrado,registrada,0
1489,P000459,Cliente 125,949300,2025-03-07,200.0,0.0,200.0,1.0,0,1,registrado,registrada,0
1490,P000466,Cliente 245,952400,2025-03-07,1.0,0.0,1.0,1.0,0,1,registrado,registrada,0
1491,P000466,Cliente 245,964700,2025-03-07,2.0,0.0,2.0,1.0,0,1,registrado,registrada,0
1492,P000466,Cliente 245,958300,2025-03-07,3.0,0.0,3.0,1.0,0,1,registrado,registrada,0
1493,P000466,Cliente 245,955200,2025-03-07,2.0,0.0,2.0,1.0,0,1,registrado,registrada,0
1494,P000466,Cliente 245,954100,2025-03-07,3.0,0.0,3.0,1.0,0,1,registrado,registrada,0
1495,P000466,Cliente 245,948700,2025-03-07,2.0,0.0,2.0,1.0,0,1,registrado,registrada,0
1496,P000466,Cliente 245,951400,2025-03-07,4.0,0.0,4.0,1.0,0,1,registrado,registrada,0
1497,P000479,Cliente 119,902300,2025-03-07,600.0,0.0,600.0,1.0,0,1,registrado,registrada,0
1498,P000479,Cliente 119,951600,2025-03-07,150.0,0.0,150.0,1.0,0,1,registrado,registrada,0
1499,P000479,Cliente 119,949300,2025-03-07,40.0,0.0,40.0,1.0,0,1,estimado_nao_verificado,registrada,0
1500,P000062,Cliente 092,948700,2025-03-08,40.0,0.0,40.0,1.0,0,1,registrado,registrada,0
1501,P000464,Cliente 092,902300,2025-03-08,240.0,0.0,240.0,1.0,0,1,registrado,registrada,0
1502,P000463,Cliente 092,902300,2025-03-08,240.0,0.0,240.0,1.0,0,1,registrado,registrada,0
1503,P000462,Cliente 092,951400,2025-03-08,80.0,0.0,80.0,1.0,0,1,registrado,registrada,0
1504,P000547,Cliente 222,966700,2025-03-07,1.0,0.0,1.0,1.0,0,1,estimado_nao_verificado,registrada,0
1505,P000547,Cliente 222,966800,2025-03-07,35.0,0.0,35.0,1.0,0,1,estimado_nao_verificado,registrada,0
1506,P000547,Cliente 222,969600,2025-03-07,1.0,0.0,1.0,1.0,0,1,estimado_nao_verificado,registrada,0
1507,P000547,Cliente 222,971900,2025-03-07,1.0,0.0,1.0,1.0,0,1,ausente,registrada,0
1508,P000548,Cliente 222,902100,2025-03-07,1.0,0.0,1.0,1.0,0,1,estimado_nao_verificado,registrada,0
1509,P000548,Cliente 222,950000,2025-03-07,1.0,0.0,1.0,1.0,0,1,estimado_nao_verificado,registrada,0
1510,P000548,Cliente 222,951300,2025-03-07,1.0,0.0,1.0,1.0,0,1,estimado_nao_verificado,registrada,1
1511,P000548,Cliente 222,951300,2025-03-07,1.0,0.0,1.0,1.0,0,1,estimado_nao_verificado,registrada,1
1512,P000548,Cliente 222,955300,2025-03-07,1.0,0.0,1.0,1.0,0,1,estimado_nao_verificado,registrada,0
1513,P000517,Cliente 061,950400,2025-03-10,400.0,0.0,400.0,1.0,0,1,registrado,registrada,0
1514,P000494,Cliente 095,974600,2025-03-10,1040.0,0.0,1040.0,1.0,0,1,registrado,registrada,0
1515,P000494,Cliente 095,974700,2025-03-10,1872.0,0.0,1872.0,1.0,0,1,registrado,registrada,0
1516,P000494,Cliente 095,975000,2025-03-10,832.0,0.0,832.0,1.0,0,1,registrado,registrada,0
1517,P000510,Cliente 101,902300,2025-03-10,640.0,0.0,640.0,1.0,0,1,registrado,registrada,0
1518,P000510,Cliente 101,949300,2025-03-10,120.0,0.0,120.0,1.0,0,1,registrado,registrada,0
1519,P000510,Cliente 101,961800,2025-03-10,40.0,0.0,40.0,1.0,0,1,registrado,registrada,0
1520,P000543,Cliente 062,961700,2025-03-10,50.0,0.0,50.0,1.0,0,1,registrado,registrada,0
1521,P000543,Cliente 062,976000,2025-03-10,100.0,0.0,100.0,1.0,0,1,registrado,registrada,0
1522,P000543,Cliente 062,976100,2025-03-10,500.0,0.0,500.0,1.0,0,1,registrado,registrada,0
1523,P000543,Cliente 062,986300,2025-03-10,100.0,0.0,100.0,1.0,0,1,registrado,registrada,0
1524,P000262,Cliente 062,976000,2025-03-10,88.0,0.0,88.0,1.0,0,1,registrado,registrada,0
1525,P000262,Cliente 062,986200,2025-03-10,1.0,0.0,1.0,1.0,0,1,registrado,registrada,0
1526,P000262,Cliente 062,986300,2025-03-10,23.0,0.0,23.0,1.0,0,1,registrado,registrada,0
1527,P000262,Cliente 062,990600,2025-03-10,3.0,0.0,3.0,1.0,0,1,registrado,registrada,0
1528,P000262,Cliente 062,990700,2025-03-10,22.0,0.0,22.0,1.0,0,1,registrado,registrada,0
1529,P000262,Cliente 062,990800,2025-03-10,6.0,0.0,6.0,1.0,0,1,registrado,registrada,0
1530,P000544,Cliente 062,976000,2025-03-10,20.0,0.0,20.0,1.0,0,1,registrado,registrada,0
1531,P000544,Cliente 062,990300,2025-03-10,20.0,0.0,20.0,1.0,0,1,registrado,registrada,0
1532,P000550,Cliente 319,950000,2025-03-11,7.0,0.0,7.0,1.0,0,1,registrado,registrada,0
1533,P000550,Cliente 319,961600,2025-03-11,20.0,0.0,20.0,1.0,0,1,registrado,registrada,0
1534,P000550,Cliente 319,964000,2025-03-11,20.0,0.0,20.0,1.0,0,1,registrado,registrada,0
1535,P000525,Cliente 239,961600,2025-03-11,5.0,0.0,5.0,1.0,0,1,registrado,registrada,0
1536,P000525,Cliente 239,964000,2025-03-11,5.0,0.0,5.0,1.0,0,1,registrado,registrada,0
1537,P000524,Cliente 294,961600,2025-03-11,3.0,0.0,3.0,1.0,0,1,registrado,registrada,0
1538,P000523,Cliente 294,961600,2025-03-11,150.0,0.0,150.0,1.0,0,1,registrado,registrada,0
1539,P000523,Cliente 294,964000,2025-03-11,150.0,0.0,150.0,1.0,0,1,registrado,registrada,0
1540,P000553,Cliente 200,966700,2025-03-11,3.0,0.0,3.0,1.0,0,1,registrado,registrada,0
1541,P000553,Cliente 200,967100,2025-03-11,3.0,0.0,3.0,1.0,0,1,registrado,registrada,0
1542,P000554,Cliente 200,950000,2025-03-11,1.0,0.0,1.0,1.0,0,1,registrado,registrada,0
1543,P000554,Cliente 200,961600,2025-03-11,5.0,0.0,5.0,1.0,0,1,registrado,registrada,0
1544,P000554,Cliente 200,964000,2025-03-11,5.0,0.0,5.0,1.0,0,1,registrado,registrada,0
1545,P000555,Cliente 199,950000,2025-03-11,2.0,0.0,2.0,1.0,0,1,registrado,registrada,0
1546,P000555,Cliente 199,961600,2025-03-11,10.0,0.0,10.0,1.0,0,1,registrado,registrada,0
1547,P000555,Cliente 199,964000,2025-03-11,10.0,0.0,10.0,1.0,0,1,registrado,registrada,0
1548,P000556,Cliente 199,966900,2025-03-11,20.0,0.0,20.0,1.0,0,1,registrado,registrada,0
1549,P000679,Cliente 218,961600,2025-03-11,10.0,0.0,10.0,1.0,0,1,registrado,registrada,0
1550,P000679,Cliente 218,964000,2025-03-11,10.0,0.0,10.0,1.0,0,1,registrado,registrada,0
1551,P000461,Cliente 258,961600,2025-03-11,30.0,0.0,30.0,1.0,0,1,registrado,registrada,0
1552,P000552,Cliente 296,949800,2025-03-11,2.0,0.0,2.0,1.0,0,1,registrado,registrada,0
1553,P000552,Cliente 296,950000,2025-03-11,6.0,0.0,6.0,1.0,0,1,registrado,registrada,0
1554,P000552,Cliente 296,951100,2025-03-11,2.0,0.0,2.0,1.0,0,1,registrado,registrada,0
1555,P000552,Cliente 296,961200,2025-03-11,2.0,0.0,2.0,1.0,0,1,registrado,registrada,0
1556,P000552,Cliente 296,961600,2025-03-11,13.0,0.0,13.0,1.0,0,1,registrado,registrada,0
1557,P000552,Cliente 296,963900,2025-03-11,2.0,0.0,2.0,1.0,0,1,registrado,registrada,0
1558,P000552,Cliente 296,964000,2025-03-11,6.0,0.0,6.0,1.0,0,1,registrado,registrada,0
1559,P000552,Cliente 296,981300,2025-03-11,2.0,0.0,2.0,1.0,0,1,registrado,registrada,0
1560,P000552,Cliente 296,981500,2025-03-11,6.0,0.0,6.0,1.0,0,1,registrado,registrada,0
1561,P000551,Cliente 215,950000,2025-03-11,10.0,0.0,10.0,1.0,0,1,registrado,registrada,0
1562,P000551,Cliente 215,961600,2025-03-11,20.0,0.0,20.0,1.0,0,1,registrado,registrada,0
1563,P000551,Cliente 215,964000,2025-03-11,5.0,0.0,5.0,1.0,0,1,registrado,registrada,0
1564,P000551,Cliente 215,981500,2025-03-11,5.0,0.0,5.0,1.0,0,1,registrado,registrada,0
1565,P000563,Cliente 203,966800,2025-03-11,2688.0,0.0,2688.0,1.0,0,1,registrado,registrada,0
1566,P000488,Cliente 121,974200,2025-03-12,200.0,0.0,200.0,1.0,0,1,registrado,registrada,0
1567,P000557,Cliente 276,948600,2025-03-12,500.0,0.0,500.0,1.0,0,1,registrado,registrada,0
1568,P000546,Cliente 091,965200,2025-03-12,545.0,0.0,545.0,1.0,0,1,registrado,registrada,0
1569,P000071,Cliente 091,950400,2025-03-12,520.0,0.0,520.0,1.0,0,1,registrado,registrada,0
1570,P000558,Cliente 160,902300,2025-03-12,280.0,0.0,280.0,1.0,0,1,registrado,registrada,0
1571,P000558,Cliente 160,949300,2025-03-12,200.0,0.0,200.0,1.0,0,1,registrado,registrada,0
1572,P000558,Cliente 160,991200,2025-03-12,60.0,0.0,60.0,1.0,0,1,registrado,registrada,0
1573,P000006,Cliente 365,902300,2025-03-13,4.0,0.0,4.0,1.0,0,1,registrado,registrada,0
1574,P000006,Cliente 365,961600,2025-03-13,3.0,0.0,3.0,1.0,0,1,registrado,registrada,0
1575,P000006,Cliente 365,948700,2025-03-13,4.0,0.0,4.0,1.0,0,1,registrado,registrada,0
1576,P000006,Cliente 365,951300,2025-03-13,3.0,0.0,3.0,1.0,0,1,registrado,registrada,0
1577,P000006,Cliente 365,964000,2025-03-13,3.0,0.0,3.0,1.0,0,1,registrado,registrada,0
1578,P000006,Cliente 365,969600,2025-03-13,19.0,0.0,19.0,1.0,0,1,registrado,registrada,0
1579,P000006,Cliente 365,969400,2025-03-13,7.0,0.0,7.0,1.0,0,1,registrado,registrada,0
1580,P000006,Cliente 365,968900,2025-03-13,19.0,0.0,19.0,1.0,0,1,registrado,registrada,0
1581,P000006,Cliente 365,971700,2025-03-13,7.0,0.0,7.0,1.0,0,1,registrado,registrada,0
1582,P000006,Cliente 365,966500,2025-03-13,20.0,0.0,20.0,1.0,0,1,registrado,registrada,0
1583,P000006,Cliente 365,966600,2025-03-13,25.0,0.0,25.0,1.0,0,1,registrado,registrada,0
1584,P000006,Cliente 365,966700,2025-03-13,761.0,0.0,761.0,1.0,0,1,registrado,registrada,0
1585,P000006,Cliente 365,966800,2025-03-13,3780.0,0.0,3780.0,1.0,0,1,registrado,registrada,0
1586,P000006,Cliente 365,990500,2025-03-13,224.0,0.0,224.0,1.0,0,1,registrado,registrada,0
1587,P000006,Cliente 365,970100,2025-03-13,70.0,0.0,70.0,1.0,0,1,registrado,registrada,0
1588,P000006,Cliente 365,975800,2025-03-13,165.0,0.0,165.0,1.0,0,1,registrado,registrada,0
1589,P000006,Cliente 365,967100,2025-03-13,58.0,0.0,58.0,1.0,0,1,registrado,registrada,0
1590,P000006,Cliente 365,967800,2025-03-13,133.0,0.0,133.0,1.0,0,1,registrado,registrada,0
1591,P000006,Cliente 365,967900,2025-03-13,181.0,0.0,181.0,1.0,0,1,registrado,registrada,0
1592,P000534,Cliente 093,976300,2025-03-13,813.0,0.0,813.0,1.0,0,1,registrado,registrada,0
1593,P000534,Cliente 093,976500,2025-03-13,938.0,0.0,938.0,1.0,0,1,registrado,registrada,0
1594,P000573,Cliente 060,966600,2025-03-13,300.0,0.0,300.0,1.0,0,1,registrado,registrada,0
1595,P000573,Cliente 060,966700,2025-03-13,700.0,0.0,700.0,1.0,0,1,registrado,registrada,0
1596,P000573,Cliente 060,967100,2025-03-13,20.0,0.0,20.0,1.0,0,1,registrado,registrada,0
1597,P000526,Cliente 156,966400,2025-03-13,50.0,0.0,50.0,1.0,0,1,registrado,registrada,0
1598,P000530,Cliente 123,966400,2025-03-13,15.0,0.0,15.0,1.0,0,1,registrado,registrada,0
1599,P000005,Cliente 360,969100,2025-03-13,60.0,0.0,60.0,1.0,0,1,registrado,registrada,0
1600,P000005,Cliente 360,971500,2025-03-13,79.0,0.0,79.0,1.0,0,1,registrado,registrada,0
1601,P000005,Cliente 360,972200,2025-03-13,145.0,0.0,145.0,1.0,0,1,registrado,registrada,0
1602,P000005,Cliente 360,966200,2025-03-13,5.0,0.0,5.0,1.0,0,1,registrado,registrada,0
1603,P000005,Cliente 360,966300,2025-03-13,2.0,0.0,2.0,1.0,0,1,registrado,registrada,0
1604,P000005,Cliente 360,966400,2025-03-13,7.0,0.0,7.0,1.0,0,1,registrado,registrada,0
1605,P000005,Cliente 360,966600,2025-03-13,14.0,0.0,14.0,1.0,0,1,registrado,registrada,0
1606,P000005,Cliente 360,966800,2025-03-13,1.0,0.0,1.0,1.0,0,1,registrado,registrada,0
1607,P000005,Cliente 360,971200,2025-03-13,1.0,0.0,1.0,1.0,0,1,registrado,registrada,0
1608,P000005,Cliente 360,971300,2025-03-13,1.0,0.0,1.0,1.0,0,1,registrado,registrada,0
1609,P000005,Cliente 360,991000,2025-03-13,1.0,0.0,1.0,1.0,0,1,registrado,registrada,0
1610,P000005,Cliente 360,970200,2025-03-13,68.0,0.0,68.0,1.0,0,1,registrado,registrada,0
1611,P000005,Cliente 360,967700,2025-03-13,1.0,0.0,1.0,1.0,0,1,registrado,registrada,0
1612,P000005,Cliente 360,968300,2025-03-13,32.0,0.0,32.0,1.0,0,1,registrado,registrada,0
1613,P000561,Cliente 186,900100,2025-03-14,30.0,0.0,30.0,1.0,0,1,registrado,registrada,0
1614,P000535,Cliente 120,961600,2025-03-14,15.0,0.0,15.0,1.0,0,1,registrado,registrada,0
1615,P000535,Cliente 120,964000,2025-03-14,8.0,0.0,8.0,1.0,0,1,registrado,registrada,0
1616,P000535,Cliente 120,981500,2025-03-14,2.0,0.0,2.0,1.0,0,1,registrado,registrada,0
1617,P000549,Cliente 212,950000,2025-03-14,25.0,0.0,25.0,1.0,0,1,registrado,registrada,0
1618,P000549,Cliente 212,961600,2025-03-14,30.0,0.0,30.0,1.0,0,1,registrado,registrada,0
1619,P000549,Cliente 212,964000,2025-03-14,30.0,0.0,30.0,1.0,0,1,registrado,registrada,0
1620,P000549,Cliente 212,981500,2025-03-14,5.0,0.0,5.0,1.0,0,1,registrado,registrada,0
1621,P000514,Cliente 080,951300,2025-03-14,3.0,0.0,3.0,1.0,0,1,registrado,registrada,0
1622,P000514,Cliente 080,961600,2025-03-14,9.0,0.0,9.0,1.0,0,1,registrado,registrada,0
1623,P000514,Cliente 080,964000,2025-03-14,3.0,0.0,3.0,1.0,0,1,registrado,registrada,0
1624,P000509,Cliente 210,950000,2025-03-14,5.0,0.0,5.0,1.0,0,1,registrado,registrada,0
1625,P000509,Cliente 210,964000,2025-03-14,30.0,0.0,30.0,1.0,0,1,registrado,registrada,0
1626,P000692,Cliente 162,961600,2025-03-14,5.0,0.0,5.0,1.0,0,1,registrado,registrada,0
1627,P000692,Cliente 162,964000,2025-03-14,5.0,0.0,5.0,1.0,0,1,registrado,registrada,0
1628,P000493,Cliente 150,949900,2025-03-14,1.0,0.0,1.0,1.0,0,1,registrado,registrada,0
1629,P000493,Cliente 150,950000,2025-03-14,3.0,0.0,3.0,1.0,0,1,registrado,registrada,0
1630,P000493,Cliente 150,961500,2025-03-14,1.0,0.0,1.0,1.0,0,1,registrado,registrada,0
1631,P000493,Cliente 150,961600,2025-03-14,5.0,0.0,5.0,1.0,0,1,registrado,registrada,0
1632,P000493,Cliente 150,963900,2025-03-14,1.0,0.0,1.0,1.0,0,1,registrado,registrada,0
1633,P000493,Cliente 150,964000,2025-03-14,5.0,0.0,5.0,1.0,0,1,registrado,registrada,0
1634,P000467,Cliente 079,950000,2025-03-14,2.0,0.0,2.0,1.0,0,1,registrado,registrada,0
1635,P000467,Cliente 079,961600,2025-03-14,15.0,0.0,15.0,1.0,0,1,registrado,registrada,0
1636,P000467,Cliente 079,964000,2025-03-14,10.0,0.0,10.0,1.0,0,1,registrado,registrada,0
1637,P000589,Cliente 336,900100,2025-03-14,7.0,0.0,7.0,1.0,0,1,registrado,registrada,0
1638,P000589,Cliente 336,902300,2025-03-14,40.0,0.0,40.0,1.0,0,1,registrado,registrada,0
1639,P000589,Cliente 336,950100,2025-03-14,10.0,0.0,10.0,1.0,0,1,registrado,registrada,0
1640,P000589,Cliente 336,951500,2025-03-14,5.0,0.0,5.0,1.0,0,1,registrado,registrada,0
1641,P000589,Cliente 336,953200,2025-03-14,20.0,0.0,20.0,1.0,0,1,registrado,registrada,0
1642,P000591,Cliente 336,950100,2025-03-14,5.0,0.0,5.0,1.0,0,1,registrado,registrada,0
1643,P000591,Cliente 336,962000,2025-03-14,5.0,0.0,5.0,1.0,0,1,registrado,registrada,0
1644,P000591,Cliente 336,981900,2025-03-14,5.0,0.0,5.0,1.0,0,1,registrado,registrada,0
1645,P000590,Cliente 336,966800,2025-03-14,200.0,0.0,200.0,1.0,0,1,registrado,registrada,0
1646,P000513,Cliente 248,902100,2025-03-14,9.0,0.0,9.0,1.0,0,1,registrado,registrada,0
1647,P000513,Cliente 248,950000,2025-03-14,21.0,0.0,21.0,1.0,0,1,registrado,registrada,0
1648,P000513,Cliente 248,951300,2025-03-14,21.0,0.0,21.0,1.0,0,1,registrado,registrada,0
1649,P000513,Cliente 248,961600,2025-03-14,85.0,0.0,85.0,1.0,0,1,registrado,registrada,0
1650,P000513,Cliente 248,964000,2025-03-14,38.0,0.0,38.0,1.0,0,1,registrado,registrada,0
1651,P000513,Cliente 248,965000,2025-03-14,5.0,0.0,5.0,1.0,0,1,registrado,registrada,0
1652,P000513,Cliente 248,981500,2025-03-14,43.0,0.0,43.0,1.0,0,1,registrado,registrada,0
1653,P000542,Cliente 333,902300,2025-03-14,6.0,0.0,6.0,1.0,0,1,registrado,registrada,0
1654,P000542,Cliente 333,949300,2025-03-14,6.0,0.0,6.0,1.0,0,1,registrado,registrada,0
1655,P000541,Cliente 278,902300,2025-03-14,26.0,0.0,26.0,1.0,0,1,registrado,registrada,0
1656,P000541,Cliente 278,949300,2025-03-14,8.0,0.0,8.0,1.0,0,1,registrado,registrada,0
1657,P000541,Cliente 278,956000,2025-03-14,3.0,0.0,3.0,1.0,0,1,registrado,registrada,0
1658,P000541,Cliente 278,957000,2025-03-14,3.0,0.0,3.0,1.0,0,1,registrado,registrada,0
1659,P000541,Cliente 278,958000,2025-03-14,3.0,0.0,3.0,1.0,0,1,registrado,registrada,0
1660,P000541,Cliente 278,959000,2025-03-14,3.0,0.0,3.0,1.0,0,1,registrado,registrada,0
1661,P000541,Cliente 278,962000,2025-03-14,2.0,0.0,2.0,1.0,0,1,registrado,registrada,0
1662,P000492,Cliente 102,949300,2025-03-14,20.0,0.0,20.0,1.0,0,1,registrado,registrada,0
1663,P000593,Cliente 274,954900,2025-03-14,20.0,0.0,20.0,1.0,0,1,registrado,registrada,0
1664,P000593,Cliente 274,958000,2025-03-14,20.0,0.0,20.0,1.0,0,1,registrado,registrada,0
1665,P000593,Cliente 274,965300,2025-03-14,20.0,0.0,20.0,1.0,0,1,registrado,registrada,0
1666,P000450,Cliente 274,949300,2025-03-14,40.0,0.0,40.0,1.0,0,1,registrado,registrada,0
1667,P000450,Cliente 274,950400,2025-03-14,20.0,0.0,20.0,1.0,0,1,registrado,registrada,0
1668,P000545,Cliente 251,900100,2025-03-14,14.0,0.0,14.0,1.0,0,1,registrado,registrada,0
1669,P000577,Cliente 270,949300,2025-03-15,48.0,0.0,48.0,1.0,0,1,registrado,registrada,0
1670,P000577,Cliente 270,951400,2025-03-15,48.0,0.0,48.0,1.0,0,1,registrado,registrada,0
1671,P000577,Cliente 270,953800,2025-03-15,40.0,0.0,40.0,1.0,0,1,registrado,registrada,0
1672,P000577,Cliente 270,954900,2025-03-15,40.0,0.0,40.0,1.0,0,1,registrado,registrada,0
1673,P000577,Cliente 270,958000,2025-03-15,40.0,0.0,40.0,1.0,0,1,registrado,registrada,0
1674,P000577,Cliente 270,965300,2025-03-15,20.0,0.0,20.0,1.0,0,1,registrado,registrada,0
1675,P000626,Cliente 268,902300,2025-03-15,200.0,0.0,200.0,1.0,0,1,registrado,registrada,0
1676,P000626,Cliente 268,948700,2025-03-15,30.0,0.0,30.0,1.0,0,1,registrado,registrada,0
1677,P000626,Cliente 268,961800,2025-03-15,10.0,0.0,10.0,1.0,0,1,registrado,registrada,0
1678,P000626,Cliente 268,963100,2025-03-15,4.0,0.0,4.0,1.0,0,1,registrado,registrada,0
1679,P000433,Cliente 257,902300,2025-03-15,1280.0,0.0,1280.0,1.0,0,1,registrado,registrada,0
1680,P000007,Cliente 357,961500,2025-03-15,37.0,0.0,37.0,1.0,0,1,estimado_nao_verificado,registrada,0
1681,P000007,Cliente 357,961600,2025-03-15,141.0,0.0,141.0,1.0,0,1,estimado_nao_verificado,registrada,0
1682,P000007,Cliente 357,964800,2025-03-15,1.0,0.0,1.0,1.0,0,1,estimado_nao_verificado,registrada,0
1683,P000007,Cliente 357,953100,2025-03-15,1.0,0.0,1.0,1.0,0,1,estimado_nao_verificado,registrada,0
1684,P000007,Cliente 357,951200,2025-03-15,1.0,0.0,1.0,1.0,0,1,estimado_nao_verificado,registrada,0
1685,P000007,Cliente 357,951300,2025-03-15,1.0,0.0,1.0,1.0,0,1,estimado_nao_verificado,registrada,0
1686,P000007,Cliente 357,981400,2025-03-15,3.0,0.0,3.0,1.0,0,1,ausente,registrada,0
1687,P000007,Cliente 357,981500,2025-03-15,4.0,0.0,4.0,1.0,0,1,estimado_nao_verificado,registrada,0
1688,P000007,Cliente 357,963600,2025-03-15,1.0,0.0,1.0,1.0,0,1,estimado_nao_verificado,registrada,0
1689,P000007,Cliente 357,963900,2025-03-15,22.0,0.0,22.0,1.0,0,1,estimado_nao_verificado,registrada,0
1690,P000007,Cliente 357,964000,2025-03-15,56.0,0.0,56.0,1.0,0,1,ausente,registrada,0
1691,P000007,Cliente 357,961000,2025-03-15,22.0,0.0,22.0,1.0,0,1,estimado_nao_verificado,registrada,0
1692,P000007,Cliente 357,969100,2025-03-15,9.0,0.0,9.0,1.0,0,1,estimado_nao_verificado,registrada,0
1693,P000007,Cliente 357,969400,2025-03-15,1.0,0.0,1.0,1.0,0,1,estimado_nao_verificado,registrada,0
1694,P000007,Cliente 357,968800,2025-03-15,1.0,0.0,1.0,1.0,0,1,estimado_nao_verificado,registrada,0
1695,P000007,Cliente 357,968900,2025-03-15,9.0,0.0,9.0,1.0,0,1,estimado_nao_verificado,registrada,0
1696,P000007,Cliente 357,971500,2025-03-15,11.0,0.0,11.0,1.0,0,1,estimado_nao_verificado,registrada,0
1697,P000007,Cliente 357,971700,2025-03-15,1.0,0.0,1.0,1.0,0,1,estimado_nao_verificado,registrada,0
1698,P000007,Cliente 357,972200,2025-03-15,53.0,0.0,53.0,1.0,0,1,estimado_nao_verificado,registrada,0
1699,P000007,Cliente 357,966200,2025-03-15,64.0,0.0,64.0,1.0,0,1,estimado_nao_verificado,registrada,0
1700,P000007,Cliente 357,966300,2025-03-15,73.0,0.0,73.0,1.0,0,1,estimado_nao_verificado,registrada,0
1701,P000007,Cliente 357,966400,2025-03-15,98.0,0.0,98.0,1.0,0,1,estimado_nao_verificado,registrada,0
1702,P000007,Cliente 357,966500,2025-03-15,17.0,0.0,17.0,1.0,0,1,estimado_nao_verificado,registrada,0
1703,P000007,Cliente 357,966600,2025-03-15,145.0,0.0,145.0,1.0,0,1,estimado_nao_verificado,registrada,0
1704,P000007,Cliente 357,966700,2025-03-15,85.0,0.0,85.0,1.0,0,1,ausente,registrada,0
1705,P000007,Cliente 357,966800,2025-03-15,1160.0,0.0,1160.0,1.0,0,1,estimado_nao_verificado,registrada,0
1706,P000007,Cliente 357,990400,2025-03-15,1.0,0.0,1.0,1.0,0,1,estimado_nao_verificado,registrada,0
1707,P000007,Cliente 357,990500,2025-03-15,12.0,0.0,12.0,1.0,0,1,estimado_nao_verificado,registrada,0
1708,P000007,Cliente 357,970000,2025-03-15,1.0,0.0,1.0,1.0,0,1,estimado_nao_verificado,registrada,0
1709,P000007,Cliente 357,970100,2025-03-15,17.0,0.0,17.0,1.0,0,1,estimado_nao_verificado,registrada,0
1710,P000007,Cliente 357,970500,2025-03-15,1.0,0.0,1.0,1.0,0,1,estimado_nao_verificado,registrada,0
1711,P000007,Cliente 357,970200,2025-03-15,11.0,0.0,11.0,1.0,0,1,estimado_nao_verificado,registrada,0
1712,P000007,Cliente 357,967700,2025-03-15,1.0,0.0,1.0,1.0,0,1,estimado_nao_verificado,registrada,0
1713,P000007,Cliente 357,967800,2025-03-15,10.0,0.0,10.0,1.0,0,1,estimado_nao_verificado,registrada,0
1714,P000448,Cliente 262,900100,2025-03-16,600.0,0.0,600.0,1.0,0,1,registrado,registrada,0
1715,P000448,Cliente 262,950100,2025-03-16,20.0,0.0,20.0,1.0,0,1,registrado,registrada,0
1716,P000448,Cliente 262,951600,2025-03-16,20.0,0.0,20.0,1.0,0,1,registrado,registrada,0
1717,P000448,Cliente 262,952600,2025-03-16,30.0,0.0,30.0,1.0,0,1,registrado,registrada,0
1718,P000448,Cliente 262,954900,2025-03-16,100.0,0.0,100.0,1.0,0,1,registrado,registrada,0
1719,P000448,Cliente 262,958000,2025-03-16,100.0,0.0,100.0,1.0,0,1,registrado,registrada,0
1720,P000579,Cliente 335,949300,2025-03-16,280.0,0.0,280.0,1.0,0,1,registrado,registrada,0
1721,P000579,Cliente 335,950100,2025-03-16,40.0,0.0,40.0,1.0,0,1,registrado,registrada,0
1722,P000579,Cliente 335,950400,2025-03-16,280.0,0.0,280.0,1.0,0,1,registrado,registrada,0
1723,P000579,Cliente 335,962000,2025-03-16,40.0,0.0,40.0,1.0,0,1,registrado,registrada,0
1724,P000579,Cliente 335,981900,2025-03-16,40.0,0.0,40.0,1.0,0,1,registrado,registrada,0
1725,P000064,Cliente 183,948700,2025-03-17,600.0,0.0,600.0,1.0,0,1,registrado,registrada,0
1726,P000495,Cliente 095,974600,2025-03-17,1040.0,0.0,1040.0,1.0,0,1,registrado,registrada,0
1727,P000495,Cliente 095,974700,2025-03-17,1872.0,0.0,1872.0,1.0,0,1,registrado,registrada,0
1728,P000495,Cliente 095,975000,2025-03-17,832.0,0.0,832.0,1.0,0,1,registrado,registrada,0
1729,P000602,Cliente 103,949300,2025-03-17,40.0,0.0,40.0,1.0,0,1,registrado,registrada,0
1730,P000602,Cliente 103,950400,2025-03-17,40.0,0.0,40.0,1.0,0,1,registrado,registrada,0
1731,P000533,Cliente 093,902300,2025-03-18,1280.0,0.0,1280.0,1.0,0,1,registrado,registrada,0
1732,P000583,Cliente 024,948600,2025-03-18,200.0,0.0,200.0,1.0,0,1,registrado,registrada,0
1733,P000583,Cliente 024,951600,2025-03-18,300.0,0.0,300.0,1.0,0,1,registrado,registrada,0
1734,P000583,Cliente 024,956000,2025-03-18,21.0,0.0,21.0,1.0,0,1,registrado,registrada,0
1735,P000583,Cliente 024,957000,2025-03-18,70.0,0.0,70.0,1.0,0,1,registrado,registrada,0
1736,P000583,Cliente 024,962100,2025-03-18,200.0,0.0,200.0,1.0,0,1,registrado,registrada,0
1737,P000583,Cliente 024,965300,2025-03-18,70.0,0.0,70.0,1.0,0,1,registrado,registrada,0
1738,P000583,Cliente 024,147300,2025-03-18,60.0,0.0,60.0,1.0,0,1,registrado,registrada,0
1739,P000583,Cliente 024,146521,2025-03-18,31.0,0.0,31.0,1.0,0,1,registrado,registrada,0
1740,P000598,Cliente 024,990900,2025-03-18,30.0,0.0,30.0,1.0,0,1,registrado,registrada,0
1741,P000628,Cliente 222,966700,2025-03-18,2.0,0.0,2.0,1.0,0,1,registrado,registrada,0
1742,P000628,Cliente 222,966800,2025-03-18,45.0,0.0,45.0,1.0,0,1,registrado,registrada,0
1743,P000628,Cliente 222,969600,2025-03-18,1.0,0.0,1.0,1.0,0,1,registrado,registrada,0
1744,P000628,Cliente 222,971700,2025-03-18,1.0,0.0,1.0,1.0,0,1,registrado,registrada,0
1745,P000628,Cliente 222,971900,2025-03-18,1.0,0.0,1.0,1.0,0,1,registrado,registrada,0
1746,P000629,Cliente 222,950000,2025-03-18,1.0,0.0,1.0,1.0,0,1,registrado,registrada,0
1747,P000629,Cliente 222,951300,2025-03-18,1.0,0.0,1.0,1.0,0,1,registrado,registrada,0
1748,P000629,Cliente 222,953100,2025-03-18,1.0,0.0,1.0,1.0,0,1,estimado_nao_verificado,registrada,0
1749,P000629,Cliente 222,954200,2025-03-18,1.0,0.0,1.0,1.0,0,1,registrado,registrada,0
1750,P000629,Cliente 222,955300,2025-03-18,1.0,0.0,1.0,1.0,0,1,registrado,registrada,0
1751,P000629,Cliente 222,958400,2025-03-18,1.0,0.0,1.0,1.0,0,1,registrado,registrada,0
1752,P000632,Cliente 090,981600,2025-03-18,10.0,0.0,10.0,1.0,0,1,registrado,registrada,0
1753,P000575,Cliente 066,902300,2025-03-19,200.0,0.0,200.0,1.0,0,1,registrado,registrada,0
1754,P000611,Cliente 161,953800,2025-03-19,5.0,0.0,5.0,1.0,0,1,registrado,registrada,0
1755,P000611,Cliente 161,959000,2025-03-19,7.0,0.0,7.0,1.0,0,1,registrado,registrada,0
1756,P000611,Cliente 161,959900,2025-03-19,2.0,0.0,2.0,1.0,0,1,registrado,registrada,0
1757,P000581,Cliente 161,954900,2025-03-19,200.0,0.0,200.0,1.0,0,1,registrado,registrada,0
1758,P000581,Cliente 161,958000,2025-03-19,200.0,0.0,200.0,1.0,0,1,registrado,registrada,0
1759,P000582,Cliente 279,949300,2025-03-19,120.0,0.0,120.0,1.0,0,1,registrado,registrada,0
1760,P000594,Cliente 182,949300,2025-03-19,80.0,0.0,80.0,1.0,0,1,registrado,registrada,0
1761,P000595,Cliente 172,949300,2025-03-19,40.0,0.0,40.0,1.0,0,1,registrado,registrada,0
1762,P000595,Cliente 172,981700,2025-03-19,8.0,0.0,8.0,1.0,0,1,registrado,registrada,0
1763,P000596,Cliente 337,908400,2025-03-19,32.0,0.0,32.0,1.0,0,1,registrado,registrada,0
1764,P000596,Cliente 337,949300,2025-03-19,16.0,0.0,16.0,1.0,0,1,registrado,registrada,0
1765,P000587,Cliente 117,961500,2025-03-19,100.0,0.0,100.0,1.0,0,1,registrado,registrada,0
1766,P000587,Cliente 117,963900,2025-03-19,100.0,0.0,100.0,1.0,0,1,registrado,registrada,0
1767,P000587,Cliente 117,964000,2025-03-19,350.0,0.0,350.0,1.0,0,1,registrado,registrada,0
1768,P000603,Cliente 117,961500,2025-03-19,30.0,0.0,30.0,1.0,0,1,registrado,registrada,0
1769,P000603,Cliente 117,961600,2025-03-19,150.0,0.0,150.0,1.0,0,1,registrado,registrada,0
1770,P000603,Cliente 117,964000,2025-03-19,150.0,0.0,150.0,1.0,0,1,registrado,registrada,0
1771,P000599,Cliente 114,949300,2025-03-19,50.0,0.0,50.0,1.0,0,1,registrado,registrada,0
1772,P000578,Cliente 300,954000,2025-03-19,5.0,0.0,5.0,1.0,0,1,registrado,registrada,0
1773,P000578,Cliente 300,954900,2025-03-19,3.0,0.0,3.0,1.0,0,1,registrado,registrada,0
1774,P000578,Cliente 300,957000,2025-03-19,5.0,0.0,5.0,1.0,0,1,registrado,registrada,0
1775,P000578,Cliente 300,958000,2025-03-19,7.0,0.0,7.0,1.0,0,1,registrado,registrada,0
1776,P000578,Cliente 300,965300,2025-03-19,5.0,0.0,5.0,1.0,0,1,registrado,registrada,0
1777,P000584,Cliente 087,961600,2025-03-19,100.0,0.0,100.0,1.0,0,1,registrado,registrada,0
1779,P000536,Cliente 303,962000,2025-03-19,4.0,0.0,4.0,1.0,0,1,registrado,registrada,0
1780,P000536,Cliente 303,981900,2025-03-19,20.0,0.0,20.0,1.0,0,1,registrado,registrada,0
1781,P000527,Cliente 238,954200,2025-03-19,20.0,0.0,20.0,1.0,0,1,registrado,registrada,0
1782,P000527,Cliente 238,955300,2025-03-19,10.0,0.0,10.0,1.0,0,1,registrado,registrada,0
1783,P000527,Cliente 238,957400,2025-03-19,10.0,0.0,10.0,1.0,0,1,registrado,registrada,0
1784,P000527,Cliente 238,958400,2025-03-19,20.0,0.0,20.0,1.0,0,1,registrado,registrada,0
1785,P000527,Cliente 238,959400,2025-03-19,10.0,0.0,10.0,1.0,0,1,registrado,registrada,0
1786,P000527,Cliente 238,960200,2025-03-19,10.0,0.0,10.0,1.0,0,1,registrado,registrada,0
1787,P000527,Cliente 238,964800,2025-03-19,20.0,0.0,20.0,1.0,0,1,registrado,registrada,0
1788,P000539,Cliente 137,961500,2025-03-19,15.0,0.0,15.0,1.0,0,1,registrado,registrada,0
1789,P000539,Cliente 137,961600,2025-03-19,20.0,0.0,20.0,1.0,0,1,registrado,registrada,0
1790,P000586,Cliente 151,982700,2025-03-19,200.0,0.0,200.0,1.0,0,1,registrado,registrada,0
1791,P000518,Cliente 061,949300,2025-03-20,400.0,0.0,400.0,1.0,0,1,registrado,registrada,0
1792,P000661,Cliente 219,900100,2025-03-20,7.0,0.0,7.0,1.0,0,1,registrado,registrada,0
1793,P000661,Cliente 219,902300,2025-03-20,15.0,0.0,15.0,1.0,0,1,registrado,registrada,0
1794,P000661,Cliente 219,951500,2025-03-20,1.0,0.0,1.0,1.0,0,1,registrado,registrada,0
1795,P000609,Cliente 220,900100,2025-03-20,5.0,0.0,5.0,1.0,0,1,registrado,registrada,0
1796,P000609,Cliente 220,902300,2025-03-20,24.0,0.0,24.0,1.0,0,1,registrado,registrada,0
1797,P000609,Cliente 220,951500,2025-03-20,2.0,0.0,2.0,1.0,0,1,registrado,registrada,0
1798,P000612,Cliente 110,948700,2025-03-20,2.0,0.0,2.0,1.0,0,1,registrado,registrada,0
1799,P000612,Cliente 110,950400,2025-03-20,38.0,0.0,38.0,1.0,0,1,registrado,registrada,0
1800,P000562,Cliente 092,902300,2025-03-20,480.0,0.0,480.0,1.0,0,1,registrado,registrada,0
1801,P000562,Cliente 092,948700,2025-03-20,40.0,0.0,40.0,1.0,0,1,registrado,registrada,0
1802,P000570,Cliente 250,900100,2025-03-21,20.0,0.0,20.0,1.0,0,1,registrado,registrada,0
1803,P000570,Cliente 250,902300,2025-03-21,80.0,0.0,80.0,1.0,0,1,registrado,registrada,0
1804,P000570,Cliente 250,949300,2025-03-21,200.0,0.0,200.0,1.0,0,1,registrado,registrada,0
1805,P000570,Cliente 250,951400,2025-03-21,160.0,0.0,160.0,1.0,0,1,registrado,registrada,0
1806,P000570,Cliente 250,953200,2025-03-21,200.0,0.0,200.0,1.0,0,1,registrado,registrada,0
1807,P000570,Cliente 250,961800,2025-03-21,120.0,0.0,120.0,1.0,0,1,registrado,registrada,0
1808,P000570,Cliente 250,964400,2025-03-21,20.0,0.0,20.0,1.0,0,1,registrado,registrada,0
1809,P000570,Cliente 250,981700,2025-03-21,40.0,0.0,40.0,1.0,0,1,registrado,registrada,0
1810,P000570,Cliente 250,991200,2025-03-21,30.0,0.0,30.0,1.0,0,1,registrado,registrada,0
1811,P000660,Cliente 250,961800,2025-03-21,120.0,0.0,120.0,1.0,0,1,estimado_nao_verificado,registrada,0
1812,P000532,Cliente 093,976300,2025-03-21,1063.0,0.0,1063.0,1.0,0,1,registrado,registrada,0
1813,P000532,Cliente 093,976500,2025-03-21,688.0,0.0,688.0,1.0,0,1,registrado,registrada,0
1814,P000565,Cliente 072,902300,2025-03-22,32.0,0.0,32.0,1.0,0,1,estimado_nao_verificado,registrada,0
1815,P000565,Cliente 072,950100,2025-03-22,20.0,0.0,20.0,1.0,0,1,estimado_nao_verificado,registrada,0
1818,P000574,Cliente 108,902300,2025-03-22,40.0,0.0,40.0,1.0,0,1,estimado_nao_verificado,registrada,0
1819,P000574,Cliente 108,949800,2025-03-22,50.0,0.0,50.0,1.0,0,1,estimado_nao_verificado,registrada,0
1820,P000564,Cliente 073,902300,2025-03-22,15.0,0.0,15.0,1.0,0,1,estimado_nao_verificado,registrada,0
1821,P000564,Cliente 073,948700,2025-03-22,25.0,0.0,25.0,1.0,0,1,estimado_nao_verificado,registrada,0
1822,P000564,Cliente 073,953800,2025-03-22,5.0,0.0,5.0,1.0,0,1,estimado_nao_verificado,registrada,0
1823,P000564,Cliente 073,954900,2025-03-22,5.0,0.0,5.0,1.0,0,1,ausente,registrada,0
1824,P000564,Cliente 073,958000,2025-03-22,5.0,0.0,5.0,1.0,0,1,estimado_nao_verificado,registrada,0
1825,P000564,Cliente 073,959000,2025-03-22,5.0,0.0,5.0,1.0,0,1,estimado_nao_verificado,registrada,0
1827,P000566,Cliente 135,902100,2025-03-22,4.0,0.0,4.0,1.0,0,1,estimado_nao_verificado,registrada,0
1828,P000566,Cliente 135,950000,2025-03-22,3.0,0.0,3.0,1.0,0,1,estimado_nao_verificado,registrada,0
1829,P000566,Cliente 135,953100,2025-03-22,2.0,0.0,2.0,1.0,0,1,estimado_nao_verificado,registrada,0
1830,P000566,Cliente 135,961600,2025-03-22,6.0,0.0,6.0,1.0,0,1,estimado_nao_verificado,registrada,0
1831,P000566,Cliente 135,964000,2025-03-22,7.0,0.0,7.0,1.0,0,1,estimado_nao_verificado,registrada,0
1834,P000568,Cliente 289,950000,2025-03-22,20.0,0.0,20.0,1.0,0,1,estimado_nao_verificado,registrada,0
1835,P000568,Cliente 289,961600,2025-03-22,45.0,0.0,45.0,1.0,0,1,estimado_nao_verificado,registrada,0
1836,P000568,Cliente 289,964000,2025-03-22,60.0,0.0,60.0,1.0,0,1,estimado_nao_verificado,registrada,0
1837,P000560,Cliente 232,961600,2025-03-22,20.0,0.0,20.0,1.0,0,1,estimado_nao_verificado,registrada,0
1841,P000597,Cliente 100,902300,2025-03-22,5.0,0.0,5.0,1.0,0,1,estimado_nao_verificado,registrada,0
1842,P000597,Cliente 100,949300,2025-03-22,10.0,0.0,10.0,1.0,0,1,estimado_nao_verificado,registrada,0
1843,P000597,Cliente 100,951400,2025-03-22,8.0,0.0,8.0,1.0,0,1,estimado_nao_verificado,registrada,0
1844,P000597,Cliente 100,954900,2025-03-22,5.0,0.0,5.0,1.0,0,1,ausente,registrada,0
1845,P000597,Cliente 100,958000,2025-03-22,5.0,0.0,5.0,1.0,0,1,estimado_nao_verificado,registrada,0
1846,P000597,Cliente 100,965300,2025-03-22,5.0,0.0,5.0,1.0,0,1,estimado_nao_verificado,registrada,0
1847,P000588,Cliente 146,902300,2025-03-22,48.0,0.0,48.0,1.0,0,1,estimado_nao_verificado,registrada,0
1848,P000588,Cliente 146,948700,2025-03-22,40.0,0.0,40.0,1.0,0,1,estimado_nao_verificado,registrada,0
1849,P000588,Cliente 146,949300,2025-03-22,15.0,0.0,15.0,1.0,0,1,estimado_nao_verificado,registrada,0
1850,P000588,Cliente 146,951400,2025-03-22,15.0,0.0,15.0,1.0,0,1,estimado_nao_verificado,registrada,0
1851,P000588,Cliente 146,953200,2025-03-22,20.0,0.0,20.0,1.0,0,1,estimado_nao_verificado,registrada,0
1852,P000588,Cliente 146,991200,2025-03-22,6.0,0.0,6.0,1.0,0,1,estimado_nao_verificado,registrada,0
1853,P000592,Cliente 111,950000,2025-03-22,5.0,0.0,5.0,1.0,0,1,estimado_nao_verificado,registrada,0
1854,P000592,Cliente 111,961600,2025-03-22,10.0,0.0,10.0,1.0,0,1,estimado_nao_verificado,registrada,0
1855,P000592,Cliente 111,964000,2025-03-22,15.0,0.0,15.0,1.0,0,1,estimado_nao_verificado,registrada,0
1856,P000605,Cliente 260,951300,2025-03-22,5.0,0.0,5.0,1.0,0,1,estimado_nao_verificado,registrada,0
1857,P000605,Cliente 260,961600,2025-03-22,15.0,0.0,15.0,1.0,0,1,estimado_nao_verificado,registrada,0
1858,P000605,Cliente 260,964000,2025-03-22,5.0,0.0,5.0,1.0,0,1,estimado_nao_verificado,registrada,0
1859,P000604,Cliente 324,949900,2025-03-22,2.0,0.0,2.0,1.0,0,1,estimado_nao_verificado,registrada,0
1860,P000604,Cliente 324,950000,2025-03-22,4.0,0.0,4.0,1.0,0,1,estimado_nao_verificado,registrada,0
1861,P000604,Cliente 324,951200,2025-03-22,2.0,0.0,2.0,1.0,0,1,estimado_nao_verificado,registrada,0
1862,P000604,Cliente 324,951300,2025-03-22,4.0,0.0,4.0,1.0,0,1,estimado_nao_verificado,registrada,0
1863,P000604,Cliente 324,961500,2025-03-22,2.0,0.0,2.0,1.0,0,1,estimado_nao_verificado,registrada,0
1864,P000604,Cliente 324,961600,2025-03-22,7.0,0.0,7.0,1.0,0,1,estimado_nao_verificado,registrada,0
1865,P000604,Cliente 324,963900,2025-03-22,1.0,0.0,1.0,1.0,0,1,estimado_nao_verificado,registrada,0
1866,P000604,Cliente 324,964000,2025-03-22,4.0,0.0,4.0,1.0,0,1,estimado_nao_verificado,registrada,0
1867,P000604,Cliente 324,981400,2025-03-22,1.0,0.0,1.0,1.0,0,1,ausente,registrada,0
1868,P000604,Cliente 324,981500,2025-03-22,4.0,0.0,4.0,1.0,0,1,estimado_nao_verificado,registrada,0
1869,P000607,Cliente 074,964000,2025-03-22,1.0,0.0,1.0,1.0,0,1,estimado_nao_verificado,registrada,0
1870,P000606,Cliente 074,949900,2025-03-22,3.0,0.0,3.0,1.0,0,1,estimado_nao_verificado,registrada,0
1871,P000606,Cliente 074,950000,2025-03-22,25.0,0.0,25.0,1.0,0,1,estimado_nao_verificado,registrada,0
1872,P000606,Cliente 074,961500,2025-03-22,3.0,0.0,3.0,1.0,0,1,estimado_nao_verificado,registrada,0
1873,P000606,Cliente 074,961600,2025-03-22,20.0,0.0,20.0,1.0,0,1,estimado_nao_verificado,registrada,0
1874,P000606,Cliente 074,963900,2025-03-22,3.0,0.0,3.0,1.0,0,1,estimado_nao_verificado,registrada,0
1875,P000606,Cliente 074,964000,2025-03-22,25.0,0.0,25.0,1.0,0,1,estimado_nao_verificado,registrada,0
1876,P000606,Cliente 074,981400,2025-03-22,3.0,0.0,3.0,1.0,0,1,ausente,registrada,0
1877,P000606,Cliente 074,981500,2025-03-22,3.0,0.0,3.0,1.0,0,1,estimado_nao_verificado,registrada,0
1878,P000619,Cliente 254,961600,2025-03-22,40.0,0.0,40.0,1.0,0,1,estimado_nao_verificado,registrada,0
1879,P000619,Cliente 254,964000,2025-03-22,36.0,0.0,36.0,1.0,0,1,estimado_nao_verificado,registrada,0
1880,P000619,Cliente 254,981500,2025-03-22,4.0,0.0,4.0,1.0,0,1,estimado_nao_verificado,registrada,0
1881,P000618,Cliente 254,966800,2025-03-22,20.0,0.0,20.0,1.0,0,1,estimado_nao_verificado,registrada,0
1882,P000608,Cliente 242,950000,2025-03-22,8.0,0.0,8.0,1.0,0,1,estimado_nao_verificado,registrada,0
1883,P000608,Cliente 242,951300,2025-03-22,6.0,0.0,6.0,1.0,0,1,estimado_nao_verificado,registrada,0
1884,P000608,Cliente 242,954900,2025-03-22,2.0,0.0,2.0,1.0,0,1,ausente,registrada,0
1885,P000608,Cliente 242,958000,2025-03-22,2.0,0.0,2.0,1.0,0,1,estimado_nao_verificado,registrada,0
1886,P000608,Cliente 242,961600,2025-03-22,4.0,0.0,4.0,1.0,0,1,estimado_nao_verificado,registrada,0
1887,P000635,Cliente 076,991200,2025-03-23,300.0,0.0,300.0,1.0,0,1,registrado,registrada,0
1888,P000627,Cliente 169,949300,2025-03-23,600.0,0.0,600.0,1.0,0,1,registrado,registrada,0
1889,P000657,Cliente 201,961800,2025-03-23,8.0,0.0,8.0,1.0,0,1,registrado,registrada,0
1890,P000519,Cliente 061,949300,2025-03-24,400.0,0.0,400.0,1.0,0,1,registrado,registrada,0
1891,P000601,Cliente 290,902300,2025-03-24,600.0,0.0,600.0,1.0,0,1,registrado,registrada,0
1892,P000424,Cliente 329,240110,2025-03-24,20.0,0.0,20.0,1.0,0,1,registrado,registrada,0
1893,P000580,Cliente 321,987400,2025-03-24,167.0,0.0,167.0,1.0,0,1,registrado,registrada,0
1894,P000634,Cliente 064,966400,2025-03-24,10.0,0.0,10.0,1.0,0,1,registrado,registrada,0
1895,P000634,Cliente 064,966500,2025-03-24,10.0,0.0,10.0,1.0,0,1,registrado,registrada,0
1896,P000634,Cliente 064,966700,2025-03-24,20.0,0.0,20.0,1.0,0,1,registrado,registrada,0
1897,P000634,Cliente 064,967800,2025-03-24,15.0,0.0,15.0,1.0,0,1,registrado,registrada,0
1898,P000634,Cliente 064,968900,2025-03-24,15.0,0.0,15.0,1.0,0,1,registrado,registrada,0
1899,P000634,Cliente 064,970100,2025-03-24,20.0,0.0,20.0,1.0,0,1,registrado,registrada,0
1900,P000634,Cliente 064,990500,2025-03-24,20.0,0.0,20.0,1.0,0,1,registrado,registrada,0
1901,P000633,Cliente 085,961000,2025-03-24,13.0,0.0,13.0,1.0,0,1,registrado,registrada,0
1902,P000633,Cliente 085,699200,2025-03-24,41.0,0.0,41.0,1.0,0,1,registrado,registrada,0
1903,P000633,Cliente 085,966300,2025-03-24,35.0,0.0,35.0,1.0,0,1,registrado,registrada,0
1904,P000633,Cliente 085,966400,2025-03-24,23.0,0.0,23.0,1.0,0,1,registrado,registrada,0
1905,P000633,Cliente 085,966500,2025-03-24,30.0,0.0,30.0,1.0,0,1,registrado,registrada,0
1906,P000633,Cliente 085,966700,2025-03-24,13.0,0.0,13.0,1.0,0,1,registrado,registrada,0
1907,P000633,Cliente 085,966800,2025-03-24,26.0,0.0,26.0,1.0,0,1,registrado,registrada,0
1908,P000622,Cliente 069,961000,2025-03-24,20.0,0.0,20.0,1.0,0,1,registrado,registrada,0
1909,P000622,Cliente 069,966400,2025-03-24,10.0,0.0,10.0,1.0,0,1,registrado,registrada,0
1910,P000622,Cliente 069,966500,2025-03-24,5.0,0.0,5.0,1.0,0,1,registrado,registrada,0
1911,P000622,Cliente 069,966600,2025-03-24,50.0,0.0,50.0,1.0,0,1,registrado,registrada,0
1912,P000622,Cliente 069,966700,2025-03-24,3.0,0.0,3.0,1.0,0,1,registrado,registrada,0
1913,P000622,Cliente 069,966800,2025-03-24,100.0,0.0,100.0,1.0,0,1,registrado,registrada,0
1914,P000622,Cliente 069,967700,2025-03-24,2.0,0.0,2.0,1.0,0,1,registrado,registrada,0
1915,P000622,Cliente 069,968900,2025-03-24,3.0,0.0,3.0,1.0,0,1,registrado,registrada,0
1916,P000622,Cliente 069,969100,2025-03-24,10.0,0.0,10.0,1.0,0,1,registrado,registrada,0
1917,P000622,Cliente 069,970000,2025-03-24,3.0,0.0,3.0,1.0,0,1,registrado,registrada,0
1918,P000622,Cliente 069,970100,2025-03-24,5.0,0.0,5.0,1.0,0,1,registrado,registrada,0
1919,P000622,Cliente 069,970200,2025-03-24,18.0,0.0,18.0,1.0,0,1,registrado,registrada,0
1920,P000622,Cliente 069,971500,2025-03-24,15.0,0.0,15.0,1.0,0,1,registrado,registrada,0
1921,P000622,Cliente 069,972200,2025-03-24,15.0,0.0,15.0,1.0,0,1,registrado,registrada,0
1922,P000622,Cliente 069,990400,2025-03-24,2.0,0.0,2.0,1.0,0,1,registrado,registrada,0
1923,P000622,Cliente 069,990500,2025-03-24,6.0,0.0,6.0,1.0,0,1,registrado,registrada,0
1924,P000610,Cliente 338,949300,2025-03-24,20.0,0.0,20.0,1.0,0,1,registrado,registrada,0
1925,P000620,Cliente 332,951400,2025-03-24,20.0,0.0,20.0,1.0,0,1,registrado,registrada,0
1926,P000620,Cliente 332,961800,2025-03-24,4.0,0.0,4.0,1.0,0,1,registrado,registrada,0
1927,P000620,Cliente 332,963100,2025-03-24,4.0,0.0,4.0,1.0,0,1,registrado,registrada,0
1928,P000620,Cliente 332,951400,2025-03-24,40.0,0.0,40.0,1.0,0,1,registrado,registrada,0
1929,P000009,Cliente 357,961500,2025-03-24,34.0,0.0,34.0,1.0,0,1,registrado,registrada,0
1930,P000009,Cliente 357,961600,2025-03-24,86.0,0.0,86.0,1.0,0,1,registrado,registrada,0
1931,P000009,Cliente 357,950000,2025-03-24,1.0,0.0,1.0,1.0,0,1,registrado,registrada,0
1932,P000009,Cliente 357,951200,2025-03-24,2.0,0.0,2.0,1.0,0,1,registrado,registrada,0
1933,P000009,Cliente 357,951300,2025-03-24,2.0,0.0,2.0,1.0,0,1,registrado,registrada,0
1934,P000009,Cliente 357,963900,2025-03-24,6.0,0.0,6.0,1.0,0,1,registrado,registrada,0
1935,P000009,Cliente 357,964000,2025-03-24,19.0,0.0,19.0,1.0,0,1,registrado,registrada,0
1936,P000009,Cliente 357,961000,2025-03-24,59.0,0.0,59.0,1.0,0,1,registrado,registrada,0
1937,P000009,Cliente 357,969100,2025-03-24,2.0,0.0,2.0,1.0,0,1,registrado,registrada,0
1938,P000009,Cliente 357,969400,2025-03-24,2.0,0.0,2.0,1.0,0,1,registrado,registrada,0
1939,P000009,Cliente 357,968800,2025-03-24,6.0,0.0,6.0,1.0,0,1,registrado,registrada,0
1940,P000009,Cliente 357,968900,2025-03-24,7.0,0.0,7.0,1.0,0,1,registrado,registrada,0
1941,P000009,Cliente 357,971500,2025-03-24,4.0,0.0,4.0,1.0,0,1,registrado,registrada,0
1942,P000009,Cliente 357,971700,2025-03-24,2.0,0.0,2.0,1.0,0,1,registrado,registrada,0
1943,P000009,Cliente 357,972200,2025-03-24,29.0,0.0,29.0,1.0,0,1,registrado,registrada,0
1944,P000009,Cliente 357,966200,2025-03-24,73.0,0.0,73.0,1.0,0,1,registrado,registrada,0
1945,P000009,Cliente 357,966300,2025-03-24,66.0,0.0,66.0,1.0,0,1,registrado,registrada,0
1946,P000009,Cliente 357,966400,2025-03-24,111.0,0.0,111.0,1.0,0,1,registrado,registrada,0
1947,P000009,Cliente 357,966500,2025-03-24,16.0,0.0,16.0,1.0,0,1,registrado,registrada,0
1948,P000009,Cliente 357,966600,2025-03-24,125.0,0.0,125.0,1.0,0,1,registrado,registrada,0
1949,P000009,Cliente 357,966700,2025-03-24,44.0,0.0,44.0,1.0,0,1,registrado,registrada,0
1950,P000009,Cliente 357,966800,2025-03-24,1270.0,0.0,1270.0,1.0,0,1,registrado,registrada,0
1951,P000009,Cliente 357,990400,2025-03-24,6.0,0.0,6.0,1.0,0,1,registrado,registrada,0
1952,P000009,Cliente 357,990500,2025-03-24,8.0,0.0,8.0,1.0,0,1,registrado,registrada,0
1953,P000009,Cliente 357,970000,2025-03-24,3.0,0.0,3.0,1.0,0,1,registrado,registrada,0
1954,P000009,Cliente 357,970100,2025-03-24,11.0,0.0,11.0,1.0,0,1,registrado,registrada,0
1955,P000009,Cliente 357,970500,2025-03-24,2.0,0.0,2.0,1.0,0,1,registrado,registrada,0
1956,P000009,Cliente 357,970200,2025-03-24,4.0,0.0,4.0,1.0,0,1,registrado,registrada,0
1957,P000009,Cliente 357,967100,2025-03-24,2.0,0.0,2.0,1.0,0,1,registrado,registrada,0
1958,P000009,Cliente 357,967700,2025-03-24,3.0,0.0,3.0,1.0,0,1,registrado,registrada,0
1959,P000009,Cliente 357,967800,2025-03-24,5.0,0.0,5.0,1.0,0,1,registrado,registrada,0
1960,P000681,Cliente 054,961000,2025-03-24,5.0,0.0,5.0,1.0,0,1,registrado,registrada,0
1961,P000680,Cliente 054,966700,2025-03-24,2.0,0.0,2.0,1.0,0,1,registrado,registrada,0
1962,P000008,Cliente 365,952300,2025-03-25,2.0,0.0,2.0,1.0,0,1,registrado,registrada,0
1963,P000008,Cliente 365,961600,2025-03-25,2.0,0.0,2.0,1.0,0,1,registrado,registrada,0
1964,P000008,Cliente 365,950000,2025-03-25,2.0,0.0,2.0,1.0,0,1,registrado,registrada,0
1965,P000008,Cliente 365,981500,2025-03-25,1.0,0.0,1.0,1.0,0,1,registrado,registrada,0
1966,P000008,Cliente 365,964000,2025-03-25,2.0,0.0,2.0,1.0,0,1,registrado,registrada,0
1967,P000008,Cliente 365,969600,2025-03-25,71.0,0.0,71.0,1.0,0,1,registrado,registrada,0
1968,P000008,Cliente 365,969400,2025-03-25,13.0,0.0,13.0,1.0,0,1,registrado,registrada,0
1969,P000008,Cliente 365,968900,2025-03-25,13.0,0.0,13.0,1.0,0,1,registrado,registrada,0
1970,P000008,Cliente 365,971700,2025-03-25,13.0,0.0,13.0,1.0,0,1,registrado,registrada,0
1971,P000008,Cliente 365,966500,2025-03-25,13.0,0.0,13.0,1.0,0,1,registrado,registrada,0
1972,P000008,Cliente 365,966600,2025-03-25,15.0,0.0,15.0,1.0,0,1,registrado,registrada,0
1973,P000008,Cliente 365,966700,2025-03-25,513.0,0.0,513.0,1.0,0,1,registrado,registrada,0
1974,P000008,Cliente 365,966800,2025-03-25,5280.0,0.0,5280.0,1.0,0,1,registrado,registrada,0
1975,P000008,Cliente 365,990400,2025-03-25,5.0,0.0,5.0,1.0,0,1,registrado,registrada,0
1976,P000008,Cliente 365,990500,2025-03-25,57.0,0.0,57.0,1.0,0,1,registrado,registrada,0
1977,P000008,Cliente 365,970100,2025-03-25,45.0,0.0,45.0,1.0,0,1,registrado,registrada,0
1978,P000008,Cliente 365,970500,2025-03-25,5.0,0.0,5.0,1.0,0,1,registrado,registrada,0
1979,P000008,Cliente 365,975800,2025-03-25,225.0,0.0,225.0,1.0,0,1,registrado,registrada,0
1980,P000008,Cliente 365,967100,2025-03-25,45.0,0.0,45.0,1.0,0,1,registrado,registrada,0
1981,P000008,Cliente 365,967800,2025-03-25,134.0,0.0,134.0,1.0,0,1,registrado,registrada,0
1982,P000008,Cliente 365,967900,2025-03-25,187.0,0.0,187.0,1.0,0,1,registrado,registrada,0
1983,P000600,Cliente 148,977500,2025-03-25,65.0,0.0,65.0,1.0,0,1,registrado,registrada,0
1984,P000600,Cliente 148,977600,2025-03-25,600.0,0.0,600.0,1.0,0,1,registrado,registrada,0
1985,P000600,Cliente 148,977700,2025-03-25,150.0,0.0,150.0,1.0,0,1,registrado,registrada,0
1986,P000600,Cliente 148,977900,2025-03-25,2000.0,0.0,2000.0,1.0,0,1,registrado,registrada,0
1987,P000540,Cliente 315,902300,2025-03-25,1120.0,0.0,1120.0,1.0,0,1,registrado,registrada,0
1988,P000540,Cliente 315,961800,2025-03-25,80.0,0.0,80.0,1.0,0,1,registrado,registrada,0
1989,P000522,Cliente 334,961600,2025-03-25,50.0,0.0,50.0,1.0,0,1,registrado,registrada,0
1990,P000522,Cliente 334,981500,2025-03-25,10.0,0.0,10.0,1.0,0,1,registrado,registrada,0
1991,P000068,Cliente 091,950400,2025-03-26,520.0,0.0,520.0,1.0,0,1,registrado,registrada,0
1992,P000496,Cliente 095,974600,2025-03-26,1040.0,0.0,1040.0,1.0,0,1,registrado,registrada,0
1993,P000496,Cliente 095,974700,2025-03-26,1872.0,0.0,1872.0,1.0,0,1,registrado,registrada,0
1994,P000496,Cliente 095,975000,2025-03-26,832.0,0.0,832.0,1.0,0,1,registrado,registrada,0
1995,P000659,Cliente 062,953200,2025-03-26,50.0,0.0,50.0,1.0,0,1,registrado,registrada,0
1996,P000659,Cliente 062,976000,2025-03-26,300.0,0.0,300.0,1.0,0,1,registrado,registrada,0
1997,P000659,Cliente 062,986300,2025-03-26,400.0,0.0,400.0,1.0,0,1,registrado,registrada,0
1998,P000673,Cliente 062,976000,2025-03-26,97.0,0.0,97.0,1.0,0,1,registrado,registrada,0
1999,P000673,Cliente 062,986300,2025-03-26,32.0,0.0,32.0,1.0,0,1,registrado,registrada,0
2000,P000559,Cliente 160,902300,2025-03-26,280.0,0.0,280.0,1.0,0,1,registrado,registrada,0
2001,P000559,Cliente 160,949300,2025-03-26,200.0,0.0,200.0,1.0,0,1,registrado,registrada,0
2002,P000559,Cliente 160,991200,2025-03-26,54.0,0.0,54.0,1.0,0,1,registrado,registrada,0
2003,P000636,Cliente 024,948600,2025-03-27,20.0,0.0,20.0,1.0,0,1,registrado,registrada,0
2004,P000636,Cliente 024,951600,2025-03-27,100.0,0.0,100.0,1.0,0,1,registrado,registrada,0
2005,P000636,Cliente 024,953800,2025-03-27,150.0,0.0,150.0,1.0,0,1,registrado,registrada,0
2006,P000636,Cliente 024,954900,2025-03-27,100.0,0.0,100.0,1.0,0,1,registrado,registrada,0
2007,P000636,Cliente 024,958000,2025-03-27,150.0,0.0,150.0,1.0,0,1,registrado,registrada,0
2008,P000636,Cliente 024,963400,2025-03-27,60.0,0.0,60.0,1.0,0,1,registrado,registrada,0
2009,P000643,Cliente 024,146910,2025-03-27,60.0,0.0,60.0,1.0,0,1,registrado,registrada,0
2010,P000642,Cliente 024,146411,2025-03-27,60.0,0.0,60.0,1.0,0,1,registrado,registrada,0
2011,P000641,Cliente 024,146611,2025-03-27,60.0,0.0,60.0,1.0,0,1,registrado,registrada,0
2012,P000640,Cliente 024,146511,2025-03-27,49.0,0.0,49.0,1.0,0,1,registrado,registrada,0
2013,P000644,Cliente 024,146711,2025-03-27,60.0,0.0,60.0,1.0,0,1,registrado,registrada,0
2014,P000645,Cliente 024,146521,2025-03-27,30.0,0.0,30.0,1.0,0,1,registrado,registrada,0
2015,P000647,Cliente 024,146421,2025-03-27,50.0,0.0,50.0,1.0,0,1,registrado,registrada,0
2016,P000646,Cliente 024,146621,2025-03-27,49.0,0.0,49.0,1.0,0,1,registrado,registrada,0
2017,P000651,Cliente 024,146631,2025-03-27,46.0,0.0,46.0,1.0,0,1,registrado,registrada,0
2018,P000652,Cliente 024,146441,2025-03-27,46.0,0.0,46.0,1.0,0,1,registrado,registrada,0
2019,P000650,Cliente 024,146930,2025-03-27,46.0,0.0,46.0,1.0,0,1,registrado,registrada,0
2020,P000649,Cliente 024,146541,2025-03-27,45.0,0.0,45.0,1.0,0,1,registrado,registrada,0
2021,P000648,Cliente 024,147100,2025-03-27,45.0,0.0,45.0,1.0,0,1,registrado,registrada,0
2022,P000639,Cliente 024,146721,2025-03-27,45.0,0.0,45.0,1.0,0,1,registrado,registrada,0
2023,P000637,Cliente 024,147200,2025-03-27,35.0,0.0,35.0,1.0,0,1,registrado,registrada,0
2024,P000638,Cliente 024,990900,2025-03-27,35.0,0.0,35.0,1.0,0,1,registrado,registrada,0
2025,P000656,Cliente 024,147300,2025-03-27,60.0,0.0,60.0,1.0,0,1,registrado,registrada,0
2026,P000654,Cliente 024,146401,2025-03-27,40.0,0.0,40.0,1.0,0,1,registrado,registrada,0
2027,P000653,Cliente 024,146501,2025-03-27,60.0,0.0,60.0,1.0,0,1,registrado,registrada,0
2028,P000655,Cliente 024,146701,2025-03-27,40.0,0.0,40.0,1.0,0,1,registrado,registrada,0
2029,P000658,Cliente 024,146601,2025-03-27,20.0,0.0,20.0,1.0,0,1,registrado,registrada,0
2030,P000613,Cliente 171,966400,2025-03-27,30.0,0.0,30.0,1.0,0,1,registrado,registrada,0
2031,P000631,Cliente 106,966400,2025-03-27,30.0,0.0,30.0,1.0,0,1,registrado,registrada,0
2032,P000631,Cliente 106,966700,2025-03-27,20.0,0.0,20.0,1.0,0,1,registrado,registrada,0
2033,P000678,Cliente 083,966400,2025-03-27,40.0,0.0,40.0,1.0,0,1,registrado,registrada,0
2034,P000697,Cliente 156,699400,2025-03-27,50.0,0.0,50.0,1.0,0,1,registrado,registrada,0
2035,P000614,Cliente 143,973800,2025-03-27,50.0,0.0,50.0,1.0,0,1,registrado,registrada,0
2036,P000687,Cliente 316,966800,2025-03-28,300.0,0.0,300.0,1.0,0,1,registrado,registrada,0
2037,P000676,Cliente 279,966800,2025-03-28,2000.0,0.0,2000.0,1.0,0,1,registrado,registrada,0
2038,P000672,Cliente 185,902300,2025-03-28,80.0,0.0,80.0,1.0,0,1,registrado,registrada,0
2039,P000672,Cliente 185,942100,2025-03-28,500.0,0.0,500.0,1.0,0,1,registrado,registrada,0
2040,P000672,Cliente 185,948700,2025-03-28,160.0,0.0,160.0,1.0,0,1,registrado,registrada,0
2041,P000672,Cliente 185,949300,2025-03-28,40.0,0.0,40.0,1.0,0,1,registrado,registrada,0
2042,P000672,Cliente 185,961800,2025-03-28,40.0,0.0,40.0,1.0,0,1,registrado,registrada,0
2043,P000672,Cliente 185,963100,2025-03-28,20.0,0.0,20.0,1.0,0,1,registrado,registrada,0
2044,P000672,Cliente 185,991400,2025-03-28,50.0,0.0,50.0,1.0,0,1,registrado,registrada,0
2045,P000669,Cliente 185,949300,2025-03-28,80.0,0.0,80.0,1.0,0,1,registrado,registrada,0
2046,P000666,Cliente 223,953800,2025-03-28,7.0,0.0,7.0,1.0,0,1,registrado,registrada,0
2047,P000666,Cliente 223,954900,2025-03-28,2.0,0.0,2.0,1.0,0,1,registrado,registrada,0
2048,P000666,Cliente 223,957000,2025-03-28,8.0,0.0,8.0,1.0,0,1,registrado,registrada,0
2049,P000666,Cliente 223,958000,2025-03-28,3.0,0.0,3.0,1.0,0,1,registrado,registrada,0
2050,P000675,Cliente 213,950000,2025-03-28,80.0,0.0,80.0,1.0,0,1,registrado,registrada,0
2051,P000675,Cliente 213,961600,2025-03-28,20.0,0.0,20.0,1.0,0,1,registrado,registrada,0
2052,P000675,Cliente 213,964000,2025-03-28,10.0,0.0,10.0,1.0,0,1,registrado,registrada,0
2053,P000675,Cliente 213,981500,2025-03-28,25.0,0.0,25.0,1.0,0,1,registrado,registrada,0
2054,P000667,Cliente 080,951300,2025-03-28,3.0,0.0,3.0,1.0,0,1,registrado,registrada,0
2055,P000682,Cliente 167,902300,2025-03-28,28.0,0.0,28.0,1.0,0,1,registrado,registrada,0
2056,P000682,Cliente 167,951400,2025-03-28,12.0,0.0,12.0,1.0,0,1,registrado,registrada,0
2057,P000569,Cliente 289,950000,2025-03-28,20.0,0.0,20.0,1.0,0,1,registrado,registrada,0
2058,P000569,Cliente 289,961600,2025-03-28,45.0,0.0,45.0,1.0,0,1,registrado,registrada,0
2059,P000569,Cliente 289,964000,2025-03-28,60.0,0.0,60.0,1.0,0,1,registrado,registrada,0
2060,P000683,Cliente 251,900100,2025-03-28,12.0,0.0,12.0,1.0,0,1,registrado,registrada,0
2061,P000684,Cliente 272,950100,2025-03-28,20.0,0.0,20.0,1.0,0,1,registrado,registrada,0
2062,P000694,Cliente 274,950400,2025-03-28,50.0,0.0,50.0,1.0,0,1,registrado,registrada,0
2063,P000694,Cliente 274,959000,2025-03-28,1.0,0.0,1.0,1.0,0,1,registrado,registrada,0
2064,P000662,Cliente 072,950000,2025-03-28,2.0,0.0,2.0,1.0,0,1,registrado,registrada,0
2065,P000662,Cliente 072,950100,2025-03-28,20.0,0.0,20.0,1.0,0,1,registrado,registrada,0
2066,P000662,Cliente 072,951500,2025-03-28,15.0,0.0,15.0,1.0,0,1,registrado,registrada,0
2067,P000662,Cliente 072,953800,2025-03-28,20.0,0.0,20.0,1.0,0,1,registrado,registrada,0
2068,P000662,Cliente 072,956000,2025-03-28,30.0,0.0,30.0,1.0,0,1,registrado,registrada,0
2069,P000662,Cliente 072,958000,2025-03-28,20.0,0.0,20.0,1.0,0,1,registrado,registrada,0
2070,P000662,Cliente 072,959000,2025-03-28,20.0,0.0,20.0,1.0,0,1,registrado,registrada,0
2071,P000623,Cliente 072,950100,2025-03-28,1.0,0.0,1.0,1.0,0,1,registrado,registrada,0
2072,P000623,Cliente 072,951200,2025-03-28,1.0,0.0,1.0,1.0,0,1,registrado,registrada,0
2073,P000685,Cliente 108,949800,2025-03-28,50.0,0.0,50.0,1.0,0,1,registrado,registrada,0
2074,P000677,Cliente 113,950100,2025-03-28,40.0,0.0,40.0,1.0,0,1,registrado,registrada,0
2075,P000677,Cliente 113,953800,2025-03-28,2.0,0.0,2.0,1.0,0,1,registrado,registrada,0
2076,P000677,Cliente 113,954900,2025-03-28,10.0,0.0,10.0,1.0,0,1,registrado,registrada,0
2077,P000677,Cliente 113,958000,2025-03-28,10.0,0.0,10.0,1.0,0,1,registrado,registrada,0
2078,P000677,Cliente 113,959000,2025-03-28,10.0,0.0,10.0,1.0,0,1,registrado,registrada,0
2079,P000686,Cliente 071,950400,2025-03-28,300.0,0.0,300.0,1.0,0,1,registrado,registrada,0
2080,P000671,Cliente 076,975600,2025-03-31,1150.0,0.0,1150.0,1.0,0,1,registrado,registrada,0
2081,P000671,Cliente 076,975700,2025-03-31,1500.0,0.0,1500.0,1.0,0,1,registrado,registrada,0
2082,P000696,Cliente 119,949300,2025-03-31,280.0,0.0,280.0,1.0,0,1,registrado,registrada,0
2083,P000696,Cliente 119,951400,2025-03-31,120.0,0.0,120.0,1.0,0,1,registrado,registrada,0
2084,P000696,Cliente 119,961800,2025-03-31,20.0,0.0,20.0,1.0,0,1,registrado,registrada,0
2085,P000696,Cliente 119,981700,2025-03-31,60.0,0.0,60.0,1.0,0,1,registrado,registrada,0
2086,P000572,Cliente 094,959200,2025-03-31,1.0,0.0,1.0,1.0,0,1,registrado,registrada,0
2087,P000572,Cliente 094,954000,2025-03-31,1.0,0.0,1.0,1.0,0,1,registrado,registrada,0
2088,P000572,Cliente 094,987600,2025-03-31,1.0,0.0,1.0,1.0,0,1,registrado,registrada,0
2089,P000572,Cliente 094,981700,2025-03-31,5.0,0.0,5.0,1.0,0,1,registrado,registrada,0
2090,P000746,Cliente 222,966800,2025-03-31,40.0,0.0,40.0,1.0,0,1,registrado,registrada,0
2091,P000746,Cliente 222,969600,2025-03-31,1.0,0.0,1.0,1.0,0,1,registrado,registrada,0
2092,P000746,Cliente 222,971700,2025-03-31,1.0,0.0,1.0,1.0,0,1,registrado,registrada,0
2093,P000746,Cliente 222,971900,2025-03-31,1.0,0.0,1.0,1.0,0,1,registrado,registrada,0
2094,P000740,Cliente 283,951300,2025-04-02,3.0,0.0,3.0,1.0,0,1,registrado,registrada,0
2095,P000740,Cliente 283,954300,2025-04-02,6.0,0.0,6.0,1.0,0,1,registrado,registrada,0
2096,P000740,Cliente 283,958500,2025-04-02,4.0,0.0,4.0,1.0,0,1,registrado,registrada,0
2097,P000740,Cliente 283,961600,2025-04-02,2.0,0.0,2.0,1.0,0,1,registrado,registrada,0
2098,P000740,Cliente 283,981500,2025-04-02,1.0,0.0,1.0,1.0,0,1,registrado,registrada,0
2099,P000741,Cliente 284,951300,2025-04-02,6.0,0.0,6.0,1.0,0,1,registrado,registrada,0
2100,P000741,Cliente 284,954300,2025-04-02,5.0,0.0,5.0,1.0,0,1,registrado,registrada,0
2101,P000741,Cliente 284,958500,2025-04-02,4.0,0.0,4.0,1.0,0,1,registrado,registrada,0
2102,P000741,Cliente 284,961600,2025-04-02,4.0,0.0,4.0,1.0,0,1,registrado,registrada,0
2103,P000741,Cliente 284,981500,2025-04-02,2.0,0.0,2.0,1.0,0,1,registrado,registrada,0
2104,P000743,Cliente 285,951300,2025-04-02,3.0,0.0,3.0,1.0,0,1,registrado,registrada,0
2105,P000743,Cliente 285,954300,2025-04-02,1.0,0.0,1.0,1.0,0,1,registrado,registrada,0
2106,P000743,Cliente 285,961600,2025-04-02,2.0,0.0,2.0,1.0,0,1,registrado,registrada,0
2107,P000743,Cliente 285,981500,2025-04-02,2.0,0.0,2.0,1.0,0,1,registrado,registrada,0
2108,P000742,Cliente 282,951300,2025-04-02,3.0,0.0,3.0,1.0,0,1,registrado,registrada,0
2109,P000742,Cliente 282,954300,2025-04-02,2.0,0.0,2.0,1.0,0,1,registrado,registrada,0
2110,P000742,Cliente 282,958500,2025-04-02,2.0,0.0,2.0,1.0,0,1,registrado,registrada,0
2111,P000742,Cliente 282,961600,2025-04-02,1.0,0.0,1.0,1.0,0,1,registrado,registrada,0
2112,P000742,Cliente 282,981500,2025-04-02,1.0,0.0,1.0,1.0,0,1,registrado,registrada,0
2113,P000744,Cliente 281,951300,2025-04-02,2.0,0.0,2.0,1.0,0,1,registrado,registrada,0
2114,P001888,Cliente 281,954300,2025-04-02,2.0,0.0,2.0,1.0,0,1,registrado,registrada,0
2115,P001888,Cliente 281,958500,2025-04-02,2.0,0.0,2.0,1.0,0,1,registrado,registrada,0
2116,P001888,Cliente 281,981500,2025-04-02,3.0,0.0,3.0,1.0,0,1,registrado,registrada,0
2117,P000520,Cliente 061,949300,2025-04-02,400.0,0.0,400.0,1.0,0,1,registrado,registrada,0
2118,P000715,Cliente 123,966400,2025-04-02,20.0,0.0,20.0,1.0,0,1,registrado,registrada,0
2119,P000630,Cliente 228,961600,2025-04-02,20.0,0.0,20.0,1.0,0,1,registrado,registrada,0
2120,P000576,Cliente 197,961600,2025-04-02,40.0,0.0,40.0,1.0,0,1,registrado,registrada,0
2121,P000576,Cliente 197,964000,2025-04-02,20.0,0.0,20.0,1.0,0,1,registrado,registrada,0
2122,P000663,Cliente 227,961600,2025-04-02,40.0,0.0,40.0,1.0,0,1,registrado,registrada,0
2123,P000663,Cliente 227,964000,2025-04-02,10.0,0.0,10.0,1.0,0,1,registrado,registrada,0
2124,P000664,Cliente 309,961600,2025-04-02,30.0,0.0,30.0,1.0,0,1,registrado,registrada,0
2125,P000691,Cliente 193,950000,2025-04-02,5.0,0.0,5.0,1.0,0,1,registrado,registrada,0
2126,P000691,Cliente 193,961600,2025-04-02,50.0,0.0,50.0,1.0,0,1,registrado,registrada,0
2127,P000691,Cliente 193,964000,2025-04-02,50.0,0.0,50.0,1.0,0,1,registrado,registrada,0
2128,P000688,Cliente 195,950000,2025-04-02,4.0,0.0,4.0,1.0,0,1,registrado,registrada,0
2129,P000688,Cliente 195,964000,2025-04-02,4.0,0.0,4.0,1.0,0,1,registrado,registrada,0
2130,P000688,Cliente 195,981500,2025-04-02,1.0,0.0,1.0,1.0,0,1,registrado,registrada,0
2131,P000689,Cliente 192,950000,2025-04-02,5.0,0.0,5.0,1.0,0,1,registrado,registrada,0
2132,P000689,Cliente 192,961600,2025-04-02,50.0,0.0,50.0,1.0,0,1,registrado,registrada,0
2133,P000689,Cliente 192,964000,2025-04-02,50.0,0.0,50.0,1.0,0,1,registrado,registrada,0
2134,P000693,Cliente 191,950000,2025-04-02,3.0,0.0,3.0,1.0,0,1,registrado,registrada,0
2135,P000693,Cliente 191,961600,2025-04-02,200.0,0.0,200.0,1.0,0,1,registrado,registrada,0
2136,P000693,Cliente 191,964000,2025-04-02,135.0,0.0,135.0,1.0,0,1,registrado,registrada,0
2137,P000690,Cliente 196,950000,2025-04-02,5.0,0.0,5.0,1.0,0,1,registrado,registrada,0
2138,P000690,Cliente 196,961600,2025-04-02,20.0,0.0,20.0,1.0,0,1,registrado,registrada,0
2139,P000690,Cliente 196,964000,2025-04-02,20.0,0.0,20.0,1.0,0,1,registrado,registrada,0
2140,P000665,Cliente 209,950000,2025-04-02,10.0,0.0,10.0,1.0,0,1,registrado,registrada,0
2141,P000665,Cliente 209,961600,2025-04-02,10.0,0.0,10.0,1.0,0,1,registrado,registrada,0
2142,P000665,Cliente 209,964000,2025-04-02,6.0,0.0,6.0,1.0,0,1,registrado,registrada,0
2143,P000665,Cliente 209,981500,2025-04-02,6.0,0.0,6.0,1.0,0,1,registrado,registrada,0
2144,P000670,Cliente 076,902300,2025-04-03,264.0,0.0,264.0,1.0,0,1,registrado,registrada,0
2145,P000670,Cliente 076,949300,2025-04-03,400.0,0.0,400.0,1.0,0,1,registrado,registrada,0
2146,P000695,Cliente 276,948600,2025-04-03,1500.0,0.0,1500.0,1.0,0,1,registrado,registrada,0
2147,P000010,Cliente 365,902300,2025-04-03,4.0,0.0,4.0,1.0,0,1,registrado,registrada,0
2148,P000010,Cliente 365,961600,2025-04-03,3.0,0.0,3.0,1.0,0,1,registrado,registrada,0
2149,P000010,Cliente 365,965000,2025-04-03,1.0,0.0,1.0,1.0,0,1,registrado,registrada,0
2150,P000010,Cliente 365,959400,2025-04-03,1.0,0.0,1.0,1.0,0,1,registrado,registrada,0
2151,P000010,Cliente 365,954200,2025-04-03,1.0,0.0,1.0,1.0,0,1,registrado,registrada,0
2152,P000010,Cliente 365,948700,2025-04-03,2.0,0.0,2.0,1.0,0,1,registrado,registrada,0
2153,P000010,Cliente 365,964000,2025-04-03,3.0,0.0,3.0,1.0,0,1,registrado,registrada,0
2154,P000010,Cliente 365,969600,2025-04-03,21.0,0.0,21.0,1.0,0,1,registrado,registrada,0
2155,P000010,Cliente 365,969400,2025-04-03,2.0,0.0,2.0,1.0,0,1,registrado,registrada,0
2156,P000010,Cliente 365,971700,2025-04-03,1.0,0.0,1.0,1.0,0,1,registrado,registrada,0
2157,P000010,Cliente 365,966500,2025-04-03,10.0,0.0,10.0,1.0,0,1,registrado,registrada,0
2158,P000010,Cliente 365,966700,2025-04-03,464.0,0.0,464.0,1.0,0,1,registrado,registrada,0
2159,P000010,Cliente 365,966800,2025-04-03,2930.0,0.0,2930.0,1.0,0,1,registrado,registrada,0
2160,P000010,Cliente 365,990500,2025-04-03,59.0,0.0,59.0,1.0,0,1,registrado,registrada,0
2161,P000010,Cliente 365,970100,2025-04-03,28.0,0.0,28.0,1.0,0,1,registrado,registrada,0
2162,P000010,Cliente 365,970500,2025-04-03,1.0,0.0,1.0,1.0,0,1,registrado,registrada,0
2163,P000010,Cliente 365,975800,2025-04-03,98.0,0.0,98.0,1.0,0,1,registrado,registrada,0
2164,P000010,Cliente 365,967100,2025-04-03,14.0,0.0,14.0,1.0,0,1,registrado,registrada,0
2165,P000010,Cliente 365,967800,2025-04-03,85.0,0.0,85.0,1.0,0,1,registrado,registrada,0
2166,P000010,Cliente 365,967900,2025-04-03,33.0,0.0,33.0,1.0,0,1,registrado,registrada,0
2167,P000497,Cliente 095,974600,2025-04-03,832.0,0.0,832.0,1.0,0,1,registrado,registrada,0
2168,P000497,Cliente 095,974700,2025-04-03,1040.0,0.0,1040.0,1.0,0,1,registrado,registrada,0
2169,P000497,Cliente 095,975000,2025-04-03,416.0,0.0,416.0,1.0,0,1,registrado,registrada,0
2170,P000712,Cliente 134,949300,2025-04-03,400.0,0.0,400.0,1.0,0,1,registrado,registrada,0
2171,P000621,Cliente 175,980000,2025-04-03,350.0,350.0,700.0,0.5,1,1,ausente,registrada,0
2172,P000621,Cliente 175,980100,2025-04-03,300.0,0.0,300.0,1.0,0,1,estimado_nao_verificado,registrada,0
2173,P000621,Cliente 175,980200,2025-04-03,600.0,0.0,600.0,1.0,0,1,estimado_nao_verificado,registrada,0
2174,P000621,Cliente 175,980500,2025-04-03,300.0,0.0,300.0,1.0,0,1,estimado_nao_verificado,registrada,0
2175,P000621,Cliente 175,980600,2025-04-03,600.0,0.0,600.0,1.0,0,1,estimado_nao_verificado,registrada,0
2176,P000621,Cliente 175,980700,2025-04-03,400.0,0.0,400.0,1.0,0,1,estimado_nao_verificado,registrada,0
2177,P000621,Cliente 175,980800,2025-04-03,200.0,0.0,200.0,1.0,0,1,ausente,registrada,0
2178,P000722,Cliente 103,968400,2025-04-03,100.0,0.0,100.0,1.0,0,1,registrado,registrada,0
2179,P000721,Cliente 103,121240,2025-04-03,,0.0,,,0,0,registrado,registrada,0
2180,P000723,Cliente 103,949300,2025-04-03,30.0,0.0,30.0,1.0,0,1,registrado,registrada,0
2181,P000723,Cliente 103,950400,2025-04-03,30.0,0.0,30.0,1.0,0,1,registrado,registrada,0
2182,P000703,Cliente 024,953800,2025-04-04,150.0,0.0,150.0,1.0,0,1,registrado,registrada,0
2183,P000703,Cliente 024,954900,2025-04-04,200.0,0.0,200.0,1.0,0,1,registrado,registrada,0
2184,P000703,Cliente 024,965300,2025-04-04,50.0,0.0,50.0,1.0,0,1,registrado,registrada,0
2185,P000704,Cliente 024,963400,2025-04-04,20.0,0.0,20.0,1.0,0,1,registrado,registrada,0
2186,P000725,Cliente 143,973800,2025-04-04,50.0,0.0,50.0,1.0,0,1,registrado,registrada,0
2187,P000725,Cliente 143,973900,2025-04-04,50.0,0.0,50.0,1.0,0,1,registrado,registrada,0
2188,P000061,Cliente 107,949300,2025-04-03,4.0,0.0,4.0,1.0,0,1,registrado,registrada,0
2189,P000061,Cliente 107,986700,2025-04-03,2.0,0.0,2.0,1.0,0,1,registrado,registrada,0
2190,P000769,Cliente 126,966700,2025-04-03,3.0,0.0,3.0,1.0,0,1,registrado,registrada,0
2191,P000782,Cliente 222,950000,2025-04-04,1.0,0.0,1.0,1.0,0,1,registrado,registrada,0
2192,P000782,Cliente 222,952300,2025-04-04,1.0,0.0,1.0,1.0,0,1,registrado,registrada,0
2193,P000782,Cliente 222,955300,2025-04-04,1.0,0.0,1.0,1.0,0,1,registrado,registrada,0
2194,P000782,Cliente 222,958400,2025-04-04,1.0,0.0,1.0,1.0,0,1,registrado,registrada,0
2195,P000782,Cliente 222,964800,2025-04-04,1.0,0.0,1.0,1.0,0,1,registrado,registrada,0
2196,P000783,Cliente 222,966800,2025-04-04,10.0,0.0,10.0,1.0,0,1,registrado,registrada,0
2197,P000783,Cliente 222,971900,2025-04-04,1.0,0.0,1.0,1.0,0,1,registrado,registrada,0
2198,P000714,Cliente 341,902300,2025-04-04,400.0,0.0,400.0,1.0,0,1,registrado,registrada,0
2199,P000705,Cliente 268,908400,2025-04-04,15.0,0.0,15.0,1.0,0,1,registrado,registrada,0
2200,P000705,Cliente 268,949300,2025-04-04,100.0,0.0,100.0,1.0,0,1,registrado,registrada,0
2203,P000706,Cliente 340,948700,2025-04-04,80.0,0.0,80.0,1.0,0,1,registrado,registrada,0
2204,P000706,Cliente 340,954000,2025-04-04,10.0,0.0,10.0,1.0,0,1,registrado,registrada,0
2205,P000706,Cliente 340,955100,2025-04-04,10.0,0.0,10.0,1.0,0,1,registrado,registrada,0
2206,P000706,Cliente 340,958200,2025-04-04,10.0,0.0,10.0,1.0,0,1,registrado,registrada,0
2207,P000706,Cliente 340,959200,2025-04-04,10.0,0.0,10.0,1.0,0,1,registrado,registrada,0
2208,P000706,Cliente 340,965200,2025-04-04,10.0,0.0,10.0,1.0,0,1,registrado,registrada,0
2209,P000706,Cliente 340,986700,2025-04-04,100.0,0.0,100.0,1.0,0,1,registrado,registrada,0
2210,P000768,Cliente 332,691800,2025-04-04,4.0,0.0,4.0,1.0,0,1,registrado,registrada,0
2211,P000768,Cliente 332,981700,2025-04-04,4.0,0.0,4.0,1.0,0,1,registrado,registrada,0
2212,P000767,Cliente 332,949300,2025-04-04,12.0,0.0,12.0,1.0,0,1,registrado,registrada,0
2213,P000767,Cliente 332,951400,2025-04-04,32.0,0.0,32.0,1.0,0,1,registrado,registrada,0
2214,P000732,Cliente 153,961600,2025-04-04,50.0,0.0,50.0,1.0,0,1,registrado,registrada,0
2215,P000011,Cliente 357,961500,2025-04-04,22.0,0.0,22.0,1.0,0,1,registrado,registrada,0
2216,P000011,Cliente 357,961600,2025-04-04,29.0,0.0,29.0,1.0,0,1,registrado,registrada,0
2217,P000011,Cliente 357,964800,2025-04-04,8.0,0.0,8.0,1.0,0,1,registrado,registrada,0
2218,P000011,Cliente 357,959400,2025-04-04,5.0,0.0,5.0,1.0,0,1,registrado,registrada,0
2219,P000011,Cliente 357,958400,2025-04-04,8.0,0.0,8.0,1.0,0,1,registrado,registrada,0
2220,P000011,Cliente 357,957400,2025-04-04,5.0,0.0,5.0,1.0,0,1,registrado,registrada,0
2221,P000011,Cliente 357,954200,2025-04-04,5.0,0.0,5.0,1.0,0,1,registrado,registrada,0
2222,P000011,Cliente 357,981500,2025-04-04,1.0,0.0,1.0,1.0,0,1,registrado,registrada,0
2223,P000011,Cliente 357,963900,2025-04-04,1.0,0.0,1.0,1.0,0,1,registrado,registrada,0
2224,P000011,Cliente 357,964000,2025-04-04,4.0,0.0,4.0,1.0,0,1,registrado,registrada,0
2225,P000011,Cliente 357,961000,2025-04-04,33.0,0.0,33.0,1.0,0,1,estimado_nao_verificado,registrada,0
2226,P000011,Cliente 357,968800,2025-04-04,3.0,0.0,3.0,1.0,0,1,registrado,registrada,0
2227,P000011,Cliente 357,968900,2025-04-04,1.0,0.0,1.0,1.0,0,1,registrado,registrada,0
2228,P000011,Cliente 357,972200,2025-04-04,15.0,0.0,15.0,1.0,0,1,registrado,registrada,0
2229,P000011,Cliente 357,966200,2025-04-04,77.0,0.0,77.0,1.0,0,1,registrado,registrada,0
2230,P000011,Cliente 357,966300,2025-04-04,57.0,0.0,57.0,1.0,0,1,registrado,registrada,0
2231,P000011,Cliente 357,966400,2025-04-04,75.0,0.0,75.0,1.0,0,1,registrado,registrada,0
2232,P000011,Cliente 357,966500,2025-04-04,15.0,0.0,15.0,1.0,0,1,registrado,registrada,0
2233,P000011,Cliente 357,966600,2025-04-04,73.0,0.0,73.0,1.0,0,1,registrado,registrada,0
2234,P000011,Cliente 357,966700,2025-04-04,8.0,0.0,8.0,1.0,0,1,registrado,registrada,0
2235,P000011,Cliente 357,966800,2025-04-04,490.0,0.0,490.0,1.0,0,1,registrado,registrada,0
2236,P000011,Cliente 357,990400,2025-04-04,3.0,0.0,3.0,1.0,0,1,registrado,registrada,0
2237,P000011,Cliente 357,990500,2025-04-04,2.0,0.0,2.0,1.0,0,1,registrado,registrada,0
2238,P000011,Cliente 357,970000,2025-04-04,3.0,0.0,3.0,1.0,0,1,registrado,registrada,0
2239,P000011,Cliente 357,970100,2025-04-04,2.0,0.0,2.0,1.0,0,1,registrado,registrada,0
2240,P000011,Cliente 357,967700,2025-04-04,3.0,0.0,3.0,1.0,0,1,registrado,registrada,0
2241,P000011,Cliente 357,967800,2025-04-04,1.0,0.0,1.0,1.0,0,1,registrado,registrada,0
2242,P000616,Cliente 101,902300,2025-04-04,1040.0,0.0,1040.0,1.0,0,1,registrado,registrada,0
2243,P000616,Cliente 101,949300,2025-04-04,100.0,0.0,100.0,1.0,0,1,registrado,registrada,0
2244,P000616,Cliente 101,961800,2025-04-04,60.0,0.0,60.0,1.0,0,1,registrado,registrada,0
2245,P000728,Cliente 248,902100,2025-04-04,7.0,0.0,7.0,1.0,0,1,registrado,registrada,0
2246,P000728,Cliente 248,950000,2025-04-04,30.0,0.0,30.0,1.0,0,1,registrado,registrada,0
2247,P000728,Cliente 248,951300,2025-04-04,29.0,0.0,29.0,1.0,0,1,registrado,registrada,0
2248,P000728,Cliente 248,961600,2025-04-04,118.0,0.0,118.0,1.0,0,1,registrado,registrada,0
2249,P000728,Cliente 248,964000,2025-04-04,41.0,0.0,41.0,1.0,0,1,registrado,registrada,0
2250,P000728,Cliente 248,965000,2025-04-04,5.0,0.0,5.0,1.0,0,1,registrado,registrada,0
2251,P000728,Cliente 248,981500,2025-04-04,45.0,0.0,45.0,1.0,0,1,registrado,registrada,0
2252,P000729,Cliente 250,902300,2025-04-04,80.0,0.0,80.0,1.0,0,1,registrado,registrada,0
2253,P000729,Cliente 250,964400,2025-04-04,80.0,0.0,80.0,1.0,0,1,registrado,registrada,0
2254,P000729,Cliente 250,981700,2025-04-04,80.0,0.0,80.0,1.0,0,1,registrado,registrada,0
2255,P000730,Cliente 056,902300,2025-04-04,120.0,0.0,120.0,1.0,0,1,registrado,registrada,0
2256,P000750,Cliente 092,948700,2025-04-04,40.0,0.0,40.0,1.0,0,1,registrado,registrada,0
2257,P000750,Cliente 092,951400,2025-04-04,40.0,0.0,40.0,1.0,0,1,registrado,registrada,0
2258,P000789,Cliente 329,240110,2025-04-05,20.0,0.0,20.0,1.0,0,1,ausente,registrada,0
2259,P000625,Cliente 301,950100,2025-04-07,150.0,0.0,150.0,1.0,0,1,registrado,registrada,0
2260,P000625,Cliente 301,962000,2025-04-07,90.0,0.0,90.0,1.0,0,1,registrado,registrada,0
2261,P000625,Cliente 301,981900,2025-04-07,30.0,0.0,30.0,1.0,0,1,registrado,registrada,0
2262,P000624,Cliente 302,949900,2025-04-07,25.0,0.0,25.0,1.0,0,1,registrado,registrada,0
2263,P000624,Cliente 302,950000,2025-04-07,25.0,0.0,25.0,1.0,0,1,registrado,registrada,0
2264,P000624,Cliente 302,950100,2025-04-07,350.0,0.0,350.0,1.0,0,1,registrado,registrada,0
2265,P000624,Cliente 302,951300,2025-04-07,10.0,0.0,10.0,1.0,0,1,registrado,registrada,0
2266,P000624,Cliente 302,952200,2025-04-07,15.0,0.0,15.0,1.0,0,1,registrado,registrada,0
2267,P000624,Cliente 302,952300,2025-04-07,15.0,0.0,15.0,1.0,0,1,registrado,registrada,0
2268,P000624,Cliente 302,953100,2025-04-07,15.0,0.0,15.0,1.0,0,1,registrado,registrada,0
2269,P000624,Cliente 302,953200,2025-04-07,20.0,0.0,20.0,1.0,0,1,registrado,registrada,0
2270,P000624,Cliente 302,953800,2025-04-07,80.0,0.0,80.0,1.0,0,1,registrado,registrada,0
2271,P000624,Cliente 302,953900,2025-04-07,10.0,0.0,10.0,1.0,0,1,registrado,registrada,0
2272,P000624,Cliente 302,954200,2025-04-07,5.0,0.0,5.0,1.0,0,1,registrado,registrada,0
2273,P000624,Cliente 302,954900,2025-04-07,80.0,0.0,80.0,1.0,0,1,registrado,registrada,0
2274,P000624,Cliente 302,955000,2025-04-07,10.0,0.0,10.0,1.0,0,1,registrado,registrada,0
2275,P000624,Cliente 302,955300,2025-04-07,5.0,0.0,5.0,1.0,0,1,registrado,registrada,0
2276,P000624,Cliente 302,957000,2025-04-07,100.0,0.0,100.0,1.0,0,1,registrado,registrada,0
2277,P000624,Cliente 302,958000,2025-04-07,100.0,0.0,100.0,1.0,0,1,registrado,registrada,0
2278,P000624,Cliente 302,958100,2025-04-07,10.0,0.0,10.0,1.0,0,1,registrado,registrada,0
2279,P000624,Cliente 302,958400,2025-04-07,5.0,0.0,5.0,1.0,0,1,registrado,registrada,0
2280,P000624,Cliente 302,959000,2025-04-07,20.0,0.0,20.0,1.0,0,1,registrado,registrada,0
2281,P000624,Cliente 302,959900,2025-04-07,20.0,0.0,20.0,1.0,0,1,registrado,registrada,0
2282,P000624,Cliente 302,961500,2025-04-07,25.0,0.0,25.0,1.0,0,1,registrado,registrada,0
2283,P000624,Cliente 302,961600,2025-04-07,25.0,0.0,25.0,1.0,0,1,registrado,registrada,0
2284,P000624,Cliente 302,962000,2025-04-07,210.0,0.0,210.0,1.0,0,1,registrado,registrada,0
2285,P000624,Cliente 302,963900,2025-04-07,10.0,0.0,10.0,1.0,0,1,registrado,registrada,0
2286,P000624,Cliente 302,964000,2025-04-07,10.0,0.0,10.0,1.0,0,1,registrado,registrada,0
2287,P000624,Cliente 302,981500,2025-04-07,5.0,0.0,5.0,1.0,0,1,registrado,registrada,0
2288,P000624,Cliente 302,981900,2025-04-07,70.0,0.0,70.0,1.0,0,1,registrado,registrada,0
2289,P000781,Cliente 279,949300,2025-04-08,200.0,0.0,200.0,1.0,0,1,registrado,registrada,0
2290,P000756,Cliente 185,902300,2025-04-08,80.0,0.0,80.0,1.0,0,1,registrado,registrada,0
2291,P000756,Cliente 185,908400,2025-04-08,100.0,0.0,100.0,1.0,0,1,registrado,registrada,0
2292,P000757,Cliente 185,948700,2025-04-08,80.0,0.0,80.0,1.0,0,1,registrado,registrada,0
2293,P000757,Cliente 185,950400,2025-04-08,40.0,0.0,40.0,1.0,0,1,registrado,registrada,0
2294,P000757,Cliente 185,961800,2025-04-08,60.0,0.0,60.0,1.0,0,1,registrado,registrada,0
2295,P000757,Cliente 185,963100,2025-04-08,20.0,0.0,20.0,1.0,0,1,registrado,registrada,0
2296,P000757,Cliente 185,981700,2025-04-08,60.0,0.0,60.0,1.0,0,1,registrado,registrada,0
2297,P000707,Cliente 185,966800,2025-04-08,150.0,0.0,150.0,1.0,0,1,registrado,registrada,0
2298,P000708,Cliente 257,902300,2025-04-08,1200.0,0.0,1200.0,1.0,0,1,registrado,registrada,0
2299,P000773,Cliente 270,949300,2025-04-08,32.0,0.0,32.0,1.0,0,1,registrado,registrada,0
2300,P000773,Cliente 270,951400,2025-04-08,60.0,0.0,60.0,1.0,0,1,registrado,registrada,0
2301,P000773,Cliente 270,953800,2025-04-08,20.0,0.0,20.0,1.0,0,1,registrado,registrada,0
2302,P000773,Cliente 270,954900,2025-04-08,30.0,0.0,30.0,1.0,0,1,registrado,registrada,0
2303,P000773,Cliente 270,958000,2025-04-08,30.0,0.0,30.0,1.0,0,1,registrado,registrada,0
2304,P000773,Cliente 270,961800,2025-04-08,1.0,0.0,1.0,1.0,0,1,registrado,registrada,0
2305,P000773,Cliente 270,965300,2025-04-08,5.0,0.0,5.0,1.0,0,1,registrado,registrada,0
2306,P000773,Cliente 270,981700,2025-04-08,1.0,0.0,1.0,1.0,0,1,registrado,registrada,0
2307,P000790,Cliente 290,902300,2025-04-08,600.0,0.0,600.0,1.0,0,1,registrado,registrada,0
2308,P000775,Cliente 073,902300,2025-04-08,,0.0,,,0,0,estimado_nao_verificado,registrada,0
2309,P000775,Cliente 073,948700,2025-04-08,4.0,0.0,4.0,1.0,0,1,estimado_nao_verificado,registrada,0
2310,P000775,Cliente 073,953800,2025-04-08,5.0,0.0,5.0,1.0,0,1,estimado_nao_verificado,registrada,0
2311,P000775,Cliente 073,954900,2025-04-08,5.0,0.0,5.0,1.0,0,1,estimado_nao_verificado,registrada,0
2312,P000775,Cliente 073,958000,2025-04-08,5.0,0.0,5.0,1.0,0,1,estimado_nao_verificado,registrada,0
2313,P000775,Cliente 073,959000,2025-04-08,5.0,0.0,5.0,1.0,0,1,estimado_nao_verificado,registrada,0
2314,P000758,Cliente 082,952500,2025-04-08,20.0,0.0,20.0,1.0,0,1,estimado_nao_verificado,registrada,0
2315,P000710,Cliente 077,902100,2025-04-08,3.0,0.0,3.0,1.0,0,1,estimado_nao_verificado,registrada,0
2316,P000710,Cliente 077,950000,2025-04-08,8.0,0.0,8.0,1.0,0,1,estimado_nao_verificado,registrada,0
2317,P000710,Cliente 077,951300,2025-04-08,10.0,0.0,10.0,1.0,0,1,estimado_nao_verificado,registrada,0
2318,P000710,Cliente 077,961600,2025-04-08,20.0,0.0,20.0,1.0,0,1,estimado_nao_verificado,registrada,0
2319,P000710,Cliente 077,964000,2025-04-08,6.0,0.0,6.0,1.0,0,1,estimado_nao_verificado,registrada,0
2320,P000710,Cliente 077,981500,2025-04-08,3.0,0.0,3.0,1.0,0,1,estimado_nao_verificado,registrada,0
2321,P000713,Cliente 235,902100,2025-04-08,3.0,0.0,3.0,1.0,0,1,estimado_nao_verificado,registrada,0
2322,P000713,Cliente 235,950000,2025-04-08,15.0,0.0,15.0,1.0,0,1,estimado_nao_verificado,registrada,0
2323,P000713,Cliente 235,950100,2025-04-08,5.0,0.0,5.0,1.0,0,1,estimado_nao_verificado,registrada,0
2324,P000713,Cliente 235,951300,2025-04-08,10.0,0.0,10.0,1.0,0,1,estimado_nao_verificado,registrada,0
2325,P000713,Cliente 235,952300,2025-04-08,5.0,0.0,5.0,1.0,0,1,estimado_nao_verificado,registrada,0
2326,P000713,Cliente 235,955300,2025-04-08,1.0,0.0,1.0,1.0,0,1,estimado_nao_verificado,registrada,0
2327,P000713,Cliente 235,958400,2025-04-08,1.0,0.0,1.0,1.0,0,1,estimado_nao_verificado,registrada,0
2328,P000713,Cliente 235,961000,2025-04-08,10.0,0.0,10.0,1.0,0,1,estimado_nao_verificado,registrada,0
2329,P000713,Cliente 235,961500,2025-04-08,10.0,0.0,10.0,1.0,0,1,estimado_nao_verificado,registrada,0
2330,P000713,Cliente 235,961600,2025-04-08,15.0,0.0,15.0,1.0,0,1,estimado_nao_verificado,registrada,0
2331,P000713,Cliente 235,962000,2025-04-08,5.0,0.0,5.0,1.0,0,1,estimado_nao_verificado,registrada,0
2332,P000713,Cliente 235,964000,2025-04-08,10.0,0.0,10.0,1.0,0,1,estimado_nao_verificado,registrada,0
2333,P000713,Cliente 235,964200,2025-04-08,5.0,0.0,5.0,1.0,0,1,estimado_nao_verificado,registrada,0
2334,P000713,Cliente 235,965000,2025-04-08,1.0,0.0,1.0,1.0,0,1,estimado_nao_verificado,registrada,0
2335,P000727,Cliente 336,902300,2025-04-08,20.0,0.0,20.0,1.0,0,1,estimado_nao_verificado,registrada,0
2336,P000727,Cliente 336,949300,2025-04-08,8.0,0.0,8.0,1.0,0,1,estimado_nao_verificado,registrada,0
2337,P000727,Cliente 336,951400,2025-04-08,12.0,0.0,12.0,1.0,0,1,estimado_nao_verificado,registrada,0
2338,P000727,Cliente 336,953200,2025-04-08,120.0,0.0,120.0,1.0,0,1,estimado_nao_verificado,registrada,0
2339,P000727,Cliente 336,953800,2025-04-08,1.0,0.0,1.0,1.0,0,1,estimado_nao_verificado,registrada,0
2340,P000727,Cliente 336,954300,2025-04-08,1.0,0.0,1.0,1.0,0,1,estimado_nao_verificado,registrada,0
2341,P000727,Cliente 336,954900,2025-04-08,1.0,0.0,1.0,1.0,0,1,estimado_nao_verificado,registrada,0
2342,P000727,Cliente 336,955400,2025-04-08,1.0,0.0,1.0,1.0,0,1,ausente,registrada,0
2343,P000727,Cliente 336,956000,2025-04-08,1.0,0.0,1.0,1.0,0,1,estimado_nao_verificado,registrada,0
2344,P000727,Cliente 336,957000,2025-04-08,1.0,0.0,1.0,1.0,0,1,estimado_nao_verificado,registrada,0
2345,P000727,Cliente 336,958000,2025-04-08,1.0,0.0,1.0,1.0,0,1,estimado_nao_verificado,registrada,0
2346,P000727,Cliente 336,958500,2025-04-08,1.0,0.0,1.0,1.0,0,1,ausente,registrada,0
2347,P000727,Cliente 336,959000,2025-04-08,1.0,0.0,1.0,1.0,0,1,estimado_nao_verificado,registrada,0
2348,P000727,Cliente 336,959900,2025-04-08,1.0,0.0,1.0,1.0,0,1,estimado_nao_verificado,registrada,0
2349,P000727,Cliente 336,960900,2025-04-08,1.0,0.0,1.0,1.0,0,1,ausente,registrada,0
2350,P000727,Cliente 336,964400,2025-04-08,8.0,0.0,8.0,1.0,0,1,estimado_nao_verificado,registrada,0
2351,P000727,Cliente 336,965300,2025-04-08,1.0,0.0,1.0,1.0,0,1,estimado_nao_verificado,registrada,0
2352,P000727,Cliente 336,981700,2025-04-08,4.0,0.0,4.0,1.0,0,1,ausente,registrada,0
2353,P000731,Cliente 052,950000,2025-04-08,5.0,0.0,5.0,1.0,0,1,estimado_nao_verificado,registrada,0
2354,P000731,Cliente 052,961600,2025-04-08,3.0,0.0,3.0,1.0,0,1,estimado_nao_verificado,registrada,0
2355,P000731,Cliente 052,964000,2025-04-08,7.0,0.0,7.0,1.0,0,1,estimado_nao_verificado,registrada,0
2356,P000709,Cliente 210,950000,2025-04-08,15.0,0.0,15.0,1.0,0,1,estimado_nao_verificado,registrada,0
2357,P000709,Cliente 210,961600,2025-04-08,10.0,0.0,10.0,1.0,0,1,estimado_nao_verificado,registrada,0
2358,P000709,Cliente 210,964000,2025-04-08,25.0,0.0,25.0,1.0,0,1,estimado_nao_verificado,registrada,0
2359,P000777,Cliente 105,902100,2025-04-08,2.0,0.0,2.0,1.0,0,1,estimado_nao_verificado,registrada,0
2360,P000777,Cliente 105,950000,2025-04-08,2.0,0.0,2.0,1.0,0,1,estimado_nao_verificado,registrada,0
2361,P000777,Cliente 105,951300,2025-04-08,3.0,0.0,3.0,1.0,0,1,estimado_nao_verificado,registrada,0
2362,P000777,Cliente 105,952300,2025-04-08,1.0,0.0,1.0,1.0,0,1,estimado_nao_verificado,registrada,0
2363,P000777,Cliente 105,964000,2025-04-08,1.0,0.0,1.0,1.0,0,1,estimado_nao_verificado,registrada,0
2364,P000772,Cliente 105,966700,2025-04-08,1.0,0.0,1.0,1.0,0,1,estimado_nao_verificado,registrada,0
2365,P000771,Cliente 105,966700,2025-04-08,10.0,0.0,10.0,1.0,0,1,estimado_nao_verificado,registrada,0
2366,P000711,Cliente 260,950000,2025-04-08,10.0,0.0,10.0,1.0,0,1,estimado_nao_verificado,registrada,0
2367,P000711,Cliente 260,961600,2025-04-08,10.0,0.0,10.0,1.0,0,1,estimado_nao_verificado,registrada,0
2368,P000711,Cliente 260,964000,2025-04-08,5.0,0.0,5.0,1.0,0,1,estimado_nao_verificado,registrada,0
2369,P000711,Cliente 260,981500,2025-04-08,2.0,0.0,2.0,1.0,0,1,estimado_nao_verificado,registrada,0
2370,P000724,Cliente 345,966700,2025-04-08,50.0,0.0,50.0,1.0,0,1,estimado_nao_verificado,registrada,0
2371,P000726,Cliente 206,902300,2025-04-08,120.0,0.0,120.0,1.0,0,1,estimado_nao_verificado,registrada,0
2372,P000764,Cliente 274,902300,2025-04-08,20.0,0.0,20.0,1.0,0,1,estimado_nao_verificado,registrada,0
2373,P000764,Cliente 274,949300,2025-04-08,50.0,0.0,50.0,1.0,0,1,estimado_nao_verificado,registrada,0
2374,P000776,Cliente 348,961800,2025-04-08,12.0,0.0,12.0,1.0,0,1,ausente,registrada,0
2375,P000760,Cliente 108,902300,2025-04-08,40.0,0.0,40.0,1.0,0,1,estimado_nao_verificado,registrada,0
2376,P000760,Cliente 108,949800,2025-04-08,100.0,0.0,100.0,1.0,0,1,estimado_nao_verificado,registrada,0
2377,P000798,Cliente 092,902300,2025-04-09,240.0,0.0,240.0,1.0,0,1,registrado,registrada,0
2378,P000796,Cliente 092,902300,2025-04-09,240.0,0.0,240.0,1.0,0,1,registrado,registrada,0
2379,P000752,Cliente 092,948700,2025-04-09,40.0,0.0,40.0,1.0,0,1,registrado,registrada,0
2380,P000751,Cliente 092,951400,2025-04-09,40.0,0.0,40.0,1.0,0,1,registrado,registrada,0
2381,P000748,Cliente 202,957000,2025-04-09,200.0,0.0,200.0,1.0,0,1,registrado,registrada,0
2382,P000747,Cliente 161,954900,2025-04-09,250.0,0.0,250.0,1.0,0,1,registrado,registrada,0
2383,P000747,Cliente 161,958000,2025-04-09,250.0,0.0,250.0,1.0,0,1,registrado,registrada,0
2384,P000747,Cliente 161,959900,2025-04-09,100.0,0.0,100.0,1.0,0,1,registrado,registrada,0
2385,P000753,Cliente 159,949300,2025-04-09,760.0,0.0,760.0,1.0,0,1,registrado,registrada,0
2386,P000720,Cliente 343,954900,2025-04-10,23.0,0.0,23.0,1.0,0,1,registrado,registrada,0
2387,P000720,Cliente 343,957000,2025-04-10,23.0,0.0,23.0,1.0,0,1,registrado,registrada,0
2388,P000720,Cliente 343,958000,2025-04-10,23.0,0.0,23.0,1.0,0,1,registrado,registrada,0
2389,P000720,Cliente 343,959000,2025-04-10,23.0,0.0,23.0,1.0,0,1,registrado,registrada,0
2390,P000720,Cliente 343,965300,2025-04-10,23.0,0.0,23.0,1.0,0,1,registrado,registrada,0
2391,P000792,Cliente 176,953200,2025-04-10,80.0,0.0,80.0,1.0,0,1,registrado,registrada,0
2392,P000779,Cliente 024,958000,2025-04-10,250.0,0.0,250.0,1.0,0,1,registrado,registrada,0
2393,P000793,Cliente 024,948600,2025-04-10,320.0,0.0,320.0,1.0,0,1,registrado,registrada,0
2394,P000793,Cliente 024,951600,2025-04-10,175.0,0.0,175.0,1.0,0,1,registrado,registrada,0
2395,P000793,Cliente 024,958000,2025-04-10,50.0,0.0,50.0,1.0,0,1,registrado,registrada,0
2396,P000793,Cliente 024,959000,2025-04-10,15.0,0.0,15.0,1.0,0,1,registrado,registrada,0
2397,P000793,Cliente 024,963400,2025-04-10,50.0,0.0,50.0,1.0,0,1,registrado,registrada,0
2398,P000793,Cliente 024,965300,2025-04-10,50.0,0.0,50.0,1.0,0,1,registrado,registrada,0
2399,P000765,Cliente 221,954200,2025-04-10,2.0,0.0,2.0,1.0,0,1,registrado,registrada,0
2400,P000765,Cliente 221,954300,2025-04-10,2.0,0.0,2.0,1.0,0,1,registrado,registrada,0
2401,P000765,Cliente 221,955300,2025-04-10,2.0,0.0,2.0,1.0,0,1,registrado,registrada,0
2402,P000765,Cliente 221,955400,2025-04-10,1.0,0.0,1.0,1.0,0,1,registrado,registrada,0
2403,P000765,Cliente 221,957400,2025-04-10,2.0,0.0,2.0,1.0,0,1,registrado,registrada,0
2404,P000765,Cliente 221,958400,2025-04-10,3.0,0.0,3.0,1.0,0,1,registrado,registrada,0
2405,P000765,Cliente 221,958500,2025-04-10,1.0,0.0,1.0,1.0,0,1,registrado,registrada,0
2406,P000765,Cliente 221,959400,2025-04-10,2.0,0.0,2.0,1.0,0,1,registrado,registrada,0
2407,P000765,Cliente 221,960200,2025-04-10,2.0,0.0,2.0,1.0,0,1,registrado,registrada,0
2408,P000765,Cliente 221,964800,2025-04-10,3.0,0.0,3.0,1.0,0,1,registrado,registrada,0
2409,P000765,Cliente 221,965000,2025-04-10,2.0,0.0,2.0,1.0,0,1,registrado,registrada,0
2410,P000066,Cliente 091,950400,2025-04-10,520.0,0.0,520.0,1.0,0,1,registrado,registrada,0
2411,P000827,Cliente 222,952300,2025-04-10,1.0,0.0,1.0,1.0,0,1,registrado,registrada,0
2412,P000827,Cliente 222,953100,2025-04-10,1.0,0.0,1.0,1.0,0,1,registrado,registrada,0
2413,P000827,Cliente 222,961000,2025-04-10,1.0,0.0,1.0,1.0,0,1,registrado,registrada,0
2414,P000827,Cliente 222,961600,2025-04-10,1.0,0.0,1.0,1.0,0,1,registrado,registrada,0
2415,P000827,Cliente 222,964800,2025-04-10,1.0,0.0,1.0,1.0,0,1,registrado,registrada,0
2416,P000826,Cliente 222,966400,2025-04-10,1.0,0.0,1.0,1.0,0,1,registrado,registrada,0
2417,P000826,Cliente 222,966700,2025-04-10,1.0,0.0,1.0,1.0,0,1,registrado,registrada,0
2418,P000826,Cliente 222,966800,2025-04-10,20.0,0.0,20.0,1.0,0,1,registrado,registrada,0
2419,P000826,Cliente 222,967700,2025-04-10,1.0,0.0,1.0,1.0,0,1,registrado,registrada,0
2420,P000826,Cliente 222,969600,2025-04-10,1.0,0.0,1.0,1.0,0,1,registrado,registrada,0
2421,P000810,Cliente 062,953200,2025-04-11,50.0,0.0,50.0,1.0,0,1,registrado,registrada,0
2422,P000810,Cliente 062,976000,2025-04-11,100.0,0.0,100.0,1.0,0,1,registrado,registrada,0
2423,P000810,Cliente 062,986300,2025-04-11,150.0,0.0,150.0,1.0,0,1,registrado,registrada,0
2424,P000810,Cliente 062,990200,2025-04-11,100.0,0.0,100.0,1.0,0,1,registrado,registrada,0
2425,P000810,Cliente 062,991500,2025-04-11,50.0,0.0,50.0,1.0,0,1,registrado,registrada,0
2426,P000749,Cliente 128,949300,2025-04-11,1200.0,0.0,1200.0,1.0,0,1,registrado,registrada,0
2427,P000778,Cliente 117,950000,2025-04-11,80.0,0.0,80.0,1.0,0,1,estimado_nao_verificado,registrada,0
2428,P000778,Cliente 117,961600,2025-04-11,330.0,0.0,330.0,1.0,0,1,registrado,registrada,0
2429,P000778,Cliente 117,963900,2025-04-11,20.0,0.0,20.0,1.0,0,1,registrado,registrada,0
2430,P000778,Cliente 117,964000,2025-04-11,330.0,0.0,330.0,1.0,0,1,registrado,registrada,0
2431,P000745,Cliente 224,949300,2025-04-11,16.0,0.0,16.0,1.0,0,1,registrado,registrada,0
2432,P000774,Cliente 053,902300,2025-04-12,120.0,0.0,120.0,1.0,0,1,registrado,registrada,0
2433,P000774,Cliente 053,951600,2025-04-12,500.0,0.0,500.0,1.0,0,1,registrado,registrada,0
2434,P000774,Cliente 053,953800,2025-04-12,300.0,0.0,300.0,1.0,0,1,registrado,registrada,0
2435,P000774,Cliente 053,954900,2025-04-12,300.0,0.0,300.0,1.0,0,1,registrado,registrada,0
2436,P000774,Cliente 053,958000,2025-04-12,300.0,0.0,300.0,1.0,0,1,registrado,registrada,0
2437,P000787,Cliente 114,949300,2025-04-12,50.0,0.0,50.0,1.0,0,1,ausente,registrada,0
2438,P000794,Cliente 300,950400,2025-04-12,15.0,0.0,15.0,1.0,0,1,estimado_nao_verificado,registrada,0
2439,P000794,Cliente 300,954900,2025-04-12,3.0,0.0,3.0,1.0,0,1,estimado_nao_verificado,registrada,0
2440,P000794,Cliente 300,957000,2025-04-12,5.0,0.0,5.0,1.0,0,1,estimado_nao_verificado,registrada,0
2441,P000794,Cliente 300,958000,2025-04-12,7.0,0.0,7.0,1.0,0,1,estimado_nao_verificado,registrada,0
2442,P000794,Cliente 300,965300,2025-04-12,5.0,0.0,5.0,1.0,0,1,ausente,registrada,0
2445,P000799,Cliente 065,961000,2025-04-12,80.0,0.0,80.0,1.0,0,1,estimado_nao_verificado,registrada,0
2446,P000812,Cliente 351,949300,2025-04-12,40.0,0.0,40.0,1.0,0,1,ausente,registrada,0
2447,P000811,Cliente 332,951400,2025-04-12,20.0,0.0,20.0,1.0,0,1,estimado_nao_verificado,registrada,0
2448,P000825,Cliente 332,949300,2025-04-12,20.0,0.0,20.0,1.0,0,1,ausente,registrada,0
2449,P000825,Cliente 332,986700,2025-04-12,20.0,0.0,20.0,1.0,0,1,estimado_nao_verificado,registrada,0
2450,P000808,Cliente 350,902300,2025-04-12,20.0,0.0,20.0,1.0,0,1,estimado_nao_verificado,registrada,0
2451,P000786,Cliente 174,952600,2025-04-12,4.0,0.0,4.0,1.0,0,1,estimado_nao_verificado,registrada,0
2452,P000786,Cliente 174,953800,2025-04-12,2.0,0.0,2.0,1.0,0,1,estimado_nao_verificado,registrada,0
2453,P000786,Cliente 174,954900,2025-04-12,8.0,0.0,8.0,1.0,0,1,estimado_nao_verificado,registrada,0
2454,P000786,Cliente 174,957000,2025-04-12,1.0,0.0,1.0,1.0,0,1,estimado_nao_verificado,registrada,0
2455,P000786,Cliente 174,958000,2025-04-12,17.0,0.0,17.0,1.0,0,1,estimado_nao_verificado,registrada,0
2456,P000786,Cliente 174,959000,2025-04-12,3.0,0.0,3.0,1.0,0,1,ausente,registrada,0
2457,P000786,Cliente 174,959900,2025-04-12,7.0,0.0,7.0,1.0,0,1,estimado_nao_verificado,registrada,0
2458,P000786,Cliente 174,962100,2025-04-12,4.0,0.0,4.0,1.0,0,1,estimado_nao_verificado,registrada,0
2459,P000786,Cliente 174,965300,2025-04-12,4.0,0.0,4.0,1.0,0,1,ausente,registrada,0
2460,P000786,Cliente 174,982000,2025-04-12,1.0,0.0,1.0,1.0,0,1,estimado_nao_verificado,registrada,0
2461,P000719,Cliente 243,954200,2025-04-12,40.0,0.0,40.0,1.0,0,1,estimado_nao_verificado,registrada,0
2462,P000719,Cliente 243,957400,2025-04-12,40.0,0.0,40.0,1.0,0,1,estimado_nao_verificado,registrada,0
2463,P000719,Cliente 243,958400,2025-04-12,40.0,0.0,40.0,1.0,0,1,estimado_nao_verificado,registrada,0
2464,P000719,Cliente 243,959400,2025-04-12,40.0,0.0,40.0,1.0,0,1,estimado_nao_verificado,registrada,0
2465,P000719,Cliente 243,964800,2025-04-12,40.0,0.0,40.0,1.0,0,1,estimado_nao_verificado,registrada,0
2466,P000485,Cliente 295,951600,2025-04-12,40.0,0.0,40.0,1.0,0,1,estimado_nao_verificado,registrada,0
2467,P000405,Cliente 295,902300,2025-04-12,39.0,0.0,39.0,1.0,0,1,estimado_nao_verificado,registrada,0
2468,P000012,Cliente 357,961500,2025-04-12,10.0,2.0,12.0,0.8333333333333334,1,1,estimado_nao_verificado,registrada,0
2469,P000012,Cliente 357,961600,2025-04-12,29.0,0.0,29.0,1.0,0,1,estimado_nao_verificado,registrada,0
2470,P000012,Cliente 357,964800,2025-04-12,2.0,0.0,2.0,1.0,0,1,estimado_nao_verificado,registrada,0
2471,P000012,Cliente 357,959400,2025-04-12,1.0,0.0,1.0,1.0,0,1,estimado_nao_verificado,registrada,0
2472,P000012,Cliente 357,958400,2025-04-12,1.0,0.0,1.0,1.0,0,1,estimado_nao_verificado,registrada,0
2473,P000012,Cliente 357,954200,2025-04-12,1.0,0.0,1.0,1.0,0,1,estimado_nao_verificado,registrada,0
2474,P000012,Cliente 357,948700,2025-04-12,4.0,0.0,4.0,1.0,0,1,estimado_nao_verificado,registrada,0
2475,P000012,Cliente 357,950400,2025-04-12,36.0,0.0,36.0,1.0,0,1,estimado_nao_verificado,registrada,0
2476,P000012,Cliente 357,951300,2025-04-12,2.0,0.0,2.0,1.0,0,1,estimado_nao_verificado,registrada,0
2477,P000012,Cliente 357,951400,2025-04-12,41.0,0.0,41.0,1.0,0,1,estimado_nao_verificado,registrada,0
2478,P000012,Cliente 357,981500,2025-04-12,1.0,0.0,1.0,1.0,0,1,estimado_nao_verificado,registrada,0
2479,P000012,Cliente 357,963900,2025-04-12,5.0,0.0,5.0,1.0,0,1,estimado_nao_verificado,registrada,0
2480,P000012,Cliente 357,964000,2025-04-12,13.0,0.0,13.0,1.0,0,1,estimado_nao_verificado,registrada,0
2481,P000012,Cliente 357,961000,2025-04-12,11.0,0.0,11.0,1.0,0,1,estimado_nao_verificado,registrada,0
2482,P000012,Cliente 357,969100,2025-04-12,1.0,0.0,1.0,1.0,0,1,estimado_nao_verificado,registrada,0
2483,P000012,Cliente 357,969400,2025-04-12,1.0,0.0,1.0,1.0,0,1,estimado_nao_verificado,registrada,0
2484,P000012,Cliente 357,968800,2025-04-12,1.0,0.0,1.0,1.0,0,1,estimado_nao_verificado,registrada,0
2485,P000012,Cliente 357,968900,2025-04-12,4.0,0.0,4.0,1.0,0,1,estimado_nao_verificado,registrada,0
2486,P000012,Cliente 357,971500,2025-04-12,1.0,0.0,1.0,1.0,0,1,estimado_nao_verificado,registrada,0
2487,P000012,Cliente 357,971700,2025-04-12,2.0,0.0,2.0,1.0,0,1,estimado_nao_verificado,registrada,0
2488,P000012,Cliente 357,972200,2025-04-12,37.0,0.0,37.0,1.0,0,1,estimado_nao_verificado,registrada,0
2489,P000012,Cliente 357,966200,2025-04-12,29.0,0.0,29.0,1.0,0,1,estimado_nao_verificado,registrada,0
2490,P000012,Cliente 357,966300,2025-04-12,45.0,0.0,45.0,1.0,0,1,estimado_nao_verificado,registrada,0
2491,P000012,Cliente 357,966400,2025-04-12,65.0,0.0,65.0,1.0,0,1,estimado_nao_verificado,registrada,0
2492,P000012,Cliente 357,966500,2025-04-12,12.0,0.0,12.0,1.0,0,1,estimado_nao_verificado,registrada,0
2493,P000012,Cliente 357,966600,2025-04-12,107.0,0.0,107.0,1.0,0,1,estimado_nao_verificado,registrada,0
2494,P000012,Cliente 357,966700,2025-04-12,30.0,0.0,30.0,1.0,0,1,estimado_nao_verificado,registrada,0
2495,P000012,Cliente 357,966820,2025-04-12,762.0,0.0,762.0,1.0,0,1,ausente,registrada,0
2496,P000012,Cliente 357,990400,2025-04-12,1.0,0.0,1.0,1.0,0,1,estimado_nao_verificado,registrada,0
2497,P000012,Cliente 357,990500,2025-04-12,2.0,0.0,2.0,1.0,0,1,estimado_nao_verificado,registrada,0
2498,P000012,Cliente 357,970000,2025-04-12,2.0,0.0,2.0,1.0,0,1,estimado_nao_verificado,registrada,0
2499,P000012,Cliente 357,970100,2025-04-12,3.0,0.0,3.0,1.0,0,1,estimado_nao_verificado,registrada,0
2500,P000012,Cliente 357,970500,2025-04-12,2.0,0.0,2.0,1.0,0,1,estimado_nao_verificado,registrada,0
2501,P000012,Cliente 357,970200,2025-04-12,2.0,0.0,2.0,1.0,0,1,ausente,registrada,0
2502,P000012,Cliente 357,967700,2025-04-12,6.0,0.0,6.0,1.0,0,1,estimado_nao_verificado,registrada,0
2503,P000012,Cliente 357,967800,2025-04-12,7.0,0.0,7.0,1.0,0,1,estimado_nao_verificado,registrada,0
2504,P000800,Cliente 066,902300,2025-04-14,400.0,0.0,400.0,1.0,0,1,registrado,registrada,0
2505,P000801,Cliente 349,902300,2025-04-14,16.0,0.0,16.0,1.0,0,1,registrado,registrada,0
2506,P000816,Cliente 223,953800,2025-04-14,15.0,0.0,15.0,1.0,0,1,registrado,registrada,0
2507,P000816,Cliente 223,954900,2025-04-14,15.0,0.0,15.0,1.0,0,1,registrado,registrada,0
2508,P000816,Cliente 223,958000,2025-04-14,15.0,0.0,15.0,1.0,0,1,registrado,registrada,0
2509,P000834,Cliente 265,902300,2025-04-14,160.0,0.0,160.0,1.0,0,1,registrado,registrada,0
2510,P000755,Cliente 347,951300,2025-04-14,3.0,0.0,3.0,1.0,0,1,registrado,registrada,0
2511,P000755,Cliente 347,954300,2025-04-14,5.0,0.0,5.0,1.0,0,1,registrado,inferida_pedido,0
2512,P000755,Cliente 347,958500,2025-04-14,3.0,0.0,3.0,1.0,0,1,registrado,registrada,0
2513,P000755,Cliente 347,961600,2025-04-14,3.0,0.0,3.0,1.0,0,1,registrado,registrada,0
2514,P000755,Cliente 347,981500,2025-04-14,1.0,0.0,1.0,1.0,0,1,registrado,registrada,0
2515,P000754,Cliente 346,951300,2025-04-14,3.0,0.0,3.0,1.0,0,1,registrado,registrada,0
2516,P000754,Cliente 346,954300,2025-04-14,5.0,0.0,5.0,1.0,0,1,registrado,registrada,0
2517,P000754,Cliente 346,958500,2025-04-14,3.0,0.0,3.0,1.0,0,1,registrado,registrada,0
2518,P000754,Cliente 346,961600,2025-04-14,3.0,0.0,3.0,1.0,0,1,registrado,registrada,0
2519,P000754,Cliente 346,981500,2025-04-14,1.0,0.0,1.0,1.0,0,1,registrado,registrada,0
2520,P000842,Cliente 222,966800,2025-04-14,40.0,0.0,40.0,1.0,0,1,registrado,registrada,0
2521,P000842,Cliente 222,969600,2025-04-14,1.0,0.0,1.0,1.0,0,1,registrado,registrada,0
2522,P000842,Cliente 222,971700,2025-04-14,1.0,0.0,1.0,1.0,0,1,registrado,registrada,0
2523,P000842,Cliente 222,971900,2025-04-14,1.0,0.0,1.0,1.0,0,1,registrado,registrada,0
2524,P000843,Cliente 222,955300,2025-04-14,1.0,0.0,1.0,1.0,0,1,registrado,registrada,0
2525,P000802,Cliente 093,976300,2025-04-15,1125.0,875.0,2000.0,0.5625,1,1,registrado,registrada,0
2526,P000802,Cliente 093,976500,2025-04-15,625.0,625.0,1250.0,0.5,1,1,registrado,registrada,0
2527,P000829,Cliente 093,902300,2025-04-15,1080.0,0.0,1080.0,1.0,0,1,registrado,registrada,0
2528,P000762,Cliente 315,902300,2025-04-15,1160.0,0.0,1160.0,1.0,0,1,registrado,registrada,0
2529,P000762,Cliente 315,949300,2025-04-15,28.0,0.0,28.0,1.0,0,1,registrado,registrada,0
2530,P000762,Cliente 315,951400,2025-04-15,12.0,0.0,12.0,1.0,0,1,registrado,registrada,0
2531,P000815,Cliente 334,961600,2025-04-15,50.0,0.0,50.0,1.0,0,1,registrado,registrada,0
2532,P000815,Cliente 334,981500,2025-04-15,10.0,0.0,10.0,1.0,0,1,registrado,registrada,0
2533,P000674,Cliente 076,902300,2025-04-15,152.0,0.0,152.0,1.0,0,1,registrado,registrada,0
2534,P000674,Cliente 076,949300,2025-04-15,240.0,0.0,240.0,1.0,0,1,registrado,registrada,0
2535,P000674,Cliente 076,975600,2025-04-15,300.0,0.0,300.0,1.0,0,1,registrado,registrada,0
2536,P000674,Cliente 076,975700,2025-04-15,700.0,0.0,700.0,1.0,0,1,registrado,registrada,0
2537,P000739,Cliente 061,949300,2025-04-15,400.0,0.0,400.0,1.0,0,1,registrado,registrada,0
2538,P000788,Cliente 166,966400,2025-04-15,20.0,0.0,20.0,1.0,0,1,registrado,registrada,0
2539,P000807,Cliente 156,966400,2025-04-15,50.0,0.0,50.0,1.0,0,1,registrado,registrada,0
2540,P000853,Cliente 083,966400,2025-04-15,35.0,0.0,35.0,1.0,0,1,registrado,registrada,0
2541,P000854,Cliente 106,966400,2025-04-15,20.0,0.0,20.0,1.0,0,1,registrado,registrada,0
2542,P000854,Cliente 106,966700,2025-04-15,20.0,0.0,20.0,1.0,0,1,registrado,registrada,0
2543,P000809,Cliente 183,948700,2025-04-16,600.0,0.0,600.0,1.0,0,1,registrado,registrada,0
2544,P000844,Cliente 132,900300,2025-04-16,18.0,0.0,18.0,1.0,0,1,registrado,registrada,0
2545,P000844,Cliente 132,991700,2025-04-16,2.0,0.0,2.0,1.0,0,1,registrado,registrada,0
2546,P000508,Cliente 095,974600,2025-04-16,832.0,0.0,832.0,1.0,0,1,registrado,registrada,0
2547,P000508,Cliente 095,974700,2025-04-16,1040.0,0.0,1040.0,1.0,0,1,registrado,registrada,0
2548,P000508,Cliente 095,975000,2025-04-16,416.0,0.0,416.0,1.0,0,1,registrado,registrada,0
2549,P000877,Cliente 222,966400,2025-04-16,1.0,0.0,1.0,1.0,0,1,registrado,registrada,0
2550,P000877,Cliente 222,966700,2025-04-16,1.0,0.0,1.0,1.0,0,1,registrado,registrada,0
2551,P000877,Cliente 222,966800,2025-04-16,40.0,0.0,40.0,1.0,0,1,registrado,registrada,0
2552,P000877,Cliente 222,970000,2025-04-16,1.0,0.0,1.0,1.0,0,1,registrado,registrada,0
2553,P000877,Cliente 222,971900,2025-04-16,1.0,0.0,1.0,1.0,0,1,registrado,registrada,0
2554,P000878,Cliente 222,950000,2025-04-16,1.0,0.0,1.0,1.0,0,1,registrado,registrada,0
2555,P000878,Cliente 222,951300,2025-04-16,1.0,0.0,1.0,1.0,0,1,registrado,registrada,0
2556,P000878,Cliente 222,954200,2025-04-16,1.0,0.0,1.0,1.0,0,1,registrado,registrada,0
2557,P000878,Cliente 222,958400,2025-04-16,1.0,0.0,1.0,1.0,0,1,registrado,registrada,0
2558,P000814,Cliente 079,966800,2025-04-17,20.0,0.0,20.0,1.0,0,1,registrado,registrada,0
2559,P000813,Cliente 079,954200,2025-04-17,1.0,0.0,1.0,1.0,0,1,registrado,registrada,0
2560,P000813,Cliente 079,955300,2025-04-17,1.0,0.0,1.0,1.0,0,1,registrado,registrada,0
2561,P000813,Cliente 079,958400,2025-04-17,1.0,0.0,1.0,1.0,0,1,registrado,registrada,0
2562,P000813,Cliente 079,959400,2025-04-17,1.0,0.0,1.0,1.0,0,1,registrado,registrada,0
2563,P000813,Cliente 079,961600,2025-04-17,10.0,0.0,10.0,1.0,0,1,registrado,registrada,0
2564,P000813,Cliente 079,964000,2025-04-17,10.0,0.0,10.0,1.0,0,1,registrado,registrada,0
2565,P000813,Cliente 079,981500,2025-04-17,2.0,0.0,2.0,1.0,0,1,registrado,registrada,0
2566,P000759,Cliente 059,954900,2025-04-17,30.0,0.0,30.0,1.0,0,1,registrado,registrada,0
2567,P000759,Cliente 059,957000,2025-04-17,15.0,0.0,15.0,1.0,0,1,registrado,registrada,0
2568,P000759,Cliente 059,958000,2025-04-17,20.0,0.0,20.0,1.0,0,1,registrado,registrada,0
2569,P000795,Cliente 150,950000,2025-04-17,2.0,0.0,2.0,1.0,0,1,registrado,registrada,0
2570,P000795,Cliente 150,961600,2025-04-17,5.0,0.0,5.0,1.0,0,1,registrado,registrada,0
2571,P000795,Cliente 150,964000,2025-04-17,5.0,0.0,5.0,1.0,0,1,registrado,registrada,0
2572,P000784,Cliente 212,950000,2025-04-17,30.0,0.0,30.0,1.0,0,1,registrado,registrada,0
2573,P000784,Cliente 212,951300,2025-04-17,2.0,0.0,2.0,1.0,0,1,registrado,registrada,0
2574,P000784,Cliente 212,961600,2025-04-17,30.0,0.0,30.0,1.0,0,1,registrado,registrada,0
2575,P000784,Cliente 212,964000,2025-04-17,30.0,0.0,30.0,1.0,0,1,registrado,registrada,0
2576,P000784,Cliente 212,981500,2025-04-17,7.0,0.0,7.0,1.0,0,1,registrado,registrada,0
2577,P000766,Cliente 059,957000,2025-04-17,4.0,0.0,4.0,1.0,0,1,registrado,registrada,0
2578,P000766,Cliente 059,958000,2025-04-17,5.0,0.0,5.0,1.0,0,1,registrado,registrada,0
2579,P000766,Cliente 059,959000,2025-04-17,5.0,0.0,5.0,1.0,0,1,registrado,registrada,0
2580,P000817,Cliente 233,966800,2025-04-17,40.0,0.0,40.0,1.0,0,1,registrado,registrada,0
2581,P000060,Cliente 233,961600,2025-04-17,21.0,0.0,21.0,1.0,0,1,registrado,registrada,0
2582,P000060,Cliente 233,964000,2025-04-17,29.0,0.0,29.0,1.0,0,1,registrado,registrada,0
2583,P000840,Cliente 254,961600,2025-04-17,25.0,0.0,25.0,1.0,0,1,registrado,registrada,0
2584,P000840,Cliente 254,964000,2025-04-17,25.0,0.0,25.0,1.0,0,1,registrado,registrada,0
2585,P000840,Cliente 254,981500,2025-04-17,3.0,0.0,3.0,1.0,0,1,registrado,registrada,0
2586,P000839,Cliente 254,966800,2025-04-17,10.0,0.0,10.0,1.0,0,1,registrado,registrada,0
2587,P000838,Cliente 080,950000,2025-04-17,4.0,0.0,4.0,1.0,0,1,registrado,registrada,0
2588,P000838,Cliente 080,961600,2025-04-17,8.0,0.0,8.0,1.0,0,1,registrado,registrada,0
2589,P000838,Cliente 080,964000,2025-04-17,5.0,0.0,5.0,1.0,0,1,registrado,registrada,0
2590,P000838,Cliente 080,981500,2025-04-17,3.0,0.0,3.0,1.0,0,1,registrado,registrada,0
2591,P000872,Cliente 251,902300,2025-04-17,12.0,0.0,12.0,1.0,0,1,registrado,registrada,0
2592,P000832,Cliente 237,950000,2025-04-17,1.0,0.0,1.0,1.0,0,1,registrado,registrada,0
2593,P000832,Cliente 237,961600,2025-04-17,5.0,0.0,5.0,1.0,0,1,registrado,registrada,0
2594,P000832,Cliente 237,963900,2025-04-17,3.0,0.0,3.0,1.0,0,1,registrado,registrada,0
2595,P000832,Cliente 237,964000,2025-04-17,3.0,0.0,3.0,1.0,0,1,registrado,registrada,0
2596,P000871,Cliente 232,949300,2025-04-17,8.0,0.0,8.0,1.0,0,1,registrado,registrada,0
2597,P000871,Cliente 232,950400,2025-04-17,48.0,0.0,48.0,1.0,0,1,registrado,registrada,0
2598,P000837,Cliente 299,902300,2025-04-17,4.0,0.0,4.0,1.0,0,1,registrado,registrada,0
2599,P000837,Cliente 299,949300,2025-04-17,11.0,0.0,11.0,1.0,0,1,registrado,registrada,0
2600,P000837,Cliente 299,951400,2025-04-17,9.0,0.0,9.0,1.0,0,1,registrado,registrada,0
2601,P000837,Cliente 299,954900,2025-04-17,2.0,0.0,2.0,1.0,0,1,registrado,registrada,0
2602,P000837,Cliente 299,957000,2025-04-17,2.0,0.0,2.0,1.0,0,1,registrado,registrada,0
2603,P000837,Cliente 299,959000,2025-04-17,2.0,0.0,2.0,1.0,0,1,registrado,registrada,0
2604,P000828,Cliente 110,948700,2025-04-17,3.0,0.0,3.0,1.0,0,1,registrado,registrada,0
2605,P000828,Cliente 110,950400,2025-04-17,36.0,0.0,36.0,1.0,0,1,registrado,registrada,0
2606,P000828,Cliente 110,951400,2025-04-17,1.0,0.0,1.0,1.0,0,1,registrado,registrada,0
2607,P000791,Cliente 146,902300,2025-04-17,40.0,0.0,40.0,1.0,0,1,registrado,registrada,0
2608,P000791,Cliente 146,948700,2025-04-17,50.0,0.0,50.0,1.0,0,1,registrado,registrada,0
2609,P000791,Cliente 146,949300,2025-04-17,15.0,0.0,15.0,1.0,0,1,registrado,registrada,0
2610,P000791,Cliente 146,951400,2025-04-17,15.0,0.0,15.0,1.0,0,1,estimado_nao_verificado,registrada,0
2611,P000791,Cliente 146,953200,2025-04-17,20.0,0.0,20.0,1.0,0,1,estimado_nao_verificado,registrada,0
2612,P000013,Cliente 365,969600,2025-04-17,11.0,0.0,11.0,1.0,0,1,estimado_nao_verificado,registrada,0
2613,P000013,Cliente 365,969400,2025-04-17,5.0,0.0,5.0,1.0,0,1,estimado_nao_verificado,registrada,0
2614,P000013,Cliente 365,968900,2025-04-17,7.0,0.0,7.0,1.0,0,1,estimado_nao_verificado,registrada,0
2615,P000013,Cliente 365,971700,2025-04-17,5.0,0.0,5.0,1.0,0,1,estimado_nao_verificado,registrada,0
2616,P000013,Cliente 365,966700,2025-04-17,715.0,0.0,715.0,1.0,0,1,estimado_nao_verificado,registrada,0
2617,P000013,Cliente 365,966800,2025-04-17,4870.0,0.0,4870.0,1.0,0,1,estimado_nao_verificado,registrada,0
2618,P000013,Cliente 365,990500,2025-04-17,135.0,0.0,135.0,1.0,0,1,estimado_nao_verificado,registrada,0
2619,P000013,Cliente 365,970100,2025-04-17,40.0,0.0,40.0,1.0,0,1,estimado_nao_verificado,registrada,0
2620,P000013,Cliente 365,970500,2025-04-17,3.0,0.0,3.0,1.0,0,1,estimado_nao_verificado,registrada,0
2621,P000013,Cliente 365,975800,2025-04-17,320.0,0.0,320.0,1.0,0,1,registrado,registrada,0
2622,P000013,Cliente 365,967100,2025-04-17,25.0,0.0,25.0,1.0,0,1,registrado,registrada,0
2623,P000013,Cliente 365,967800,2025-04-17,106.0,0.0,106.0,1.0,0,1,registrado,registrada,0
2624,P000013,Cliente 365,967900,2025-04-17,43.0,0.0,43.0,1.0,0,1,registrado,registrada,0
2625,P000770,Cliente 099,953200,2025-04-17,1000.0,0.0,1000.0,1.0,0,1,registrado,registrada,0
2626,P000848,Cliente 184,902200,2025-04-17,2.0,0.0,2.0,1.0,0,1,registrado,registrada,0
2627,P000848,Cliente 184,951700,2025-04-17,2.0,0.0,2.0,1.0,0,1,registrado,registrada,0
2628,P000848,Cliente 184,987601,2025-04-17,1.0,0.0,1.0,1.0,0,1,registrado,registrada,0
2629,P000874,Cliente 286,902300,2025-04-17,400.0,0.0,400.0,1.0,0,1,registrado,registrada,0
2630,P000894,Cliente 334,961600,2025-04-21,50.0,0.0,50.0,1.0,0,1,registrado,registrada,0
2631,P000894,Cliente 334,981500,2025-04-21,10.0,0.0,10.0,1.0,0,1,registrado,registrada,0
2632,P000850,Cliente 268,902300,2025-04-21,200.0,0.0,200.0,1.0,0,1,registrado,registrada,0
2633,P000870,Cliente 270,902300,2025-04-21,40.0,0.0,40.0,1.0,0,1,registrado,registrada,0
2634,P000870,Cliente 270,948700,2025-04-21,40.0,0.0,40.0,1.0,0,1,registrado,registrada,0
2635,P000870,Cliente 270,951400,2025-04-21,60.0,0.0,60.0,1.0,0,1,registrado,registrada,0
2636,P000870,Cliente 270,953800,2025-04-21,15.0,0.0,15.0,1.0,0,1,registrado,registrada,0
2637,P000870,Cliente 270,954900,2025-04-21,15.0,0.0,15.0,1.0,0,1,registrado,registrada,0
2638,P000870,Cliente 270,958000,2025-04-21,25.0,0.0,25.0,1.0,0,1,registrado,registrada,0
2639,P000870,Cliente 270,965300,2025-04-21,10.0,0.0,10.0,1.0,0,1,registrado,registrada,0
2640,P000803,Cliente 270,902300,2025-04-21,60.0,0.0,60.0,1.0,0,1,registrado,registrada,0
2641,P000803,Cliente 270,949300,2025-04-21,32.0,0.0,32.0,1.0,0,1,registrado,registrada,0
2642,P000803,Cliente 270,951400,2025-04-21,60.0,0.0,60.0,1.0,0,1,registrado,registrada,0
2643,P000803,Cliente 270,953800,2025-04-21,20.0,0.0,20.0,1.0,0,1,registrado,registrada,0
2644,P000803,Cliente 270,954900,2025-04-21,30.0,0.0,30.0,1.0,0,1,registrado,registrada,0
2645,P000803,Cliente 270,958000,2025-04-21,30.0,0.0,30.0,1.0,0,1,registrado,registrada,0
2646,P000803,Cliente 270,961800,2025-04-21,1.0,0.0,1.0,1.0,0,1,registrado,registrada,0
2647,P000803,Cliente 270,965300,2025-04-21,5.0,0.0,5.0,1.0,0,1,registrado,registrada,0
2648,P000803,Cliente 270,981700,2025-04-21,1.0,0.0,1.0,1.0,0,1,registrado,registrada,0
2649,P000880,Cliente 092,951400,2025-04-21,40.0,0.0,40.0,1.0,0,1,registrado,registrada,0
2650,P000879,Cliente 092,902300,2025-04-21,240.0,0.0,240.0,1.0,0,1,registrado,registrada,0
2651,P000845,Cliente 092,991600,2025-04-21,280.0,0.0,280.0,1.0,0,1,registrado,registrada,0
2652,P000806,Cliente 121,974200,2025-04-22,300.0,0.0,300.0,1.0,0,1,registrado,registrada,0
2653,P000015,Cliente 357,902300,2025-04-22,24.0,0.0,24.0,1.0,0,1,registrado,registrada,0
2654,P000015,Cliente 357,961600,2025-04-22,35.0,0.0,35.0,1.0,0,1,registrado,registrada,0
2655,P000015,Cliente 357,900100,2025-04-22,10.0,0.0,10.0,1.0,0,1,registrado,registrada,0
2656,P000015,Cliente 357,963900,2025-04-22,1.0,0.0,1.0,1.0,0,1,registrado,registrada,0
2657,P000015,Cliente 357,964000,2025-04-22,13.0,0.0,13.0,1.0,0,1,registrado,registrada,0
2658,P000015,Cliente 357,961000,2025-04-22,27.0,0.0,27.0,1.0,0,1,estimado_nao_verificado,registrada,0
2659,P000015,Cliente 357,969100,2025-04-22,3.0,0.0,3.0,1.0,0,1,estimado_nao_verificado,registrada,0
2660,P000015,Cliente 357,968800,2025-04-22,4.0,0.0,4.0,1.0,0,1,estimado_nao_verificado,registrada,0
2661,P000015,Cliente 357,968900,2025-04-22,7.0,0.0,7.0,1.0,0,1,estimado_nao_verificado,registrada,0
2662,P000015,Cliente 357,971500,2025-04-22,3.0,0.0,3.0,1.0,0,1,estimado_nao_verificado,registrada,0
2663,P000015,Cliente 357,972200,2025-04-22,9.0,0.0,9.0,1.0,0,1,estimado_nao_verificado,registrada,0
2664,P000015,Cliente 357,966200,2025-04-22,93.0,0.0,93.0,1.0,0,1,estimado_nao_verificado,registrada,0
2665,P000015,Cliente 357,966300,2025-04-22,73.0,0.0,73.0,1.0,0,1,estimado_nao_verificado,registrada,0
2666,P000015,Cliente 357,966400,2025-04-22,92.0,0.0,92.0,1.0,0,1,estimado_nao_verificado,registrada,0
2667,P000015,Cliente 357,966500,2025-04-22,32.0,0.0,32.0,1.0,0,1,estimado_nao_verificado,registrada,0
2668,P000015,Cliente 357,966600,2025-04-22,147.0,0.0,147.0,1.0,0,1,estimado_nao_verificado,registrada,0
2669,P000015,Cliente 357,966700,2025-04-22,46.0,0.0,46.0,1.0,0,1,estimado_nao_verificado,registrada,0
2670,P000015,Cliente 357,966800,2025-04-22,705.0,0.0,705.0,1.0,0,1,estimado_nao_verificado,registrada,0
2671,P000015,Cliente 357,990400,2025-04-22,3.0,0.0,3.0,1.0,0,1,estimado_nao_verificado,registrada,0
2672,P000015,Cliente 357,995000,2025-04-22,4.0,0.0,4.0,1.0,0,1,ausente,registrada,0
2673,P000015,Cliente 357,970000,2025-04-22,4.0,0.0,4.0,1.0,0,1,estimado_nao_verificado,registrada,0
2674,P000015,Cliente 357,970100,2025-04-22,7.0,0.0,7.0,1.0,0,1,estimado_nao_verificado,registrada,0
2675,P000015,Cliente 357,970200,2025-04-22,6.0,0.0,6.0,1.0,0,1,ausente,registrada,0
2676,P000015,Cliente 357,967700,2025-04-22,1.0,0.0,1.0,1.0,0,1,estimado_nao_verificado,registrada,0
2677,P000015,Cliente 357,967800,2025-04-22,2.0,0.0,2.0,1.0,0,1,estimado_nao_verificado,registrada,0
2678,P000785,Cliente 091,987000,2025-04-22,472.0,0.0,472.0,1.0,0,1,registrado,registrada,0
2679,P000785,Cliente 091,948700,2025-04-22,27.0,0.0,27.0,1.0,0,1,registrado,registrada,0
2680,P000851,Cliente 024,965300,2025-04-22,300.0,0.0,300.0,1.0,0,1,registrado,registrada,0
2681,P001578,Cliente 024,902300,2025-04-22,20.0,0.0,20.0,1.0,0,1,registrado,registrada,0
2682,P001578,Cliente 024,949200,2025-04-22,150.0,0.0,150.0,1.0,0,1,registrado,registrada,0
2683,P001578,Cliente 024,951600,2025-04-22,300.0,0.0,300.0,1.0,0,1,registrado,registrada,0
2684,P001578,Cliente 024,953800,2025-04-22,150.0,0.0,150.0,1.0,0,1,registrado,registrada,0
2685,P001578,Cliente 024,954900,2025-04-22,150.0,0.0,150.0,1.0,0,1,registrado,registrada,0
2686,P001578,Cliente 024,956000,2025-04-22,10.0,0.0,10.0,1.0,0,1,registrado,registrada,0
2687,P001578,Cliente 024,962100,2025-04-22,125.0,0.0,125.0,1.0,0,1,registrado,registrada,0
2688,P001578,Cliente 024,965300,2025-04-22,100.0,0.0,100.0,1.0,0,1,registrado,registrada,0
2689,P000876,Cliente 024,962100,2025-04-22,150.0,0.0,150.0,1.0,0,1,registrado,registrada,0
2690,P000780,Cliente 297,961600,2025-04-22,40.0,0.0,40.0,1.0,0,1,registrado,registrada,0
2691,P000780,Cliente 297,964000,2025-04-22,25.0,0.0,25.0,1.0,0,1,registrado,registrada,0
2692,P000841,Cliente 280,948700,2025-04-22,108.0,0.0,108.0,1.0,0,1,registrado,registrada,0
2693,P000841,Cliente 280,964400,2025-04-22,14.0,0.0,14.0,1.0,0,1,registrado,registrada,0
2694,P000700,Cliente 169,949300,2025-04-22,400.0,0.0,400.0,1.0,0,1,registrado,registrada,0
2695,P000833,Cliente 226,976600,2025-04-23,200.0,0.0,200.0,1.0,0,1,registrado,registrada,0
2696,P000833,Cliente 226,976700,2025-04-23,200.0,0.0,200.0,1.0,0,1,registrado,registrada,0
2697,P000498,Cliente 095,974600,2025-04-23,832.0,0.0,832.0,1.0,0,1,registrado,registrada,0
2698,P000498,Cliente 095,974700,2025-04-23,1040.0,0.0,1040.0,1.0,0,1,registrado,registrada,0
2699,P000498,Cliente 095,975000,2025-04-23,416.0,0.0,416.0,1.0,0,1,registrado,registrada,0
2700,P000738,Cliente 061,949300,2025-04-24,400.0,0.0,400.0,1.0,0,1,registrado,registrada,0
2701,P000886,Cliente 060,966600,2025-04-24,400.0,0.0,400.0,1.0,0,1,registrado,registrada,0
2702,P000886,Cliente 060,966700,2025-04-24,500.0,0.0,500.0,1.0,0,1,registrado,registrada,0
2703,P000886,Cliente 060,990500,2025-04-24,50.0,0.0,50.0,1.0,0,1,registrado,registrada,0
2704,P000698,Cliente 185,942100,2025-04-24,75.0,425.0,500.0,0.15,1,1,registrado,registrada,0
2705,P000698,Cliente 185,948700,2025-04-24,160.0,0.0,160.0,1.0,0,1,registrado,registrada,0
2706,P000698,Cliente 185,949300,2025-04-24,40.0,0.0,40.0,1.0,0,1,registrado,registrada,0
2707,P000698,Cliente 185,950400,2025-04-24,40.0,0.0,40.0,1.0,0,1,registrado,registrada,0
2708,P000698,Cliente 185,963100,2025-04-24,40.0,0.0,40.0,1.0,0,1,registrado,registrada,0
2709,P000698,Cliente 185,981700,2025-04-24,40.0,0.0,40.0,1.0,0,1,registrado,registrada,0
2710,P000882,Cliente 185,902300,2025-04-24,80.0,0.0,80.0,1.0,0,1,registrado,registrada,0
2711,P000882,Cliente 185,908400,2025-04-24,40.0,0.0,40.0,1.0,0,1,registrado,registrada,0
2712,P000883,Cliente 185,966800,2025-04-24,150.0,0.0,150.0,1.0,0,1,registrado,registrada,0
2713,P000884,Cliente 172,949300,2025-04-24,40.0,0.0,40.0,1.0,0,1,registrado,registrada,0
2714,P000885,Cliente 201,961800,2025-04-24,12.0,0.0,12.0,1.0,0,1,registrado,registrada,0
2715,P000835,Cliente 103,949300,2025-04-24,36.0,0.0,36.0,1.0,0,1,registrado,registrada,0
2716,P000835,Cliente 103,950400,2025-04-24,36.0,0.0,36.0,1.0,0,1,registrado,registrada,0
2717,P000818,Cliente 181,949000,2025-04-24,120.0,0.0,120.0,1.0,0,1,registrado,registrada,0
2718,P000818,Cliente 181,962000,2025-04-24,80.0,0.0,80.0,1.0,0,1,registrado,registrada,0
2719,P000855,Cliente 164,962000,2025-04-24,80.0,0.0,80.0,1.0,0,1,registrado,registrada,0
2720,P000855,Cliente 164,981700,2025-04-24,280.0,0.0,280.0,1.0,0,1,registrado,registrada,0
2721,P000902,Cliente 335,950400,2025-04-24,200.0,0.0,200.0,1.0,0,1,registrado,registrada,0
2722,P000820,Cliente 335,950400,2025-04-24,400.0,0.0,400.0,1.0,0,1,registrado,registrada,0
2723,P000888,Cliente 335,967800,2025-04-24,50.0,0.0,50.0,1.0,0,1,registrado,registrada,0
2724,P000888,Cliente 335,968900,2025-04-24,50.0,0.0,50.0,1.0,0,1,registrado,registrada,0
2725,P000821,Cliente 307,949000,2025-04-25,120.0,0.0,120.0,1.0,0,1,registrado,registrada,0
2726,P000821,Cliente 307,949900,2025-04-25,5.0,0.0,5.0,1.0,0,1,registrado,registrada,0
2727,P000821,Cliente 307,950000,2025-04-25,50.0,0.0,50.0,1.0,0,1,registrado,registrada,0
2728,P000821,Cliente 307,961600,2025-04-25,50.0,0.0,50.0,1.0,0,1,registrado,registrada,0
2729,P000821,Cliente 307,964000,2025-04-25,50.0,0.0,50.0,1.0,0,1,registrado,registrada,0
2730,P000822,Cliente 307,966800,2025-04-25,1000.0,0.0,1000.0,1.0,0,1,registrado,registrada,0
2731,P000823,Cliente 352,900100,2025-04-25,60.0,0.0,60.0,1.0,0,1,registrado,registrada,0
2732,P000823,Cliente 352,902300,2025-04-25,60.0,0.0,60.0,1.0,0,1,registrado,registrada,0
2733,P000823,Cliente 352,949000,2025-04-25,80.0,0.0,80.0,1.0,0,1,registrado,registrada,0
2734,P000905,Cliente 002,967800,2025-04-25,100.0,0.0,100.0,1.0,0,1,registrado,registrada,0
2735,P000905,Cliente 002,968900,2025-04-25,50.0,0.0,50.0,1.0,0,1,registrado,registrada,0
2736,P000903,Cliente 002,949000,2025-04-25,50.0,0.0,50.0,1.0,0,1,registrado,registrada,0
2737,P000819,Cliente 266,950400,2025-04-25,240.0,0.0,240.0,1.0,0,1,registrado,registrada,0
2738,P000849,Cliente 262,900100,2025-04-25,600.0,0.0,600.0,1.0,0,1,registrado,registrada,0
2739,P000891,Cliente 093,976300,2025-04-25,1000.0,0.0,1000.0,1.0,0,1,registrado,registrada,0
2740,P000891,Cliente 093,976500,2025-04-25,750.0,0.0,750.0,1.0,0,1,registrado,registrada,0
2741,P000521,Cliente 128,949300,2025-04-26,1200.0,0.0,1200.0,1.0,0,1,registrado,registrada,0
2742,P000912,Cliente 001,902300,2025-04-28,400.0,0.0,400.0,1.0,0,1,registrado,registrada,0
2743,P000912,Cliente 001,908400,2025-04-28,80.0,0.0,80.0,1.0,0,1,registrado,registrada,0
2744,P000904,Cliente 167,902300,2025-04-28,52.0,0.0,52.0,1.0,0,1,registrado,registrada,0
2745,P000904,Cliente 167,951400,2025-04-28,8.0,0.0,8.0,1.0,0,1,registrado,registrada,0
2746,P000904,Cliente 167,953800,2025-04-28,3.0,0.0,3.0,1.0,0,1,registrado,registrada,0
2747,P000904,Cliente 167,954900,2025-04-28,6.0,0.0,6.0,1.0,0,1,registrado,registrada,0
2748,P000904,Cliente 167,958000,2025-04-28,6.0,0.0,6.0,1.0,0,1,registrado,registrada,0
2749,P000904,Cliente 167,959000,2025-04-28,4.0,0.0,4.0,1.0,0,1,registrado,registrada,0
2750,P000904,Cliente 167,965300,2025-04-28,4.0,0.0,4.0,1.0,0,1,registrado,registrada,0
2751,P000881,Cliente 336,900100,2025-04-28,20.0,0.0,20.0,1.0,0,1,registrado,registrada,0
2752,P000881,Cliente 336,902300,2025-04-28,30.0,0.0,30.0,1.0,0,1,registrado,registrada,0
2753,P000881,Cliente 336,949300,2025-04-28,12.0,0.0,12.0,1.0,0,1,registrado,registrada,0
2754,P000881,Cliente 336,951400,2025-04-28,8.0,0.0,8.0,1.0,0,1,registrado,registrada,0
2755,P000881,Cliente 336,953200,2025-04-28,150.0,0.0,150.0,1.0,0,1,registrado,registrada,0
2756,P000881,Cliente 336,961800,2025-04-28,10.0,0.0,10.0,1.0,0,1,registrado,registrada,0
2757,P000881,Cliente 336,964400,2025-04-28,4.0,0.0,4.0,1.0,0,1,estimado_nao_verificado,registrada,0
2758,P000881,Cliente 336,981700,2025-04-28,4.0,0.0,4.0,1.0,0,1,registrado,registrada,0
2759,P000893,Cliente 278,902300,2025-04-28,36.0,0.0,36.0,1.0,0,1,registrado,registrada,0
2760,P000893,Cliente 278,949300,2025-04-28,4.0,0.0,4.0,1.0,0,1,registrado,registrada,0
2761,P000923,Cliente 102,949300,2025-04-28,20.0,0.0,20.0,1.0,0,1,registrado,registrada,0
2762,P000908,Cliente 220,900100,2025-04-28,10.0,0.0,10.0,1.0,0,1,registrado,registrada,0
2763,P000908,Cliente 220,902300,2025-04-28,24.0,0.0,24.0,1.0,0,1,registrado,registrada,0
2764,P000702,Cliente 219,900100,2025-04-28,10.0,0.0,10.0,1.0,0,1,registrado,registrada,0
2765,P000702,Cliente 219,902300,2025-04-28,15.0,0.0,15.0,1.0,0,1,registrado,registrada,0
2766,P000924,Cliente 231,902300,2025-04-28,20.0,0.0,20.0,1.0,0,1,registrado,registrada,0
2767,P000924,Cliente 231,951500,2025-04-28,1.0,0.0,1.0,1.0,0,1,estimado_nao_verificado,registrada,0
2768,P000933,Cliente 251,900100,2025-04-28,12.0,0.0,12.0,1.0,0,1,registrado,registrada,0
2769,P000797,Cliente 092,902300,2025-04-28,240.0,0.0,240.0,1.0,0,1,registrado,registrada,0
2770,P000913,Cliente 074,966800,2025-04-28,50.0,0.0,50.0,1.0,0,1,registrado,registrada,0
2771,P000915,Cliente 074,963900,2025-04-28,1.0,0.0,1.0,1.0,0,1,registrado,registrada,0
2772,P000914,Cliente 074,949900,2025-04-28,2.0,0.0,2.0,1.0,0,1,registrado,registrada,0
2773,P000914,Cliente 074,950000,2025-04-28,20.0,0.0,20.0,1.0,0,1,registrado,registrada,0
2774,P000914,Cliente 074,963900,2025-04-28,2.0,0.0,2.0,1.0,0,1,registrado,registrada,0
2775,P000914,Cliente 074,981500,2025-04-28,7.0,0.0,7.0,1.0,0,1,registrado,registrada,0
2776,P000925,Cliente 073,902300,2025-04-28,16.0,0.0,16.0,1.0,0,1,registrado,registrada,0
2777,P000925,Cliente 073,948700,2025-04-28,24.0,0.0,24.0,1.0,0,1,registrado,registrada,0
2778,P000925,Cliente 073,953800,2025-04-28,10.0,0.0,10.0,1.0,0,1,registrado,registrada,0
2779,P000925,Cliente 073,954900,2025-04-28,10.0,0.0,10.0,1.0,0,1,registrado,registrada,0
2780,P000925,Cliente 073,958000,2025-04-28,10.0,0.0,10.0,1.0,0,1,registrado,registrada,0
2781,P000925,Cliente 073,959000,2025-04-28,10.0,0.0,10.0,1.0,0,1,registrado,registrada,0
2782,P000916,Cliente 320,961600,2025-04-28,10.0,0.0,10.0,1.0,0,1,registrado,registrada,0
2783,P000934,Cliente 111,949900,2025-04-28,3.0,0.0,3.0,1.0,0,1,registrado,registrada,0
2784,P000934,Cliente 111,950000,2025-04-28,10.0,0.0,10.0,1.0,0,1,registrado,registrada,0
2785,P000934,Cliente 111,961600,2025-04-28,10.0,0.0,10.0,1.0,0,1,registrado,registrada,0
2786,P000934,Cliente 111,963900,2025-04-28,3.0,0.0,3.0,1.0,0,1,registrado,registrada,0
2787,P000934,Cliente 111,964000,2025-04-28,10.0,0.0,10.0,1.0,0,1,registrado,registrada,0
2788,P000830,Cliente 093,902300,2025-04-28,1280.0,0.0,1280.0,1.0,0,1,registrado,registrada,0
2789,P000887,Cliente 093,902300,2025-04-28,200.0,0.0,200.0,1.0,0,1,registrado,registrada,0
2790,P000499,Cliente 095,974600,2025-04-29,832.0,0.0,832.0,1.0,0,1,registrado,registrada,0
2791,P000499,Cliente 095,974700,2025-04-29,1040.0,0.0,1040.0,1.0,0,1,registrado,registrada,0
2792,P000499,Cliente 095,975000,2025-04-29,416.0,0.0,416.0,1.0,0,1,registrado,registrada,0
2793,P000926,Cliente 053,902300,2025-04-29,200.0,0.0,200.0,1.0,0,1,registrado,registrada,0
2794,P000926,Cliente 053,951600,2025-04-29,1000.0,0.0,1000.0,1.0,0,1,registrado,registrada,0
2795,P000926,Cliente 053,962100,2025-04-29,20.0,0.0,20.0,1.0,0,1,registrado,registrada,0
2796,P000824,Cliente 328,949300,2025-04-29,20.0,0.0,20.0,1.0,0,1,registrado,registrada,0
2797,P000016,Cliente 365,969600,2025-04-30,86.0,0.0,86.0,1.0,0,1,registrado,registrada,0
2798,P000016,Cliente 365,969400,2025-04-30,13.0,0.0,13.0,1.0,0,1,registrado,registrada,0
2799,P000016,Cliente 365,968900,2025-04-30,13.0,0.0,13.0,1.0,0,1,registrado,registrada,0
2800,P000016,Cliente 365,971700,2025-04-30,15.0,0.0,15.0,1.0,0,1,registrado,registrada,0
2801,P000016,Cliente 365,966500,2025-04-30,33.0,0.0,33.0,1.0,0,1,registrado,registrada,0
2802,P000016,Cliente 365,966600,2025-04-30,30.0,0.0,30.0,1.0,0,1,registrado,registrada,0
2803,P000016,Cliente 365,966700,2025-04-30,425.0,0.0,425.0,1.0,0,1,registrado,registrada,0
2804,P000016,Cliente 365,966800,2025-04-30,3850.0,0.0,3850.0,1.0,0,1,registrado,registrada,0
2805,P000016,Cliente 365,990500,2025-04-30,97.0,0.0,97.0,1.0,0,1,registrado,registrada,0
2806,P000016,Cliente 365,970100,2025-04-30,61.0,0.0,61.0,1.0,0,1,registrado,registrada,0
2807,P000016,Cliente 365,975800,2025-04-30,212.0,0.0,212.0,1.0,0,1,registrado,registrada,0
2808,P000016,Cliente 365,966900,2025-04-30,20.0,0.0,20.0,1.0,0,1,registrado,registrada,0
2809,P000016,Cliente 365,967100,2025-04-30,169.0,0.0,169.0,1.0,0,1,registrado,registrada,0
2810,P000016,Cliente 365,967800,2025-04-30,113.0,0.0,113.0,1.0,0,1,registrado,registrada,0
2811,P000016,Cliente 365,967900,2025-04-30,203.0,0.0,203.0,1.0,0,1,registrado,registrada,0
2812,P000957,Cliente 365,949300,2025-04-30,7.0,0.0,7.0,1.0,0,1,registrado,registrada,0
2813,P000733,Cliente 061,949300,2025-04-30,400.0,0.0,400.0,1.0,0,1,registrado,registrada,0
2814,P000930,Cliente 116,966400,2025-04-30,13.0,0.0,13.0,1.0,0,1,registrado,registrada,0
2815,P000445,Cliente 230,950400,2025-04-30,1200.0,0.0,1200.0,1.0,0,1,registrado,registrada,0
2816,P000960,Cliente 188,949200,2025-04-30,2.0,0.0,2.0,1.0,0,1,registrado,registrada,0
2817,P000906,Cliente 024,953800,2025-05-01,125.0,0.0,125.0,1.0,0,1,registrado,registrada,0
2818,P000906,Cliente 024,954900,2025-05-01,50.0,0.0,50.0,1.0,0,1,registrado,registrada,0
2819,P000906,Cliente 024,958000,2025-05-01,175.0,0.0,175.0,1.0,0,1,registrado,registrada,0
2820,P000906,Cliente 024,959000,2025-05-01,15.0,0.0,15.0,1.0,0,1,registrado,registrada,0
2821,P000852,Cliente 024,965300,2025-05-01,150.0,0.0,150.0,1.0,0,1,registrado,registrada,0
2825,P000865,Cliente 024,146411,2025-05-01,61.0,0.0,61.0,1.0,0,1,registrado,registrada,0
2831,P000859,Cliente 024,147200,2025-05-01,46.0,0.0,46.0,1.0,0,1,ausente,registrada,0
2832,P000858,Cliente 024,987310,2025-05-01,70.0,0.0,70.0,1.0,0,1,registrado,registrada,0
2833,P000857,Cliente 024,987340,2025-05-01,80.0,0.0,80.0,1.0,0,1,registrado,registrada,0
2834,P000856,Cliente 024,987300,2025-05-01,150.0,0.0,150.0,1.0,0,1,registrado,registrada,0
2835,P000869,Cliente 024,146441,2025-05-01,36.0,0.0,36.0,1.0,0,1,registrado,registrada,0
2837,P000970,Cliente 222,966800,2025-05-01,25.0,0.0,25.0,1.0,0,1,registrado,registrada,0
2838,P000970,Cliente 222,970000,2025-05-01,1.0,0.0,1.0,1.0,0,1,registrado,registrada,0
2839,P000969,Cliente 222,951300,2025-05-01,1.0,0.0,1.0,1.0,0,1,registrado,registrada,0
2840,P000969,Cliente 222,954200,2025-05-01,1.0,0.0,1.0,1.0,0,1,registrado,registrada,0
2841,P000969,Cliente 222,955300,2025-05-01,1.0,0.0,1.0,1.0,0,1,registrado,registrada,0
2842,P000969,Cliente 222,958400,2025-05-01,1.0,0.0,1.0,1.0,0,1,registrado,registrada,0
2843,P000969,Cliente 222,961000,2025-05-01,1.0,0.0,1.0,1.0,0,1,registrado,registrada,0
2844,P000969,Cliente 222,964800,2025-05-01,1.0,0.0,1.0,1.0,0,1,registrado,registrada,0
2845,P000962,Cliente 353,991200,2025-05-02,300.0,0.0,300.0,1.0,0,1,registrado,registrada,0
2846,P000846,Cliente 092,991600,2025-05-02,200.0,0.0,200.0,1.0,0,1,registrado,registrada,0
2847,P000931,Cliente 092,902300,2025-05-02,480.0,0.0,480.0,1.0,0,1,registrado,registrada,0
2848,P000932,Cliente 092,951400,2025-05-02,80.0,0.0,80.0,1.0,0,1,registrado,registrada,0
2849,P000932,Cliente 092,948700,2025-05-02,80.0,0.0,80.0,1.0,0,1,registrado,registrada,0
2850,P000950,Cliente 063,966500,2025-05-02,10.0,0.0,10.0,1.0,0,1,estimado_nao_verificado,registrada,0
2851,P000950,Cliente 063,966600,2025-05-02,100.0,0.0,100.0,1.0,0,1,estimado_nao_verificado,registrada,0
2852,P000950,Cliente 063,966700,2025-05-02,20.0,0.0,20.0,1.0,0,1,estimado_nao_verificado,registrada,0
2853,P000950,Cliente 063,966800,2025-05-02,200.0,0.0,200.0,1.0,0,1,estimado_nao_verificado,registrada,0
2854,P000951,Cliente 063,966200,2025-05-02,3.0,0.0,3.0,1.0,0,1,estimado_nao_verificado,registrada,0
2855,P000951,Cliente 063,966300,2025-05-02,6.0,0.0,6.0,1.0,0,1,estimado_nao_verificado,registrada,0
2856,P000951,Cliente 063,966400,2025-05-02,6.0,0.0,6.0,1.0,0,1,estimado_nao_verificado,registrada,0
2857,P000951,Cliente 063,969100,2025-05-02,3.0,0.0,3.0,1.0,0,1,estimado_nao_verificado,registrada,0
2858,P000951,Cliente 063,970200,2025-05-02,3.0,0.0,3.0,1.0,0,1,ausente,registrada,0
2859,P000951,Cliente 063,971500,2025-05-02,3.0,0.0,3.0,1.0,0,1,estimado_nao_verificado,registrada,0
2860,P000951,Cliente 063,972200,2025-05-02,5.0,0.0,5.0,1.0,0,1,estimado_nao_verificado,registrada,0
2862,P000927,Cliente 065,966200,2025-05-02,50.0,0.0,50.0,1.0,0,1,estimado_nao_verificado,registrada,0
2863,P000927,Cliente 065,966300,2025-05-02,100.0,0.0,100.0,1.0,0,1,estimado_nao_verificado,registrada,0
2864,P000927,Cliente 065,966400,2025-05-02,100.0,0.0,100.0,1.0,0,1,estimado_nao_verificado,registrada,0
2865,P000937,Cliente 344,949300,2025-05-02,200.0,0.0,200.0,1.0,0,1,estimado_nao_verificado,registrada,0
2866,P000836,Cliente 151,982700,2025-05-02,200.0,0.0,200.0,1.0,0,1,estimado_nao_verificado,registrada,0
2867,P000898,Cliente 322,961600,2025-05-02,20.0,0.0,20.0,1.0,0,1,registrado,registrada,0
2868,P000898,Cliente 322,964000,2025-05-02,25.0,0.0,25.0,1.0,0,1,registrado,registrada,0
2869,P000900,Cliente 207,966900,2025-05-02,5.0,0.0,5.0,1.0,0,1,registrado,registrada,0
2870,P000899,Cliente 207,950000,2025-05-02,3.0,0.0,3.0,1.0,0,1,registrado,registrada,0
2871,P000899,Cliente 207,961600,2025-05-02,7.0,0.0,7.0,1.0,0,1,registrado,registrada,0
2872,P000899,Cliente 207,964000,2025-05-02,10.0,0.0,10.0,1.0,0,1,registrado,registrada,0
2873,P000910,Cliente 215,950000,2025-05-02,5.0,0.0,5.0,1.0,0,1,registrado,registrada,0
2874,P000910,Cliente 215,961600,2025-05-02,10.0,0.0,10.0,1.0,0,1,registrado,registrada,0
2875,P000910,Cliente 215,964000,2025-05-02,5.0,0.0,5.0,1.0,0,1,registrado,registrada,0
2876,P000910,Cliente 215,981500,2025-05-02,5.0,0.0,5.0,1.0,0,1,registrado,registrada,0
2877,P000942,Cliente 215,950000,2025-05-02,5.0,0.0,5.0,1.0,0,1,registrado,registrada,0
2878,P000942,Cliente 215,961600,2025-05-02,15.0,0.0,15.0,1.0,0,1,registrado,registrada,0
2879,P000895,Cliente 258,964000,2025-05-02,30.0,0.0,30.0,1.0,0,1,registrado,registrada,0
2880,P000896,Cliente 304,961600,2025-05-02,30.0,0.0,30.0,1.0,0,1,registrado,registrada,0
2881,P000896,Cliente 304,964000,2025-05-02,10.0,0.0,10.0,1.0,0,1,registrado,registrada,0
2882,P000901,Cliente 326,950000,2025-05-02,5.0,0.0,5.0,1.0,0,1,registrado,registrada,0
2883,P000901,Cliente 326,961600,2025-05-02,10.0,0.0,10.0,1.0,0,1,registrado,registrada,0
2884,P000901,Cliente 326,964000,2025-05-02,10.0,0.0,10.0,1.0,0,1,registrado,registrada,0
2885,P001884,Cliente 326,966900,2025-05-02,5.0,0.0,5.0,1.0,0,1,registrado,registrada,0
2886,P000804,Cliente 208,961600,2025-05-02,65.0,0.0,65.0,1.0,0,1,registrado,registrada,0
2887,P000804,Cliente 208,964000,2025-05-02,35.0,0.0,35.0,1.0,0,1,registrado,registrada,0
2888,P000805,Cliente 288,950000,2025-05-02,3.0,0.0,3.0,1.0,0,1,registrado,registrada,0
2889,P000805,Cliente 288,951300,2025-05-02,3.0,0.0,3.0,1.0,0,1,registrado,registrada,0
2890,P000805,Cliente 288,961600,2025-05-02,25.0,0.0,25.0,1.0,0,1,registrado,registrada,0
2891,P000805,Cliente 288,964000,2025-05-02,15.0,0.0,15.0,1.0,0,1,registrado,registrada,0
2892,P000945,Cliente 199,950000,2025-05-02,2.0,0.0,2.0,1.0,0,1,registrado,registrada,0
2893,P000945,Cliente 199,961600,2025-05-02,10.0,0.0,10.0,1.0,0,1,registrado,registrada,0
2894,P000945,Cliente 199,964000,2025-05-02,5.0,0.0,5.0,1.0,0,1,registrado,registrada,0
2895,P000946,Cliente 199,966900,2025-05-02,30.0,0.0,30.0,1.0,0,1,registrado,registrada,0
2896,P000920,Cliente 294,961600,2025-05-02,100.0,0.0,100.0,1.0,0,1,registrado,registrada,0
2897,P000920,Cliente 294,964000,2025-05-02,100.0,0.0,100.0,1.0,0,1,registrado,registrada,0
2900,P000911,Cliente 294,967100,2025-05-02,100.0,0.0,100.0,1.0,0,1,registrado,registrada,0
2901,P000897,Cliente 318,950000,2025-05-02,7.0,0.0,7.0,1.0,0,1,registrado,registrada,0
2902,P000897,Cliente 318,961600,2025-05-02,50.0,0.0,50.0,1.0,0,1,registrado,registrada,0
2903,P000897,Cliente 318,964000,2025-05-02,50.0,0.0,50.0,1.0,0,1,registrado,registrada,0
2904,P000965,Cliente 279,949300,2025-05-02,80.0,0.0,80.0,1.0,0,1,registrado,registrada,0
2905,P000966,Cliente 279,966400,2025-05-02,5.0,0.0,5.0,1.0,0,1,registrado,registrada,0
2906,P000966,Cliente 279,966800,2025-05-02,1000.0,0.0,1000.0,1.0,0,1,registrado,registrada,0
2907,P000929,Cliente 185,942100,2025-05-02,500.0,0.0,500.0,1.0,0,1,registrado,registrada,0
2908,P000929,Cliente 185,948700,2025-05-02,40.0,0.0,40.0,1.0,0,1,registrado,registrada,0
2909,P000929,Cliente 185,949300,2025-05-02,40.0,0.0,40.0,1.0,0,1,registrado,registrada,0
2910,P000929,Cliente 185,981700,2025-05-02,80.0,0.0,80.0,1.0,0,1,registrado,registrada,0
2911,P000928,Cliente 185,991400,2025-05-02,50.0,0.0,50.0,1.0,0,1,registrado,registrada,0
2912,P000974,Cliente 185,966800,2025-05-02,100.0,0.0,100.0,1.0,0,1,registrado,registrada,0
2913,P000935,Cliente 201,902300,2025-05-02,8.0,0.0,8.0,1.0,0,1,registrado,registrada,0
2914,P000935,Cliente 201,948700,2025-05-02,32.0,0.0,32.0,1.0,0,1,registrado,registrada,0
2915,P000935,Cliente 201,961800,2025-05-02,18.0,0.0,18.0,1.0,0,1,registrado,registrada,0
2916,P000935,Cliente 201,981700,2025-05-02,24.0,0.0,24.0,1.0,0,1,registrado,registrada,0
2917,P000892,Cliente 093,976300,2025-05-03,1000.0,0.0,1000.0,1.0,0,1,registrado,registrada,0
2918,P000892,Cliente 093,975600,2025-05-03,750.0,0.0,750.0,1.0,0,1,registrado,registrada,0
2919,P000952,Cliente 283,951300,2025-05-03,5.0,0.0,5.0,1.0,0,1,estimado_nao_verificado,registrada,0
2920,P000952,Cliente 283,954300,2025-05-03,5.0,0.0,5.0,1.0,0,1,ausente,registrada,0
2921,P000952,Cliente 283,950800,2025-05-03,5.0,0.0,5.0,1.0,0,1,ausente,registrada,0
2922,P000952,Cliente 283,961600,2025-05-03,2.0,0.0,2.0,1.0,0,1,estimado_nao_verificado,registrada,0
2923,P000952,Cliente 283,981500,2025-05-03,2.0,0.0,2.0,1.0,0,1,estimado_nao_verificado,registrada,0
2924,P000953,Cliente 284,951300,2025-05-03,5.0,0.0,5.0,1.0,0,1,estimado_nao_verificado,registrada,0
2925,P000953,Cliente 284,954300,2025-05-03,5.0,0.0,5.0,1.0,0,1,ausente,registrada,0
2926,P000953,Cliente 284,958500,2025-05-03,5.0,0.0,5.0,1.0,0,1,ausente,registrada,0
2927,P000953,Cliente 284,961600,2025-05-03,3.0,0.0,3.0,1.0,0,1,estimado_nao_verificado,registrada,0
2928,P000953,Cliente 284,981500,2025-05-03,2.0,0.0,2.0,1.0,0,1,estimado_nao_verificado,registrada,0
2929,P000949,Cliente 285,951300,2025-05-03,5.0,0.0,5.0,1.0,0,1,estimado_nao_verificado,registrada,0
2930,P000949,Cliente 285,954300,2025-05-03,5.0,0.0,5.0,1.0,0,1,ausente,registrada,0
2931,P000949,Cliente 285,958500,2025-05-03,5.0,0.0,5.0,1.0,0,1,ausente,registrada,0
2932,P000949,Cliente 285,961600,2025-05-03,2.0,0.0,2.0,1.0,0,1,estimado_nao_verificado,registrada,0
2933,P000949,Cliente 285,981500,2025-05-03,2.0,0.0,2.0,1.0,0,1,estimado_nao_verificado,registrada,0
2934,P000947,Cliente 282,951300,2025-05-03,5.0,0.0,5.0,1.0,0,1,estimado_nao_verificado,registrada,0
2935,P000947,Cliente 282,954300,2025-05-03,5.0,0.0,5.0,1.0,0,1,ausente,registrada,0
2936,P000947,Cliente 282,958500,2025-05-03,5.0,0.0,5.0,1.0,0,1,ausente,registrada,0
2937,P000947,Cliente 282,961600,2025-05-03,1.0,0.0,1.0,1.0,0,1,estimado_nao_verificado,registrada,0
2938,P000947,Cliente 282,981500,2025-05-03,1.0,0.0,1.0,1.0,0,1,estimado_nao_verificado,registrada,0
2939,P000948,Cliente 281,951300,2025-05-03,5.0,0.0,5.0,1.0,0,1,estimado_nao_verificado,registrada,0
2940,P000948,Cliente 281,954300,2025-05-03,5.0,0.0,5.0,1.0,0,1,ausente,registrada,0
2941,P000948,Cliente 281,958500,2025-05-03,5.0,0.0,5.0,1.0,0,1,ausente,registrada,0
2942,P000948,Cliente 281,961600,2025-05-03,1.0,0.0,1.0,1.0,0,1,estimado_nao_verificado,registrada,0
2943,P000014,Cliente 360,969100,2025-05-03,42.0,0.0,42.0,1.0,0,1,estimado_nao_verificado,registrada,0
2944,P000014,Cliente 360,971500,2025-05-03,35.0,0.0,35.0,1.0,0,1,estimado_nao_verificado,registrada,0
2945,P000014,Cliente 360,972200,2025-05-03,97.0,0.0,97.0,1.0,0,1,estimado_nao_verificado,registrada,0
2946,P000014,Cliente 360,966200,2025-05-03,7.0,0.0,7.0,1.0,0,1,estimado_nao_verificado,registrada,0
2947,P000014,Cliente 360,966300,2025-05-03,3.0,0.0,3.0,1.0,0,1,estimado_nao_verificado,registrada,0
2948,P000014,Cliente 360,966400,2025-05-03,9.0,0.0,9.0,1.0,0,1,estimado_nao_verificado,registrada,0
2949,P000014,Cliente 360,966600,2025-05-03,2.0,0.0,2.0,1.0,0,1,estimado_nao_verificado,registrada,0
2950,P000014,Cliente 360,966800,2025-05-03,1.0,0.0,1.0,1.0,0,1,estimado_nao_verificado,registrada,0
2951,P000014,Cliente 360,971300,2025-05-03,3.0,0.0,3.0,1.0,0,1,estimado_nao_verificado,registrada,0
2952,P000014,Cliente 360,970200,2025-05-03,36.0,0.0,36.0,1.0,0,1,ausente,registrada,0
2953,P000014,Cliente 360,967700,2025-05-03,1.0,0.0,1.0,1.0,0,1,estimado_nao_verificado,registrada,0
2954,P000014,Cliente 360,968400,2025-05-03,20.0,0.0,20.0,1.0,0,1,estimado_nao_verificado,registrada,0
2955,P000014,Cliente 360,991000,2025-05-03,3.0,0.0,3.0,1.0,0,1,estimado_nao_verificado,registrada,0
2956,P000936,Cliente 339,949300,2025-05-04,200.0,0.0,200.0,1.0,0,1,registrado,registrada,0
2957,P000919,Cliente 119,949300,2025-05-04,480.0,0.0,480.0,1.0,0,1,registrado,registrada,0
2958,P000919,Cliente 119,951400,2025-05-04,80.0,0.0,80.0,1.0,0,1,registrado,registrada,0
2959,P000919,Cliente 119,961800,2025-05-04,120.0,0.0,120.0,1.0,0,1,registrado,registrada,0
2960,P000919,Cliente 119,981700,2025-05-04,120.0,0.0,120.0,1.0,0,1,registrado,registrada,0
2961,P000734,Cliente 061,949300,2025-05-05,400.0,0.0,400.0,1.0,0,1,registrado,registrada,0
2962,P000971,Cliente 062,951700,2025-05-06,50.0,0.0,50.0,1.0,0,1,registrado,registrada,0
2963,P000971,Cliente 062,976000,2025-05-06,250.0,0.0,250.0,1.0,0,1,registrado,registrada,0
2964,P000971,Cliente 062,976100,2025-05-06,417.0,0.0,417.0,1.0,0,1,registrado,registrada,0
2965,P000971,Cliente 062,986200,2025-05-06,50.0,0.0,50.0,1.0,0,1,registrado,registrada,0
2966,P000971,Cliente 062,986300,2025-05-06,250.0,0.0,250.0,1.0,0,1,registrado,registrada,0
2967,P000907,Cliente 175,980000,2025-05-06,350.0,0.0,350.0,1.0,0,1,registrado,registrada,0
2968,P000907,Cliente 175,980100,2025-05-06,250.0,0.0,250.0,1.0,0,1,registrado,registrada,0
2969,P000907,Cliente 175,980200,2025-05-06,650.0,0.0,650.0,1.0,0,1,registrado,registrada,0
2970,P000907,Cliente 175,980300,2025-05-06,150.0,0.0,150.0,1.0,0,1,registrado,registrada,0
2971,P000907,Cliente 175,980400,2025-05-06,500.0,0.0,500.0,1.0,0,1,registrado,registrada,0
2972,P000907,Cliente 175,980500,2025-05-06,350.0,0.0,350.0,1.0,0,1,registrado,registrada,0
2973,P000907,Cliente 175,980600,2025-05-06,600.0,0.0,600.0,1.0,0,1,registrado,registrada,0
2974,P000907,Cliente 175,980700,2025-05-06,350.0,0.0,350.0,1.0,0,1,registrado,registrada,0
2975,P000907,Cliente 175,980800,2025-05-06,200.0,0.0,200.0,1.0,0,1,registrado,registrada,0
2976,P000958,Cliente 024,902300,2025-05-06,10.0,0.0,10.0,1.0,0,1,registrado,registrada,0
2977,P000958,Cliente 024,949200,2025-05-06,200.0,0.0,200.0,1.0,0,1,registrado,registrada,0
2978,P000958,Cliente 024,953800,2025-05-06,100.0,0.0,100.0,1.0,0,1,registrado,registrada,0
2979,P000958,Cliente 024,954900,2025-05-06,150.0,0.0,150.0,1.0,0,1,registrado,registrada,0
2980,P000958,Cliente 024,958000,2025-05-06,225.0,0.0,225.0,1.0,0,1,registrado,registrada,0
2981,P000958,Cliente 024,963400,2025-05-06,60.0,0.0,60.0,1.0,0,1,registrado,registrada,0
2982,P000958,Cliente 024,965300,2025-05-06,100.0,0.0,100.0,1.0,0,1,registrado,registrada,0
2992,P000735,Cliente 061,949300,2025-05-07,400.0,0.0,400.0,1.0,0,1,registrado,registrada,0
2993,P000973,Cliente 150,950000,2025-05-07,1.0,0.0,1.0,1.0,0,1,estimado_nao_verificado,registrada,0
2994,P000972,Cliente 150,949900,2025-05-07,1.0,0.0,1.0,1.0,0,1,ausente,registrada,0
2995,P000972,Cliente 150,950000,2025-05-07,2.0,0.0,2.0,1.0,0,1,estimado_nao_verificado,registrada,0
2996,P000972,Cliente 150,961500,2025-05-07,1.0,0.0,1.0,1.0,0,1,estimado_nao_verificado,registrada,0
2997,P000972,Cliente 150,961600,2025-05-07,5.0,0.0,5.0,1.0,0,1,estimado_nao_verificado,registrada,0
2998,P000972,Cliente 150,964000,2025-05-07,5.0,0.0,5.0,1.0,0,1,estimado_nao_verificado,registrada,0
2999,P000941,Cliente 154,964000,2025-05-07,1.0,0.0,1.0,1.0,0,1,estimado_nao_verificado,registrada,0
3000,P000940,Cliente 154,950000,2025-05-07,20.0,0.0,20.0,1.0,0,1,estimado_nao_verificado,registrada,0
3001,P000940,Cliente 154,961600,2025-05-07,60.0,0.0,60.0,1.0,0,1,estimado_nao_verificado,registrada,0
3002,P000940,Cliente 154,964000,2025-05-07,45.0,0.0,45.0,1.0,0,1,estimado_nao_verificado,registrada,0
3003,P000918,Cliente 177,902300,2025-05-07,40.0,0.0,40.0,1.0,0,1,estimado_nao_verificado,registrada,0
3004,P000918,Cliente 177,949300,2025-05-07,20.0,0.0,20.0,1.0,0,1,estimado_nao_verificado,registrada,0
3005,P000918,Cliente 177,951400,2025-05-07,20.0,0.0,20.0,1.0,0,1,estimado_nao_verificado,registrada,0
3006,P000918,Cliente 177,953200,2025-05-07,200.0,0.0,200.0,1.0,0,1,estimado_nao_verificado,registrada,0
3007,P000967,Cliente 110,950400,2025-05-07,80.0,0.0,80.0,1.0,0,1,estimado_nao_verificado,registrada,0
3008,P000955,Cliente 274,950400,2025-05-07,50.0,0.0,50.0,1.0,0,1,estimado_nao_verificado,registrada,0
3009,P000944,Cliente 108,902300,2025-05-07,28.0,0.0,28.0,1.0,0,1,estimado_nao_verificado,registrada,0
3010,P000944,Cliente 108,949800,2025-05-07,100.0,0.0,100.0,1.0,0,1,estimado_nao_verificado,registrada,0
3011,P000959,Cliente 146,991600,2025-05-07,12.0,0.0,12.0,1.0,0,1,estimado_nao_verificado,registrada,0
3012,P000939,Cliente 072,949300,2025-05-07,6.0,0.0,6.0,1.0,0,1,estimado_nao_verificado,registrada,0
3013,P000939,Cliente 072,953800,2025-05-07,20.0,0.0,20.0,1.0,0,1,estimado_nao_verificado,registrada,0
3014,P000939,Cliente 072,956000,2025-05-07,40.0,0.0,40.0,1.0,0,1,estimado_nao_verificado,registrada,0
3015,P000939,Cliente 072,958000,2025-05-07,40.0,0.0,40.0,1.0,0,1,estimado_nao_verificado,registrada,0
3016,P000939,Cliente 072,959000,2025-05-07,25.0,0.0,25.0,1.0,0,1,estimado_nao_verificado,registrada,0
3017,P000939,Cliente 072,964000,2025-05-07,1.0,0.0,1.0,1.0,0,1,estimado_nao_verificado,registrada,0
3018,P000500,Cliente 095,974600,2025-05-07,832.0,0.0,832.0,1.0,0,1,registrado,registrada,0
3019,P000500,Cliente 095,974700,2025-05-07,1040.0,0.0,1040.0,1.0,0,1,registrado,registrada,0
3020,P000500,Cliente 095,975000,2025-05-07,416.0,0.0,416.0,1.0,0,1,registrado,registrada,0
3021,P000615,Cliente 091,950400,2025-05-08,520.0,0.0,520.0,1.0,0,1,registrado,registrada,0
3022,P000999,Cliente 062,990800,2025-05-08,50.0,0.0,50.0,1.0,0,1,registrado,registrada,0
3023,P000990,Cliente 062,976000,2025-05-08,30.0,0.0,30.0,1.0,0,1,registrado,registrada,0
3024,P000990,Cliente 062,986300,2025-05-08,30.0,0.0,30.0,1.0,0,1,registrado,registrada,0
3025,P000998,Cliente 238,954200,2025-05-08,20.0,0.0,20.0,1.0,0,1,registrado,registrada,0
3026,P000998,Cliente 238,955300,2025-05-08,10.0,0.0,10.0,1.0,0,1,registrado,registrada,0
3027,P000998,Cliente 238,957400,2025-05-08,10.0,0.0,10.0,1.0,0,1,registrado,registrada,0
3028,P000998,Cliente 238,958400,2025-05-08,20.0,0.0,20.0,1.0,0,1,registrado,registrada,0
3029,P000998,Cliente 238,959400,2025-05-08,10.0,0.0,10.0,1.0,0,1,registrado,registrada,0
3030,P000998,Cliente 238,960200,2025-05-08,10.0,0.0,10.0,1.0,0,1,registrado,registrada,0
3031,P000998,Cliente 238,964800,2025-05-08,20.0,0.0,20.0,1.0,0,1,registrado,registrada,0
3032,P000991,Cliente 114,949300,2025-05-08,50.0,0.0,50.0,1.0,0,1,registrado,registrada,0
3033,P000981,Cliente 004,961000,2025-05-08,10.0,0.0,10.0,1.0,0,1,estimado_nao_verificado,registrada,0
3034,P000981,Cliente 004,966400,2025-05-08,50.0,0.0,50.0,1.0,0,1,estimado_nao_verificado,registrada,0
3035,P000981,Cliente 004,966600,2025-05-08,15.0,0.0,15.0,1.0,0,1,estimado_nao_verificado,registrada,0
3036,P000982,Cliente 004,961000,2025-05-08,15.0,0.0,15.0,1.0,0,1,estimado_nao_verificado,registrada,0
3037,P000982,Cliente 004,966200,2025-05-08,15.0,0.0,15.0,1.0,0,1,estimado_nao_verificado,registrada,0
3038,P000982,Cliente 004,966400,2025-05-08,30.0,0.0,30.0,1.0,0,1,estimado_nao_verificado,registrada,0
3039,P000982,Cliente 004,966500,2025-05-08,15.0,0.0,15.0,1.0,0,1,estimado_nao_verificado,registrada,0
3040,P000982,Cliente 004,966600,2025-05-08,45.0,0.0,45.0,1.0,0,1,estimado_nao_verificado,registrada,0
3041,P000982,Cliente 004,966800,2025-05-08,100.0,0.0,100.0,1.0,0,1,estimado_nao_verificado,registrada,0
3042,P000982,Cliente 004,967700,2025-05-08,15.0,0.0,15.0,1.0,0,1,estimado_nao_verificado,registrada,0
3043,P000982,Cliente 004,967800,2025-05-08,6.0,0.0,6.0,1.0,0,1,estimado_nao_verificado,registrada,0
3044,P000982,Cliente 004,968800,2025-05-08,15.0,0.0,15.0,1.0,0,1,estimado_nao_verificado,registrada,0
3045,P000982,Cliente 004,968900,2025-05-08,6.0,0.0,6.0,1.0,0,1,estimado_nao_verificado,registrada,0
3046,P000982,Cliente 004,970000,2025-05-08,15.0,0.0,15.0,1.0,0,1,estimado_nao_verificado,registrada,0
3047,P000982,Cliente 004,970100,2025-05-08,6.0,0.0,6.0,1.0,0,1,estimado_nao_verificado,registrada,0
3048,P000982,Cliente 004,972200,2025-05-08,30.0,0.0,30.0,1.0,0,1,estimado_nao_verificado,registrada,0
3049,P000982,Cliente 004,990400,2025-05-08,15.0,0.0,15.0,1.0,0,1,estimado_nao_verificado,registrada,0
3050,P000982,Cliente 004,995000,2025-05-08,6.0,0.0,6.0,1.0,0,1,ausente,registrada,0
3051,P000983,Cliente 004,966800,2025-05-08,10.0,0.0,10.0,1.0,0,1,estimado_nao_verificado,registrada,0
3052,P000018,Cliente 357,961500,2025-05-08,14.0,0.0,14.0,1.0,0,1,estimado_nao_verificado,registrada,0
3053,P000018,Cliente 357,961600,2025-05-08,22.0,0.0,22.0,1.0,0,1,estimado_nao_verificado,registrada,0
3054,P000018,Cliente 357,964800,2025-05-08,10.0,0.0,10.0,1.0,0,1,estimado_nao_verificado,registrada,0
3055,P000018,Cliente 357,959400,2025-05-08,6.0,0.0,6.0,1.0,0,1,estimado_nao_verificado,registrada,0
3056,P000018,Cliente 357,958400,2025-05-08,10.0,0.0,10.0,1.0,0,1,estimado_nao_verificado,registrada,0
3057,P000018,Cliente 357,957400,2025-05-08,6.0,0.0,6.0,1.0,0,1,estimado_nao_verificado,registrada,0
3058,P000018,Cliente 357,955300,2025-05-08,1.0,0.0,1.0,1.0,0,1,estimado_nao_verificado,registrada,0
3059,P000018,Cliente 357,954200,2025-05-08,7.0,0.0,7.0,1.0,0,1,estimado_nao_verificado,registrada,0
3060,P000018,Cliente 357,953100,2025-05-08,2.0,0.0,2.0,1.0,0,1,estimado_nao_verificado,registrada,0
3061,P000018,Cliente 357,963900,2025-05-08,11.0,0.0,11.0,1.0,0,1,estimado_nao_verificado,registrada,0
3062,P000018,Cliente 357,964000,2025-05-08,32.0,0.0,32.0,1.0,0,1,estimado_nao_verificado,registrada,0
3063,P000018,Cliente 357,961000,2025-05-08,20.0,0.0,20.0,1.0,0,1,estimado_nao_verificado,registrada,0
3064,P000018,Cliente 357,969100,2025-05-08,9.0,0.0,9.0,1.0,0,1,estimado_nao_verificado,registrada,0
3065,P000018,Cliente 357,969400,2025-05-08,1.0,0.0,1.0,1.0,0,1,estimado_nao_verificado,registrada,0
3066,P000018,Cliente 357,968800,2025-05-08,3.0,0.0,3.0,1.0,0,1,estimado_nao_verificado,registrada,0
3067,P000018,Cliente 357,968900,2025-05-08,12.0,0.0,12.0,1.0,0,1,estimado_nao_verificado,registrada,0
3068,P000018,Cliente 357,971500,2025-05-08,7.0,0.0,7.0,1.0,0,1,estimado_nao_verificado,registrada,0
3069,P000018,Cliente 357,971700,2025-05-08,1.0,0.0,1.0,1.0,0,1,estimado_nao_verificado,registrada,0
3070,P000018,Cliente 357,972200,2025-05-08,17.0,0.0,17.0,1.0,0,1,estimado_nao_verificado,registrada,0
3071,P000018,Cliente 357,966200,2025-05-08,32.0,0.0,32.0,1.0,0,1,estimado_nao_verificado,registrada,0
3072,P000018,Cliente 357,966300,2025-05-08,46.0,0.0,46.0,1.0,0,1,estimado_nao_verificado,registrada,0
3073,P000018,Cliente 357,966400,2025-05-08,85.0,0.0,85.0,1.0,0,1,estimado_nao_verificado,registrada,0
3074,P000018,Cliente 357,966500,2025-05-08,12.0,0.0,12.0,1.0,0,1,estimado_nao_verificado,registrada,0
3075,P000018,Cliente 357,966600,2025-05-08,83.0,0.0,83.0,1.0,0,1,estimado_nao_verificado,registrada,0
3076,P000018,Cliente 357,966700,2025-05-08,43.0,0.0,43.0,1.0,0,1,estimado_nao_verificado,registrada,0
3077,P000018,Cliente 357,966800,2025-05-08,1210.0,0.0,1210.0,1.0,0,1,estimado_nao_verificado,registrada,0
3078,P000018,Cliente 357,990400,2025-05-08,5.0,0.0,5.0,1.0,0,1,estimado_nao_verificado,registrada,0
3079,P000018,Cliente 357,990500,2025-05-08,11.0,0.0,11.0,1.0,0,1,estimado_nao_verificado,registrada,0
3080,P000018,Cliente 357,970000,2025-05-08,3.0,0.0,3.0,1.0,0,1,estimado_nao_verificado,registrada,0
3081,P000018,Cliente 357,970100,2025-05-08,13.0,0.0,13.0,1.0,0,1,estimado_nao_verificado,registrada,0
3082,P000018,Cliente 357,970500,2025-05-08,1.0,0.0,1.0,1.0,0,1,estimado_nao_verificado,registrada,0
3083,P000018,Cliente 357,970200,2025-05-08,12.0,0.0,12.0,1.0,0,1,ausente,registrada,0
3084,P000018,Cliente 357,967700,2025-05-08,1.0,0.0,1.0,1.0,0,1,estimado_nao_verificado,registrada,0
3085,P000018,Cliente 357,967800,2025-05-08,11.0,0.0,11.0,1.0,0,1,estimado_nao_verificado,registrada,0
3086,P000975,Cliente 061,950400,2025-05-09,400.0,0.0,400.0,1.0,0,1,registrado,registrada,0
3087,P000979,Cliente 166,966400,2025-05-09,25.0,0.0,25.0,1.0,0,1,registrado,registrada,0
3088,P000980,Cliente 156,966400,2025-05-09,50.0,0.0,50.0,1.0,0,1,registrado,registrada,0
3089,P000943,Cliente 277,961600,2025-05-09,150.0,0.0,150.0,1.0,0,1,registrado,registrada,0
3090,P000943,Cliente 277,964000,2025-05-09,100.0,0.0,100.0,1.0,0,1,registrado,registrada,0
3091,P000873,Cliente 265,902300,2025-05-09,160.0,0.0,160.0,1.0,0,1,registrado,registrada,0
3092,P000701,Cliente 169,949300,2025-05-09,400.0,0.0,400.0,1.0,0,1,registrado,registrada,0
3093,P001008,Cliente 247,969600,2025-05-08,1.0,0.0,1.0,1.0,0,1,registrado,registrada,0
3094,P001009,Cliente 229,953200,2025-05-08,1.0,0.0,1.0,1.0,0,1,registrado,registrada,0
3095,P001007,Cliente 107,986700,2025-05-08,5.0,0.0,5.0,1.0,0,1,registrado,registrada,0
3096,P001006,Cliente 107,966700,2025-05-08,3.0,0.0,3.0,1.0,0,1,registrado,registrada,0
3097,P001006,Cliente 107,966600,2025-05-08,2.0,0.0,2.0,1.0,0,1,registrado,registrada,0
3098,P000017,Cliente 365,902300,2025-05-09,10.0,0.0,10.0,1.0,0,1,registrado,registrada,0
3099,P000017,Cliente 365,951400,2025-05-09,4.0,0.0,4.0,1.0,0,1,estimado_nao_verificado,registrada,0
3100,P000017,Cliente 365,969600,2025-05-09,3.0,0.0,3.0,1.0,0,1,registrado,registrada,0
3101,P000017,Cliente 365,966500,2025-05-09,30.0,0.0,30.0,1.0,0,1,registrado,registrada,0
3102,P000017,Cliente 365,966600,2025-05-09,46.0,0.0,46.0,1.0,0,1,registrado,registrada,0
3103,P000017,Cliente 365,966700,2025-05-09,542.0,0.0,542.0,1.0,0,1,registrado,registrada,0
3104,P000017,Cliente 365,966800,2025-05-09,3605.0,0.0,3605.0,1.0,0,1,registrado,registrada,0
3105,P000017,Cliente 365,990500,2025-05-09,119.0,0.0,119.0,1.0,0,1,registrado,registrada,0
3106,P000017,Cliente 365,970100,2025-05-09,39.0,0.0,39.0,1.0,0,1,registrado,registrada,0
3107,P000017,Cliente 365,975800,2025-05-09,74.0,0.0,74.0,1.0,0,1,registrado,registrada,0
3108,P000017,Cliente 365,966900,2025-05-09,50.0,0.0,50.0,1.0,0,1,registrado,registrada,0
3109,P000017,Cliente 365,967100,2025-05-09,210.0,0.0,210.0,1.0,0,1,registrado,registrada,0
3110,P000017,Cliente 365,967800,2025-05-09,89.0,0.0,89.0,1.0,0,1,registrado,registrada,0
3111,P000017,Cliente 365,968900,2025-05-09,24.0,0.0,24.0,1.0,0,1,registrado,registrada,0
3112,P000017,Cliente 365,967900,2025-05-09,143.0,0.0,143.0,1.0,0,1,registrado,registrada,0
3113,P001013,Cliente 222,961000,2025-05-09,1.0,0.0,1.0,1.0,0,1,registrado,registrada,0
3114,P001013,Cliente 222,966800,2025-05-09,8.0,0.0,8.0,1.0,0,1,registrado,registrada,0
3115,P001013,Cliente 222,969600,2025-05-09,1.0,0.0,1.0,1.0,0,1,registrado,registrada,0
3116,P001013,Cliente 222,970000,2025-05-09,1.0,0.0,1.0,1.0,0,1,registrado,registrada,0
3117,P001013,Cliente 222,971900,2025-05-09,1.0,0.0,1.0,1.0,0,1,registrado,registrada,0
3118,P001012,Cliente 222,950000,2025-05-09,1.0,0.0,1.0,1.0,0,1,registrado,registrada,0
3119,P001012,Cliente 222,951300,2025-05-09,1.0,0.0,1.0,1.0,0,1,registrado,registrada,0
3120,P001012,Cliente 222,952300,2025-05-09,1.0,0.0,1.0,1.0,0,1,registrado,registrada,0
3121,P001012,Cliente 222,953100,2025-05-09,1.0,0.0,1.0,1.0,0,1,registrado,registrada,0
3122,P001012,Cliente 222,958400,2025-05-09,1.0,0.0,1.0,1.0,0,1,registrado,registrada,0
3123,P001012,Cliente 222,964800,2025-05-09,1.0,0.0,1.0,1.0,0,1,registrado,registrada,0
3124,P000831,Cliente 093,902300,2025-05-09,1280.0,0.0,1280.0,1.0,0,1,registrado,registrada,0
3125,P000956,Cliente 315,902300,2025-05-10,1160.0,0.0,1160.0,1.0,0,1,estimado_nao_verificado,registrada,0
3126,P000956,Cliente 315,949300,2025-05-10,28.0,0.0,28.0,1.0,0,1,estimado_nao_verificado,registrada,0
3127,P000956,Cliente 315,951400,2025-05-10,12.0,0.0,12.0,1.0,0,1,estimado_nao_verificado,registrada,0
3128,P000069,Cliente 091,950400,2025-05-12,520.0,0.0,520.0,1.0,0,1,registrado,registrada,0
3129,P000875,Cliente 286,902300,2025-05-12,200.0,0.0,200.0,1.0,0,1,registrado,registrada,0
3130,P000922,Cliente 093,976300,2025-05-12,875.0,0.0,875.0,1.0,0,1,registrado,registrada,0
3131,P000922,Cliente 093,976500,2025-05-12,875.0,0.0,875.0,1.0,0,1,registrado,registrada,0
3132,P001011,Cliente 069,961000,2025-05-12,22.0,0.0,22.0,1.0,0,1,estimado_nao_verificado,registrada,0
3133,P001011,Cliente 069,966300,2025-05-12,40.0,0.0,40.0,1.0,0,1,estimado_nao_verificado,registrada,0
3134,P001011,Cliente 069,966500,2025-05-12,3.0,0.0,3.0,1.0,0,1,estimado_nao_verificado,registrada,0
3135,P001011,Cliente 069,966600,2025-05-12,50.0,0.0,50.0,1.0,0,1,estimado_nao_verificado,registrada,0
3136,P001011,Cliente 069,966700,2025-05-12,3.0,0.0,3.0,1.0,0,1,estimado_nao_verificado,registrada,0
3137,P001011,Cliente 069,966800,2025-05-12,50.0,0.0,50.0,1.0,0,1,ausente,registrada,0
3138,P001011,Cliente 069,967700,2025-05-12,21.0,0.0,21.0,1.0,0,1,estimado_nao_verificado,registrada,0
3139,P001011,Cliente 069,967800,2025-05-12,45.0,0.0,45.0,1.0,0,1,estimado_nao_verificado,registrada,0
3140,P001011,Cliente 069,968900,2025-05-12,12.0,0.0,12.0,1.0,0,1,estimado_nao_verificado,registrada,0
3141,P001011,Cliente 069,969100,2025-05-12,12.0,0.0,12.0,1.0,0,1,estimado_nao_verificado,registrada,0
3142,P001011,Cliente 069,970000,2025-05-12,16.0,0.0,16.0,1.0,0,1,estimado_nao_verificado,registrada,0
3143,P001011,Cliente 069,970100,2025-05-12,10.0,0.0,10.0,1.0,0,1,estimado_nao_verificado,registrada,0
3144,P001011,Cliente 069,970200,2025-05-12,15.0,0.0,15.0,1.0,0,1,ausente,registrada,0
3145,P001011,Cliente 069,971500,2025-05-12,12.0,0.0,12.0,1.0,0,1,estimado_nao_verificado,registrada,0
3146,P001011,Cliente 069,972200,2025-05-12,12.0,0.0,12.0,1.0,0,1,estimado_nao_verificado,registrada,0
3147,P001011,Cliente 069,990400,2025-05-12,3.0,0.0,3.0,1.0,0,1,estimado_nao_verificado,registrada,0
3148,P001011,Cliente 069,990500,2025-05-12,10.0,0.0,10.0,1.0,0,1,estimado_nao_verificado,registrada,0
3149,P001900,Cliente 340,JGR ALIMENTOS E NATURAIS LTDA,2025-05-12,20.0,0.0,20.0,1.0,0,1,ausente,registrada,0
3150,P000985,Cliente 340,954900,2025-05-12,20.0,0.0,20.0,1.0,0,1,estimado_nao_verificado,registrada,0
3151,P000985,Cliente 340,958000,2025-05-12,15.0,0.0,15.0,1.0,0,1,estimado_nao_verificado,registrada,0
3152,P000985,Cliente 340,965300,2025-05-12,10.0,0.0,10.0,1.0,0,1,estimado_nao_verificado,registrada,0
3153,P000985,Cliente 340,981700,2025-05-12,40.0,0.0,40.0,1.0,0,1,estimado_nao_verificado,registrada,0
3154,P000985,Cliente 340,986700,2025-05-12,10.0,0.0,10.0,1.0,0,1,estimado_nao_verificado,registrada,0
3155,P000985,Cliente 340,991600,2025-05-12,40.0,0.0,40.0,1.0,0,1,estimado_nao_verificado,registrada,0
3156,P001003,Cliente 006,902300,2025-05-12,1.0,0.0,1.0,1.0,0,1,estimado_nao_verificado,registrada,0
3157,P001003,Cliente 006,942100,2025-05-12,1.0,0.0,1.0,1.0,0,1,estimado_nao_verificado,registrada,0
3158,P001003,Cliente 006,948700,2025-05-12,4.0,0.0,4.0,1.0,0,1,estimado_nao_verificado,registrada,0
3159,P001003,Cliente 006,951400,2025-05-12,1.0,0.0,1.0,1.0,0,1,estimado_nao_verificado,registrada,0
3160,P001003,Cliente 006,953800,2025-05-12,2.0,0.0,2.0,1.0,0,1,estimado_nao_verificado,registrada,0
3161,P001003,Cliente 006,954900,2025-05-12,2.0,0.0,2.0,1.0,0,1,estimado_nao_verificado,registrada,0
3162,P001003,Cliente 006,958000,2025-05-12,2.0,0.0,2.0,1.0,0,1,estimado_nao_verificado,registrada,0
3163,P001003,Cliente 006,961800,2025-05-12,1.0,0.0,1.0,1.0,0,1,estimado_nao_verificado,registrada,0
3164,P001003,Cliente 006,965300,2025-05-12,1.0,0.0,1.0,1.0,0,1,estimado_nao_verificado,registrada,0
3165,P001003,Cliente 006,981700,2025-05-12,1.0,0.0,1.0,1.0,0,1,estimado_nao_verificado,registrada,0
3166,P001005,Cliente 067,966800,2025-05-12,25.0,0.0,25.0,1.0,0,1,ausente,registrada,0
3167,P001001,Cliente 067,961500,2025-05-12,5.0,0.0,5.0,1.0,0,1,estimado_nao_verificado,registrada,0
3168,P001001,Cliente 067,961600,2025-05-12,5.0,0.0,5.0,1.0,0,1,estimado_nao_verificado,registrada,0
3169,P001001,Cliente 067,963900,2025-05-12,2.0,0.0,2.0,1.0,0,1,estimado_nao_verificado,registrada,0
3170,P001001,Cliente 067,981300,2025-05-12,2.0,0.0,2.0,1.0,0,1,estimado_nao_verificado,registrada,0
3171,P001001,Cliente 067,981500,2025-05-12,2.0,0.0,2.0,1.0,0,1,estimado_nao_verificado,registrada,0
3172,P001002,Cliente 067,961000,2025-05-12,10.0,0.0,10.0,1.0,0,1,estimado_nao_verificado,registrada,0
3173,P001002,Cliente 067,966200,2025-05-12,4.0,0.0,4.0,1.0,0,1,estimado_nao_verificado,registrada,0
3174,P001002,Cliente 067,966400,2025-05-12,3.0,0.0,3.0,1.0,0,1,ausente,registrada,0
3175,P001002,Cliente 067,966500,2025-05-12,40.0,0.0,40.0,1.0,0,1,estimado_nao_verificado,registrada,0
3176,P001002,Cliente 067,966600,2025-05-12,40.0,0.0,40.0,1.0,0,1,estimado_nao_verificado,registrada,0
3177,P001002,Cliente 067,966700,2025-05-12,35.0,0.0,35.0,1.0,0,1,estimado_nao_verificado,registrada,0
3178,P001002,Cliente 067,966800,2025-05-12,250.0,0.0,250.0,1.0,0,1,ausente,registrada,0
3179,P001002,Cliente 067,967800,2025-05-12,50.0,0.0,50.0,1.0,0,1,estimado_nao_verificado,registrada,0
3180,P001002,Cliente 067,968800,2025-05-12,5.0,0.0,5.0,1.0,0,1,estimado_nao_verificado,registrada,0
3181,P001002,Cliente 067,968900,2025-05-12,15.0,0.0,15.0,1.0,0,1,estimado_nao_verificado,registrada,0
3182,P001002,Cliente 067,970000,2025-05-12,2.0,0.0,2.0,1.0,0,1,estimado_nao_verificado,registrada,0
3183,P001002,Cliente 067,970100,2025-05-12,10.0,0.0,10.0,1.0,0,1,estimado_nao_verificado,registrada,0
3184,P001002,Cliente 067,970900,2025-05-12,3.0,0.0,3.0,1.0,0,1,ausente,registrada,0
3185,P001002,Cliente 067,972200,2025-05-12,50.0,0.0,50.0,1.0,0,1,estimado_nao_verificado,registrada,0
3186,P001002,Cliente 067,990500,2025-05-12,25.0,0.0,25.0,1.0,0,1,estimado_nao_verificado,registrada,0
3187,P000668,Cliente 151,982700,2025-05-12,200.0,0.0,200.0,1.0,0,1,estimado_nao_verificado,registrada,0
3188,P001017,Cliente 346,951300,2025-05-13,3.0,0.0,3.0,1.0,0,1,registrado,registrada,0
3189,P001017,Cliente 346,954300,2025-05-13,5.0,0.0,5.0,1.0,0,1,registrado,registrada,0
3190,P001017,Cliente 346,958500,2025-05-13,3.0,0.0,3.0,1.0,0,1,registrado,registrada,0
3191,P001017,Cliente 346,961600,2025-05-13,3.0,0.0,3.0,1.0,0,1,registrado,registrada,0
3192,P001017,Cliente 346,981500,2025-05-13,1.0,0.0,1.0,1.0,0,1,registrado,registrada,0
3193,P000976,Cliente 061,950400,2025-05-13,400.0,0.0,400.0,1.0,0,1,registrado,registrada,0
3194,P000986,Cliente 183,948700,2025-05-13,600.0,0.0,600.0,1.0,0,1,registrado,registrada,0
3195,P000988,Cliente 259,902300,2025-05-14,394.0,0.0,394.0,1.0,0,1,registrado,registrada,0
3196,P000984,Cliente 071,950400,2025-05-14,300.0,0.0,300.0,1.0,0,1,registrado,registrada,0
3197,P000501,Cliente 095,974600,2025-05-14,832.0,0.0,832.0,1.0,0,1,registrado,registrada,0
3198,P000501,Cliente 095,974700,2025-05-14,1040.0,0.0,1040.0,1.0,0,1,registrado,registrada,0
3199,P000501,Cliente 095,975000,2025-05-14,416.0,0.0,416.0,1.0,0,1,registrado,registrada,0
3200,P000019,Cliente 357,961600,2025-05-14,34.0,0.0,34.0,1.0,0,1,registrado,registrada,0
3201,P000019,Cliente 357,962000,2025-05-14,12.0,0.0,12.0,1.0,0,1,registrado,registrada,0
3202,P000019,Cliente 357,981900,2025-05-14,24.0,0.0,24.0,1.0,0,1,registrado,registrada,0
3203,P000019,Cliente 357,963900,2025-05-14,8.0,0.0,8.0,1.0,0,1,registrado,registrada,0
3204,P000019,Cliente 357,964000,2025-05-14,21.0,0.0,21.0,1.0,0,1,registrado,registrada,0
3205,P000019,Cliente 357,961000,2025-05-14,67.0,0.0,67.0,1.0,0,1,registrado,registrada,0
3206,P000019,Cliente 357,969100,2025-05-14,6.0,0.0,6.0,1.0,0,1,registrado,registrada,0
3207,P000019,Cliente 357,968800,2025-05-14,12.0,0.0,12.0,1.0,0,1,registrado,registrada,0
3208,P000019,Cliente 357,968900,2025-05-14,14.0,0.0,14.0,1.0,0,1,registrado,registrada,0
3209,P000019,Cliente 357,971500,2025-05-14,6.0,0.0,6.0,1.0,0,1,registrado,registrada,0
3210,P000019,Cliente 357,972200,2025-05-14,19.0,0.0,19.0,1.0,0,1,registrado,registrada,0
3211,P000019,Cliente 357,966200,2025-05-14,153.0,0.0,153.0,1.0,0,1,registrado,registrada,0
3212,P000019,Cliente 357,966300,2025-05-14,123.0,0.0,123.0,1.0,0,1,registrado,registrada,0
3213,P000019,Cliente 357,966400,2025-05-14,127.0,0.0,127.0,1.0,0,1,registrado,registrada,0
3214,P000019,Cliente 357,966500,2025-05-14,55.0,0.0,55.0,1.0,0,1,registrado,registrada,0
3215,P000019,Cliente 357,966600,2025-05-14,180.0,0.0,180.0,1.0,0,1,registrado,registrada,0
3216,P000019,Cliente 357,966700,2025-05-14,38.0,0.0,38.0,1.0,0,1,registrado,registrada,0
3217,P000019,Cliente 357,966800,2025-05-14,3885.0,0.0,3885.0,1.0,0,1,registrado,registrada,0
3218,P000019,Cliente 357,990400,2025-05-14,14.0,0.0,14.0,1.0,0,1,registrado,registrada,0
3219,P000019,Cliente 357,990500,2025-05-14,20.0,0.0,20.0,1.0,0,1,registrado,registrada,0
3220,P000019,Cliente 357,970000,2025-05-14,15.0,0.0,15.0,1.0,0,1,registrado,registrada,0
3221,P000019,Cliente 357,970100,2025-05-14,21.0,0.0,21.0,1.0,0,1,registrado,registrada,0
3222,P000019,Cliente 357,970200,2025-05-14,6.0,0.0,6.0,1.0,0,1,registrado,registrada,0
3223,P000019,Cliente 357,967700,2025-05-14,15.0,0.0,15.0,1.0,0,1,registrado,registrada,0
3224,P000019,Cliente 357,967800,2025-05-14,9.0,0.0,9.0,1.0,0,1,registrado,registrada,0
3225,P001026,Cliente 273,959400,2025-05-14,1.0,0.0,1.0,1.0,0,1,registrado,registrada,0
3226,P001026,Cliente 273,959600,2025-05-14,1.0,0.0,1.0,1.0,0,1,registrado,registrada,0
3227,P001026,Cliente 273,958400,2025-05-14,1.0,0.0,1.0,1.0,0,1,registrado,registrada,0
3228,P001026,Cliente 273,957400,2025-05-14,1.0,0.0,1.0,1.0,0,1,registrado,registrada,0
3229,P001026,Cliente 273,957600,2025-05-14,1.0,0.0,1.0,1.0,0,1,registrado,registrada,0
3230,P001026,Cliente 273,953200,2025-05-14,2.0,0.0,2.0,1.0,0,1,registrado,registrada,0
3231,P001026,Cliente 273,949200,2025-05-14,1.0,0.0,1.0,1.0,0,1,registrado,registrada,0
3232,P001027,Cliente 273,966700,2025-05-14,4.0,0.0,4.0,1.0,0,1,registrado,registrada,0
3233,P000989,Cliente 076,902300,2025-05-15,144.0,0.0,144.0,1.0,0,1,registrado,registrada,0
3234,P000989,Cliente 076,949300,2025-05-15,400.0,0.0,400.0,1.0,0,1,registrado,registrada,0
3235,P000989,Cliente 076,975600,2025-05-15,300.0,0.0,300.0,1.0,0,1,registrado,registrada,0
3236,P000989,Cliente 076,975700,2025-05-15,225.0,0.0,225.0,1.0,0,1,registrado,registrada,0
3237,P001004,Cliente 024,949200,2025-05-15,250.0,0.0,250.0,1.0,0,1,registrado,registrada,0
3238,P001004,Cliente 024,951600,2025-05-15,250.0,0.0,250.0,1.0,0,1,registrado,registrada,0
3239,P001004,Cliente 024,956000,2025-05-15,25.0,0.0,25.0,1.0,0,1,registrado,registrada,0
3240,P001004,Cliente 024,958000,2025-05-15,50.0,0.0,50.0,1.0,0,1,registrado,registrada,0
3241,P001004,Cliente 024,959000,2025-05-15,10.0,0.0,10.0,1.0,0,1,registrado,registrada,0
3242,P001004,Cliente 024,962100,2025-05-15,75.0,0.0,75.0,1.0,0,1,registrado,registrada,0
3243,P001004,Cliente 024,963400,2025-05-15,20.0,0.0,20.0,1.0,0,1,registrado,registrada,0
3244,P001004,Cliente 024,965300,2025-05-15,50.0,0.0,50.0,1.0,0,1,registrado,registrada,0
3245,P000992,Cliente 024,146711,2025-05-15,100.0,0.0,100.0,1.0,0,1,registrado,registrada,0
3246,P001032,Cliente 024,902300,2025-05-15,24.0,0.0,24.0,1.0,0,1,registrado,registrada,0
3247,P001032,Cliente 024,965300,2025-05-15,75.0,0.0,75.0,1.0,0,1,registrado,registrada,0
3248,P000987,Cliente 005,953300,2025-05-15,50.0,0.0,50.0,1.0,0,1,registrado,registrada,0
3249,P001887,Cliente 091,950400,2025-05-15,520.0,0.0,520.0,1.0,0,1,registrado,registrada,0
3251,P001000,Cliente 245,952400,2025-05-15,3.0,0.0,3.0,1.0,0,1,registrado,registrada,0
3252,P001000,Cliente 245,964700,2025-05-15,4.0,0.0,4.0,1.0,0,1,registrado,registrada,0
3253,P001000,Cliente 245,955200,2025-05-15,2.0,0.0,2.0,1.0,0,1,registrado,registrada,0
3254,P001000,Cliente 245,954100,2025-05-15,2.0,0.0,2.0,1.0,0,1,registrado,registrada,0
3255,P001000,Cliente 245,948700,2025-05-15,3.0,0.0,3.0,1.0,0,1,registrado,registrada,0
3256,P001000,Cliente 245,951400,2025-05-15,5.0,0.0,5.0,1.0,0,1,registrado,registrada,0
3257,P001022,Cliente 290,902300,2025-05-16,600.0,0.0,600.0,1.0,0,1,registrado,registrada,0
3258,P001033,Cliente 060,966600,2025-05-16,500.0,0.0,500.0,1.0,0,1,registrado,registrada,0
3259,P001033,Cliente 060,966700,2025-05-16,300.0,0.0,300.0,1.0,0,1,registrado,registrada,0
3260,P001033,Cliente 060,967100,2025-05-16,20.0,0.0,20.0,1.0,0,1,registrado,registrada,0
3261,P001033,Cliente 060,990500,2025-05-16,20.0,0.0,20.0,1.0,0,1,registrado,registrada,0
3262,P000963,Cliente 148,902200,2025-05-17,150.0,0.0,150.0,1.0,0,1,registrado,registrada,0
3263,P000963,Cliente 148,977500,2025-05-17,75.0,0.0,75.0,1.0,0,1,registrado,registrada,0
3264,P000963,Cliente 148,977600,2025-05-17,300.0,0.0,300.0,1.0,0,1,registrado,registrada,0
3265,P000963,Cliente 148,977700,2025-05-17,200.0,0.0,200.0,1.0,0,1,registrado,registrada,0
3266,P000963,Cliente 148,977900,2025-05-17,1000.0,0.0,1000.0,1.0,0,1,registrado,registrada,0
3267,P000963,Cliente 148,978500,2025-05-17,350.0,0.0,350.0,1.0,0,1,registrado,registrada,0
3268,P000963,Cliente 148,978600,2025-05-17,75.0,0.0,75.0,1.0,0,1,registrado,registrada,0
3269,P000963,Cliente 148,987700,2025-05-17,300.0,0.0,300.0,1.0,0,1,registrado,registrada,0
3270,P000963,Cliente 148,991400,2025-05-17,100.0,0.0,100.0,1.0,0,1,registrado,registrada,0
3271,P000964,Cliente 115,977500,2025-05-17,25.0,0.0,25.0,1.0,0,1,registrado,registrada,0
3272,P000964,Cliente 115,977600,2025-05-17,20.0,0.0,20.0,1.0,0,1,registrado,registrada,0
3273,P000964,Cliente 115,977700,2025-05-17,30.0,0.0,30.0,1.0,0,1,registrado,registrada,0
3274,P000964,Cliente 115,977800,2025-05-17,27.0,0.0,27.0,1.0,0,1,registrado,registrada,0
3275,P000964,Cliente 115,977900,2025-05-17,150.0,0.0,150.0,1.0,0,1,registrado,registrada,0
3276,P000964,Cliente 115,978300,2025-05-17,20.0,0.0,20.0,1.0,0,1,registrado,registrada,0
3277,P000964,Cliente 115,978500,2025-05-17,100.0,0.0,100.0,1.0,0,1,registrado,registrada,0
3278,P000964,Cliente 115,978600,2025-05-17,3.0,0.0,3.0,1.0,0,1,registrado,registrada,0
3279,P000996,Cliente 185,942100,2025-05-18,700.0,0.0,700.0,1.0,0,1,registrado,registrada,0
3280,P000996,Cliente 185,948700,2025-05-18,200.0,0.0,200.0,1.0,0,1,registrado,registrada,0
3281,P000996,Cliente 185,961800,2025-05-18,20.0,0.0,20.0,1.0,0,1,registrado,registrada,0
3282,P000996,Cliente 185,981700,2025-05-18,80.0,0.0,80.0,1.0,0,1,registrado,registrada,0
3283,P000997,Cliente 185,902300,2025-05-18,80.0,0.0,80.0,1.0,0,1,registrado,registrada,0
3284,P000997,Cliente 185,991200,2025-05-18,30.0,0.0,30.0,1.0,0,1,registrado,registrada,0
3285,P001036,Cliente 129,966400,2025-05-19,40.0,0.0,40.0,1.0,0,1,estimado_nao_verificado,registrada,0
3286,P001016,Cliente 123,966400,2025-05-19,15.0,0.0,15.0,1.0,0,1,registrado,registrada,0
3287,P000736,Cliente 061,949300,2025-05-19,400.0,0.0,400.0,1.0,0,1,registrado,registrada,0
3288,P001038,Cliente 098,966800,2025-05-19,500.0,0.0,500.0,1.0,0,1,registrado,registrada,0
3291,P000503,Cliente 095,974600,2025-05-19,832.0,0.0,832.0,1.0,0,1,registrado,registrada,0
3292,P000503,Cliente 095,974700,2025-05-19,416.0,0.0,416.0,1.0,0,1,registrado,registrada,0
3293,P000503,Cliente 095,975000,2025-05-19,1040.0,0.0,1040.0,1.0,0,1,registrado,registrada,0
3294,P001018,Cliente 351,953800,2025-05-20,200.0,0.0,200.0,1.0,0,1,registrado,registrada,0
3295,P001018,Cliente 351,954900,2025-05-20,150.0,0.0,150.0,1.0,0,1,registrado,registrada,0
3296,P001018,Cliente 351,958000,2025-05-20,70.0,0.0,70.0,1.0,0,1,registrado,registrada,0
3297,P001018,Cliente 351,965300,2025-05-20,70.0,0.0,70.0,1.0,0,1,registrado,registrada,0
3298,P001019,Cliente 350,902300,2025-05-20,20.0,0.0,20.0,1.0,0,1,registrado,registrada,0
3299,P001021,Cliente 174,948600,2025-05-20,13.0,0.0,13.0,1.0,0,1,registrado,registrada,0
3300,P001021,Cliente 174,952600,2025-05-20,6.0,0.0,6.0,1.0,0,1,registrado,registrada,0
3301,P001021,Cliente 174,953800,2025-05-20,1.0,0.0,1.0,1.0,0,1,registrado,registrada,0
3302,P001021,Cliente 174,954900,2025-05-20,2.0,0.0,2.0,1.0,0,1,registrado,registrada,0
3303,P001021,Cliente 174,957000,2025-05-20,3.0,0.0,3.0,1.0,0,1,registrado,registrada,0
3304,P001021,Cliente 174,958000,2025-05-20,6.0,0.0,6.0,1.0,0,1,registrado,registrada,0
3305,P001021,Cliente 174,959000,2025-05-20,5.0,0.0,5.0,1.0,0,1,registrado,registrada,0
3306,P001021,Cliente 174,959900,2025-05-20,1.0,0.0,1.0,1.0,0,1,registrado,registrada,0
3307,P001021,Cliente 174,962100,2025-05-20,5.0,0.0,5.0,1.0,0,1,registrado,registrada,0
3308,P001021,Cliente 174,965300,2025-05-20,5.0,0.0,5.0,1.0,0,1,registrado,registrada,0
3309,P001043,Cliente 238,954200,2025-05-20,20.0,0.0,20.0,1.0,0,1,registrado,registrada,0
3310,P001043,Cliente 238,955300,2025-05-20,10.0,0.0,10.0,1.0,0,1,registrado,registrada,0
3311,P001043,Cliente 238,957400,2025-05-20,10.0,0.0,10.0,1.0,0,1,registrado,registrada,0
3312,P001043,Cliente 238,958400,2025-05-20,20.0,0.0,20.0,1.0,0,1,registrado,registrada,0
3313,P001043,Cliente 238,959400,2025-05-20,15.0,0.0,15.0,1.0,0,1,registrado,registrada,0
3314,P001043,Cliente 238,960200,2025-05-20,5.0,0.0,5.0,1.0,0,1,estimado_nao_verificado,registrada,0
3315,P001043,Cliente 238,964800,2025-05-20,20.0,0.0,20.0,1.0,0,1,registrado,registrada,0
3316,P001020,Cliente 340,948700,2025-05-20,120.0,0.0,120.0,1.0,0,1,registrado,registrada,0
3317,P001020,Cliente 340,951400,2025-05-20,80.0,0.0,80.0,1.0,0,1,registrado,registrada,0
3318,P001040,Cliente 344,949300,2025-05-20,120.0,0.0,120.0,1.0,0,1,registrado,registrada,0
3319,P001010,Cliente 176,953200,2025-05-20,80.0,0.0,80.0,1.0,0,1,registrado,registrada,0
3320,P001050,Cliente 085,961000,2025-05-20,38.0,0.0,38.0,1.0,0,1,registrado,registrada,0
3321,P001050,Cliente 085,966200,2025-05-20,73.0,0.0,73.0,1.0,0,1,registrado,registrada,0
3322,P001050,Cliente 085,966300,2025-05-20,65.0,0.0,65.0,1.0,0,1,registrado,registrada,0
3323,P001050,Cliente 085,966400,2025-05-20,55.0,0.0,55.0,1.0,0,1,registrado,registrada,0
3324,P001050,Cliente 085,966500,2025-05-20,56.0,0.0,56.0,1.0,0,1,registrado,registrada,0
3325,P001050,Cliente 085,966600,2025-05-20,49.0,0.0,49.0,1.0,0,1,registrado,registrada,0
3326,P001050,Cliente 085,966700,2025-05-20,33.0,0.0,33.0,1.0,0,1,estimado_nao_verificado,registrada,0
3327,P001050,Cliente 085,966800,2025-05-20,60.0,0.0,60.0,1.0,0,1,estimado_nao_verificado,registrada,0
3328,P001051,Cliente 085,966800,2025-05-20,6.0,0.0,6.0,1.0,0,1,estimado_nao_verificado,registrada,0
3329,P000022,Cliente 357,961600,2025-05-20,3.0,0.0,3.0,1.0,0,1,estimado_nao_verificado,registrada,0
3330,P000022,Cliente 357,964800,2025-05-20,1.0,0.0,1.0,1.0,0,1,estimado_nao_verificado,registrada,0
3331,P000022,Cliente 357,959400,2025-05-20,1.0,0.0,1.0,1.0,0,1,estimado_nao_verificado,registrada,0
3332,P000022,Cliente 357,958400,2025-05-20,2.0,0.0,2.0,1.0,0,1,estimado_nao_verificado,registrada,0
3333,P000022,Cliente 357,957400,2025-05-20,1.0,0.0,1.0,1.0,0,1,estimado_nao_verificado,registrada,0
3334,P000022,Cliente 357,960200,2025-05-20,1.0,0.0,1.0,1.0,0,1,estimado_nao_verificado,registrada,0
3335,P000022,Cliente 357,955300,2025-05-20,1.0,0.0,1.0,1.0,0,1,estimado_nao_verificado,registrada,0
3336,P000022,Cliente 357,963900,2025-05-20,1.0,0.0,1.0,1.0,0,1,estimado_nao_verificado,registrada,0
3337,P000022,Cliente 357,964000,2025-05-20,2.0,0.0,2.0,1.0,0,1,estimado_nao_verificado,registrada,0
3338,P000022,Cliente 357,961000,2025-05-20,64.0,0.0,64.0,1.0,0,1,estimado_nao_verificado,registrada,0
3339,P000022,Cliente 357,969100,2025-05-20,8.0,0.0,8.0,1.0,0,1,estimado_nao_verificado,registrada,0
3340,P000022,Cliente 357,968800,2025-05-20,2.0,0.0,2.0,1.0,0,1,estimado_nao_verificado,registrada,0
3341,P000022,Cliente 357,968900,2025-05-20,9.0,0.0,9.0,1.0,0,1,estimado_nao_verificado,registrada,0
3342,P000022,Cliente 357,971500,2025-05-20,8.0,0.0,8.0,1.0,0,1,estimado_nao_verificado,registrada,0
3343,P000022,Cliente 357,972200,2025-05-20,21.0,0.0,21.0,1.0,0,1,estimado_nao_verificado,registrada,0
3344,P000022,Cliente 357,966200,2025-05-20,68.0,0.0,68.0,1.0,0,1,estimado_nao_verificado,registrada,0
3345,P000022,Cliente 357,966300,2025-05-20,63.0,0.0,63.0,1.0,0,1,estimado_nao_verificado,registrada,0
3346,P000022,Cliente 357,966400,2025-05-20,52.0,0.0,52.0,1.0,0,1,estimado_nao_verificado,registrada,0
3347,P000022,Cliente 357,966500,2025-05-20,15.0,0.0,15.0,1.0,0,1,estimado_nao_verificado,registrada,0
3348,P000022,Cliente 357,966600,2025-05-20,80.0,0.0,80.0,1.0,0,1,estimado_nao_verificado,registrada,0
3349,P000022,Cliente 357,966700,2025-05-20,33.0,0.0,33.0,1.0,0,1,estimado_nao_verificado,registrada,0
3350,P000022,Cliente 357,966800,2025-05-20,273.0,0.0,273.0,1.0,0,1,estimado_nao_verificado,registrada,0
3351,P000022,Cliente 357,990400,2025-05-20,2.0,0.0,2.0,1.0,0,1,estimado_nao_verificado,registrada,0
3352,P000022,Cliente 357,990500,2025-05-20,7.0,0.0,7.0,1.0,0,1,estimado_nao_verificado,registrada,0
3353,P000022,Cliente 357,970900,2025-05-20,1.0,0.0,1.0,1.0,0,1,ausente,registrada,0
3354,P000022,Cliente 357,970000,2025-05-20,1.0,0.0,1.0,1.0,0,1,estimado_nao_verificado,registrada,0
3355,P000022,Cliente 357,970100,2025-05-20,6.0,0.0,6.0,1.0,0,1,estimado_nao_verificado,registrada,0
3356,P000022,Cliente 357,970200,2025-05-20,8.0,0.0,8.0,1.0,0,1,estimado_nao_verificado,registrada,0
3357,P000022,Cliente 357,967700,2025-05-20,3.0,0.0,3.0,1.0,0,1,estimado_nao_verificado,registrada,0
3358,P000022,Cliente 357,967800,2025-05-20,8.0,0.0,8.0,1.0,0,1,estimado_nao_verificado,registrada,0
3359,P000761,Cliente 315,902300,2025-05-20,1000.0,0.0,1000.0,1.0,0,1,registrado,registrada,0
3360,P000761,Cliente 315,949300,2025-05-20,100.0,0.0,100.0,1.0,0,1,registrado,registrada,0
3361,P000761,Cliente 315,961800,2025-05-20,100.0,0.0,100.0,1.0,0,1,registrado,registrada,0
3362,P001060,Cliente 334,961600,2025-05-20,40.0,0.0,40.0,1.0,0,1,registrado,registrada,0
3363,P001060,Cliente 334,981500,2025-05-20,10.0,0.0,10.0,1.0,0,1,registrado,registrada,0
3364,P001042,Cliente 007,966400,2025-05-20,13.0,0.0,13.0,1.0,0,1,registrado,registrada,0
3365,P001058,Cliente 312,961000,2025-05-20,2.0,0.0,2.0,1.0,0,1,registrado,registrada,0
3366,P001890,Cliente 090,981600,2025-05-20,3.0,0.0,3.0,1.0,0,1,registrado,registrada,0
3367,P000617,Cliente 091,950400,2025-05-21,520.0,0.0,520.0,1.0,0,1,registrado,registrada,0
3369,P001049,Cliente 075,951600,2025-05-21,200.0,0.0,200.0,1.0,0,1,registrado,registrada,0
3370,P001049,Cliente 075,953800,2025-05-21,100.0,0.0,100.0,1.0,0,1,registrado,registrada,0
3371,P001049,Cliente 075,954900,2025-05-21,100.0,0.0,100.0,1.0,0,1,registrado,registrada,0
3372,P001049,Cliente 075,958000,2025-05-21,100.0,0.0,100.0,1.0,0,1,registrado,registrada,0
3373,P001049,Cliente 075,962100,2025-05-21,100.0,0.0,100.0,1.0,0,1,registrado,registrada,0
3374,P001049,Cliente 075,982000,2025-05-21,200.0,0.0,200.0,1.0,0,1,registrado,registrada,0
3375,P001044,Cliente 067,961000,2025-05-21,10.0,0.0,10.0,1.0,0,1,registrado,registrada,0
3376,P001044,Cliente 067,966200,2025-05-21,4.0,0.0,4.0,1.0,0,1,registrado,registrada,0
3377,P001044,Cliente 067,966400,2025-05-21,3.0,0.0,3.0,1.0,0,1,registrado,registrada,0
3378,P001044,Cliente 067,966500,2025-05-21,40.0,0.0,40.0,1.0,0,1,registrado,registrada,0
3379,P001044,Cliente 067,966600,2025-05-21,40.0,0.0,40.0,1.0,0,1,registrado,registrada,0
3380,P001044,Cliente 067,966700,2025-05-21,35.0,0.0,35.0,1.0,0,1,registrado,registrada,0
3381,P001044,Cliente 067,966800,2025-05-21,300.0,0.0,300.0,1.0,0,1,registrado,registrada,0
3382,P001044,Cliente 067,967800,2025-05-21,50.0,0.0,50.0,1.0,0,1,registrado,registrada,0
3383,P001044,Cliente 067,968800,2025-05-21,5.0,0.0,5.0,1.0,0,1,registrado,registrada,0
3384,P001044,Cliente 067,968900,2025-05-21,15.0,0.0,15.0,1.0,0,1,registrado,registrada,0
3385,P001044,Cliente 067,970000,2025-05-21,2.0,0.0,2.0,1.0,0,1,registrado,registrada,0
3386,P001044,Cliente 067,970100,2025-05-21,10.0,0.0,10.0,1.0,0,1,registrado,registrada,0
3387,P001044,Cliente 067,970900,2025-05-21,2.0,0.0,2.0,1.0,0,1,registrado,registrada,0
3388,P001044,Cliente 067,972200,2025-05-21,50.0,0.0,50.0,1.0,0,1,registrado,registrada,0
3389,P001044,Cliente 067,990500,2025-05-21,30.0,0.0,30.0,1.0,0,1,registrado,registrada,0
3390,P001045,Cliente 067,966800,2025-05-21,30.0,0.0,30.0,1.0,0,1,registrado,registrada,0
3391,P001015,Cliente 097,961000,2025-05-21,30.0,0.0,30.0,1.0,0,1,registrado,registrada,0
3392,P001015,Cliente 097,966200,2025-05-21,30.0,0.0,30.0,1.0,0,1,registrado,registrada,0
3393,P001015,Cliente 097,966300,2025-05-21,8.0,0.0,8.0,1.0,0,1,registrado,registrada,0
3394,P001015,Cliente 097,966400,2025-05-21,8.0,0.0,8.0,1.0,0,1,registrado,registrada,0
3395,P001015,Cliente 097,966600,2025-05-21,10.0,0.0,10.0,1.0,0,1,registrado,registrada,0
3396,P001015,Cliente 097,966800,2025-05-21,50.0,0.0,50.0,1.0,0,1,registrado,registrada,0
3397,P001015,Cliente 097,967800,2025-05-21,3.0,0.0,3.0,1.0,0,1,registrado,registrada,0
3398,P001015,Cliente 097,968900,2025-05-21,3.0,0.0,3.0,1.0,0,1,registrado,registrada,0
3399,P001015,Cliente 097,970100,2025-05-21,3.0,0.0,3.0,1.0,0,1,registrado,registrada,0
3400,P001015,Cliente 097,990500,2025-05-21,3.0,0.0,3.0,1.0,0,1,registrado,registrada,0
3401,P000021,Cliente 358,961000,2025-05-21,57.0,0.0,57.0,1.0,0,1,registrado,registrada,0
3402,P000021,Cliente 358,969100,2025-05-21,24.0,0.0,24.0,1.0,0,1,registrado,registrada,0
3403,P000021,Cliente 358,968900,2025-05-21,20.0,0.0,20.0,1.0,0,1,registrado,registrada,0
3404,P000021,Cliente 358,971500,2025-05-21,22.0,0.0,22.0,1.0,0,1,registrado,registrada,0
3405,P000021,Cliente 358,972200,2025-05-21,72.0,0.0,72.0,1.0,0,1,registrado,registrada,0
3406,P000021,Cliente 358,966200,2025-05-21,55.0,0.0,55.0,1.0,0,1,registrado,registrada,0
3407,P000021,Cliente 358,966300,2025-05-21,111.0,0.0,111.0,1.0,0,1,registrado,registrada,0
3408,P000021,Cliente 358,966400,2025-05-21,100.0,0.0,100.0,1.0,0,1,registrado,registrada,0
3409,P000021,Cliente 358,966500,2025-05-21,29.0,0.0,29.0,1.0,0,1,registrado,registrada,0
3410,P000021,Cliente 358,966600,2025-05-21,35.0,0.0,35.0,1.0,0,1,registrado,registrada,0
3411,P000021,Cliente 358,966700,2025-05-21,50.0,0.0,50.0,1.0,0,1,registrado,registrada,0
3412,P000021,Cliente 358,966800,2025-05-21,220.0,0.0,220.0,1.0,0,1,registrado,registrada,0
3413,P000021,Cliente 358,990500,2025-05-21,17.0,0.0,17.0,1.0,0,1,registrado,registrada,0
3414,P000021,Cliente 358,970100,2025-05-21,22.0,0.0,22.0,1.0,0,1,registrado,registrada,0
3415,P000021,Cliente 358,970200,2025-05-21,36.0,0.0,36.0,1.0,0,1,registrado,registrada,0
3416,P000021,Cliente 358,967800,2025-05-21,13.0,0.0,13.0,1.0,0,1,registrado,registrada,0
3417,P001046,Cliente 122,966300,2025-05-21,15.0,0.0,15.0,1.0,0,1,registrado,registrada,0
3418,P001046,Cliente 122,966400,2025-05-21,30.0,0.0,30.0,1.0,0,1,registrado,registrada,0
3419,P001046,Cliente 122,966600,2025-05-21,10.0,0.0,10.0,1.0,0,1,registrado,registrada,0
3420,P001047,Cliente 122,966300,2025-05-21,30.0,0.0,30.0,1.0,0,1,registrado,registrada,0
3421,P001047,Cliente 122,966600,2025-05-21,20.0,0.0,20.0,1.0,0,1,registrado,registrada,0
3422,P000977,Cliente 061,950400,2025-05-22,400.0,0.0,400.0,1.0,0,1,registrado,registrada,0
3423,P001034,Cliente 117,950000,2025-05-22,170.0,0.0,170.0,1.0,0,1,registrado,registrada,0
3424,P001034,Cliente 117,961500,2025-05-22,50.0,50.0,100.0,0.5,1,1,estimado_nao_verificado,registrada,0
3425,P001034,Cliente 117,961600,2025-05-22,1225.0,610.0,1835.0,0.667574931880109,1,1,registrado,registrada,0
3426,P001034,Cliente 117,963900,2025-05-22,50.0,0.0,50.0,1.0,0,1,registrado,registrada,0
3427,P001034,Cliente 117,964000,2025-05-22,1500.0,950.0,2450.0,0.6122448979591837,1,1,registrado,registrada,0
3428,P001034,Cliente 117,981500,2025-05-22,55.0,0.0,55.0,1.0,0,1,registrado,registrada,0
3429,P001048,Cliente 175,966800,2025-05-22,1000.0,0.0,1000.0,1.0,0,1,registrado,registrada,0
3430,P001041,Cliente 223,953800,2025-05-22,15.0,0.0,15.0,1.0,0,1,registrado,registrada,0
3431,P001041,Cliente 223,954900,2025-05-22,15.0,0.0,15.0,1.0,0,1,registrado,registrada,0
3432,P001041,Cliente 223,957000,2025-05-22,5.0,0.0,5.0,1.0,0,1,registrado,registrada,0
3433,P001041,Cliente 223,958000,2025-05-22,15.0,0.0,15.0,1.0,0,1,registrado,registrada,0
3434,P001059,Cliente 185,966800,2025-05-22,200.0,0.0,200.0,1.0,0,1,registrado,registrada,0
3435,P001052,Cliente 185,908400,2025-05-22,20.0,0.0,20.0,1.0,0,1,registrado,registrada,0
3436,P001052,Cliente 185,942100,2025-05-22,150.0,0.0,150.0,1.0,0,1,registrado,registrada,0
3437,P000994,Cliente 203,961600,2025-05-22,250.0,0.0,250.0,1.0,0,1,registrado,registrada,0
3438,P000994,Cliente 203,964000,2025-05-22,50.0,0.0,50.0,1.0,0,1,registrado,registrada,0
3439,P000995,Cliente 203,966800,2025-05-22,2000.0,0.0,2000.0,1.0,0,1,registrado,registrada,0
3440,P001025,Cliente 121,951600,2025-05-22,100.0,0.0,100.0,1.0,0,1,registrado,registrada,0
3441,P001025,Cliente 121,974200,2025-05-22,300.0,0.0,300.0,1.0,0,1,registrado,registrada,0
3442,P001025,Cliente 121,974400,2025-05-22,250.0,0.0,250.0,1.0,0,1,registrado,registrada,0
3443,P001072,Cliente 323,986700,2025-05-22,1.0,0.0,1.0,1.0,0,1,registrado,registrada,0
3444,P001072,Cliente 323,957200,2025-05-22,1.0,0.0,1.0,1.0,0,1,registrado,registrada,0
3445,P001078,Cliente 222,966400,2025-05-22,1.0,0.0,1.0,1.0,0,1,registrado,registrada,0
3446,P001078,Cliente 222,966700,2025-05-22,1.0,0.0,1.0,1.0,0,1,registrado,registrada,0
3447,P001078,Cliente 222,966800,2025-05-22,23.0,0.0,23.0,1.0,0,1,registrado,registrada,0
3448,P001078,Cliente 222,967700,2025-05-22,1.0,0.0,1.0,1.0,0,1,registrado,registrada,0
3449,P001078,Cliente 222,970000,2025-05-22,1.0,0.0,1.0,1.0,0,1,registrado,registrada,0
3450,P001078,Cliente 222,971700,2025-05-22,1.0,0.0,1.0,1.0,0,1,registrado,registrada,0
3451,P001078,Cliente 222,971900,2025-05-22,1.0,0.0,1.0,1.0,0,1,registrado,registrada,0
3452,P001079,Cliente 222,950000,2025-05-22,1.0,0.0,1.0,1.0,0,1,registrado,registrada,0
3453,P000020,Cliente 365,968900,2025-05-23,3.0,0.0,3.0,1.0,0,1,registrado,registrada,0
3454,P000020,Cliente 365,966500,2025-05-23,20.0,0.0,20.0,1.0,0,1,registrado,registrada,0
3455,P000020,Cliente 365,966700,2025-05-23,524.0,0.0,524.0,1.0,0,1,registrado,registrada,0
3456,P000020,Cliente 365,966800,2025-05-23,6375.0,2.375,6377.375,0.9996275897214764,1,1,registrado,registrada,0
3457,P000020,Cliente 365,990500,2025-05-23,42.0,0.0,42.0,1.0,0,1,registrado,registrada,0
3458,P000020,Cliente 365,970100,2025-05-23,12.0,0.0,12.0,1.0,0,1,registrado,registrada,0
3459,P000020,Cliente 365,975800,2025-05-23,139.0,0.0,139.0,1.0,0,1,registrado,registrada,0
3460,P000020,Cliente 365,966900,2025-05-23,216.0,0.0,216.0,1.0,0,1,registrado,registrada,0
3461,P000020,Cliente 365,967100,2025-05-23,10.0,0.0,10.0,1.0,0,1,registrado,registrada,0
3462,P000020,Cliente 365,967800,2025-05-23,101.0,0.0,101.0,1.0,0,1,registrado,registrada,0
3463,P000020,Cliente 365,967900,2025-05-23,17.0,0.0,17.0,1.0,0,1,registrado,registrada,0
3464,P001039,Cliente 134,949300,2025-05-23,400.0,0.0,400.0,1.0,0,1,registrado,registrada,0
3465,P001053,Cliente 335,950400,2025-05-23,600.0,0.0,600.0,1.0,0,1,registrado,registrada,0
3466,P001054,Cliente 263,900100,2025-05-23,600.0,0.0,600.0,1.0,0,1,estimado_nao_verificado,registrada,0
3467,P001065,Cliente 094,959200,2025-05-23,1.0,0.0,1.0,1.0,0,1,registrado,registrada,0
3468,P001065,Cliente 094,958200,2025-05-23,1.0,0.0,1.0,1.0,0,1,registrado,registrada,0
3469,P001065,Cliente 094,955100,2025-05-23,1.0,0.0,1.0,1.0,0,1,registrado,registrada,0
3470,P001065,Cliente 094,954000,2025-05-23,1.0,0.0,1.0,1.0,0,1,registrado,registrada,0
3471,P001065,Cliente 094,981700,2025-05-23,5.0,0.0,5.0,1.0,0,1,registrado,registrada,0
3472,P000847,Cliente 092,991600,2025-05-24,240.0,0.0,240.0,1.0,0,1,registrado,registrada,0
3473,P001071,Cliente 259,902300,2025-05-24,200.0,0.0,200.0,1.0,0,1,registrado,registrada,0
3474,P001071,Cliente 259,949300,2025-05-24,120.0,0.0,120.0,1.0,0,1,registrado,registrada,0
3475,P001066,Cliente 076,991200,2025-05-24,48.0,0.0,48.0,1.0,0,1,registrado,registrada,0
3476,P001061,Cliente 076,902300,2025-05-24,160.0,0.0,160.0,1.0,0,1,registrado,registrada,0
3477,P001061,Cliente 076,949300,2025-05-24,60.0,0.0,60.0,1.0,0,1,registrado,registrada,0
3478,P001061,Cliente 076,975600,2025-05-24,250.0,0.0,250.0,1.0,0,1,registrado,registrada,0
3479,P001061,Cliente 076,975700,2025-05-24,890.0,0.0,890.0,1.0,0,1,registrado,registrada,0
3480,P001074,Cliente 114,949300,2025-05-26,50.0,0.0,50.0,1.0,0,1,registrado,registrada,0
3481,P001076,Cliente 064,966300,2025-05-26,20.0,0.0,20.0,1.0,0,1,registrado,registrada,0
3482,P001076,Cliente 064,966400,2025-05-26,30.0,0.0,30.0,1.0,0,1,registrado,registrada,0
3483,P001076,Cliente 064,966500,2025-05-26,10.0,0.0,10.0,1.0,0,1,registrado,registrada,0
3484,P001076,Cliente 064,966600,2025-05-26,30.0,0.0,30.0,1.0,0,1,registrado,registrada,0
3485,P001076,Cliente 064,966700,2025-05-26,20.0,0.0,20.0,1.0,0,1,registrado,registrada,0
3486,P001076,Cliente 064,966800,2025-05-26,100.0,0.0,100.0,1.0,0,1,registrado,registrada,0
3487,P001076,Cliente 064,967800,2025-05-26,9.0,0.0,9.0,1.0,0,1,registrado,registrada,0
3488,P001076,Cliente 064,970100,2025-05-26,20.0,0.0,20.0,1.0,0,1,registrado,registrada,0
3489,P001076,Cliente 064,972200,2025-05-26,40.0,0.0,40.0,1.0,0,1,registrado,registrada,0
3490,P001068,Cliente 145,961600,2025-05-26,35.0,0.0,35.0,1.0,0,1,registrado,registrada,0
3491,P001068,Cliente 145,964000,2025-05-26,10.0,0.0,10.0,1.0,0,1,registrado,registrada,0
3492,P001068,Cliente 145,981500,2025-05-26,5.0,0.0,5.0,1.0,0,1,registrado,registrada,0
3493,P001069,Cliente 314,902300,2025-05-26,24.0,0.0,24.0,1.0,0,1,registrado,registrada,0
3494,P001069,Cliente 314,961800,2025-05-26,20.0,0.0,20.0,1.0,0,1,registrado,registrada,0
3495,P001055,Cliente 053,953800,2025-05-26,100.0,0.0,100.0,1.0,0,1,registrado,registrada,0
3496,P001055,Cliente 053,954900,2025-05-26,300.0,0.0,300.0,1.0,0,1,registrado,registrada,0
3497,P001055,Cliente 053,958000,2025-05-26,400.0,0.0,400.0,1.0,0,1,registrado,registrada,0
3498,P001062,Cliente 062,951700,2025-05-26,100.0,0.0,100.0,1.0,0,1,registrado,registrada,0
3499,P001062,Cliente 062,961700,2025-05-26,50.0,0.0,50.0,1.0,0,1,registrado,registrada,0
3500,P001062,Cliente 062,976000,2025-05-26,250.0,0.0,250.0,1.0,0,1,registrado,registrada,0
3501,P001062,Cliente 062,976100,2025-05-26,334.0,0.0,334.0,1.0,0,1,registrado,registrada,0
3502,P001062,Cliente 062,986300,2025-05-26,250.0,0.0,250.0,1.0,0,1,registrado,registrada,0
3503,P001062,Cliente 062,991500,2025-05-26,50.0,0.0,50.0,1.0,0,1,registrado,registrada,0
3504,P001063,Cliente 062,976000,2025-05-26,30.0,0.0,30.0,1.0,0,1,registrado,registrada,0
3505,P001082,Cliente 328,949300,2025-05-26,40.0,0.0,40.0,1.0,0,1,registrado,registrada,0
3506,P001077,Cliente 185,902300,2025-05-27,40.0,0.0,40.0,1.0,0,1,registrado,registrada,0
3507,P001077,Cliente 185,908400,2025-05-27,160.0,0.0,160.0,1.0,0,1,registrado,registrada,0
3508,P001077,Cliente 185,948700,2025-05-27,160.0,0.0,160.0,1.0,0,1,registrado,registrada,0
3509,P001077,Cliente 185,949300,2025-05-27,40.0,0.0,40.0,1.0,0,1,registrado,registrada,0
3510,P001077,Cliente 185,961800,2025-05-27,20.0,0.0,20.0,1.0,0,1,registrado,registrada,0
3511,P001077,Cliente 185,981700,2025-05-27,120.0,0.0,120.0,1.0,0,1,registrado,registrada,0
3512,P000889,Cliente 185,902300,2025-05-27,80.0,0.0,80.0,1.0,0,1,registrado,registrada,0
3513,P000889,Cliente 185,991400,2025-05-27,50.0,0.0,50.0,1.0,0,1,registrado,registrada,0
3514,P001064,Cliente 184,951700,2025-05-27,3.0,0.0,3.0,1.0,0,1,registrado,registrada,0
3515,P001064,Cliente 184,987600,2025-05-27,2.0,0.0,2.0,1.0,0,1,registrado,registrada,0
3516,P001067,Cliente 226,976600,2025-05-27,400.0,0.0,400.0,1.0,0,1,registrado,registrada,0
3517,P001067,Cliente 226,976700,2025-05-27,300.0,0.0,300.0,1.0,0,1,registrado,registrada,0
3518,P001067,Cliente 226,976800,2025-05-27,500.0,0.0,500.0,1.0,0,1,registrado,registrada,0
3521,P000737,Cliente 061,949300,2025-05-28,400.0,0.0,400.0,1.0,0,1,registrado,registrada,0
3522,P001014,Cliente 270,902300,2025-05-28,40.0,0.0,40.0,1.0,0,1,registrado,registrada,0
3523,P001014,Cliente 270,948700,2025-05-28,60.0,0.0,60.0,1.0,0,1,registrado,registrada,0
3524,P001014,Cliente 270,951400,2025-05-28,100.0,0.0,100.0,1.0,0,1,registrado,registrada,0
3525,P001014,Cliente 270,953800,2025-05-28,45.0,0.0,45.0,1.0,0,1,registrado,registrada,0
3526,P001014,Cliente 270,954900,2025-05-28,25.0,0.0,25.0,1.0,0,1,registrado,registrada,0
3527,P001014,Cliente 270,958000,2025-05-28,45.0,0.0,45.0,1.0,0,1,registrado,registrada,0
3528,P001014,Cliente 270,965300,2025-05-28,15.0,0.0,15.0,1.0,0,1,registrado,registrada,0
3529,P001057,Cliente 270,948700,2025-05-28,80.0,0.0,80.0,1.0,0,1,registrado,registrada,0
3530,P001057,Cliente 270,951400,2025-05-28,140.0,0.0,140.0,1.0,0,1,registrado,registrada,0
3531,P001057,Cliente 270,953800,2025-05-28,60.0,0.0,60.0,1.0,0,1,registrado,registrada,0
3532,P001057,Cliente 270,954900,2025-05-28,21.0,0.0,21.0,1.0,0,1,registrado,registrada,0
3533,P001057,Cliente 270,957000,2025-05-28,1.0,0.0,1.0,1.0,0,1,registrado,registrada,0
3534,P001057,Cliente 270,958000,2025-05-28,60.0,0.0,60.0,1.0,0,1,registrado,registrada,0
3535,P001057,Cliente 270,959000,2025-05-28,1.0,0.0,1.0,1.0,0,1,registrado,registrada,0
3536,P001057,Cliente 270,960900,2025-05-28,1.0,0.0,1.0,1.0,0,1,registrado,registrada,0
3537,P001057,Cliente 270,965300,2025-05-28,20.0,0.0,20.0,1.0,0,1,registrado,registrada,0
3538,P001070,Cliente 270,902300,2025-05-28,40.0,0.0,40.0,1.0,0,1,registrado,registrada,0
3539,P001070,Cliente 270,949300,2025-05-28,80.0,0.0,80.0,1.0,0,1,registrado,registrada,0
3540,P001070,Cliente 270,951400,2025-05-28,80.0,0.0,80.0,1.0,0,1,registrado,registrada,0
3541,P001056,Cliente 024,959000,2025-05-28,20.0,0.0,20.0,1.0,0,1,registrado,registrada,0
3542,P001056,Cliente 024,963400,2025-05-28,50.0,0.0,50.0,1.0,0,1,registrado,registrada,0
3543,P001056,Cliente 024,965300,2025-05-28,150.0,0.0,150.0,1.0,0,1,registrado,registrada,0
3544,P001075,Cliente 024,954900,2025-05-28,150.0,0.0,150.0,1.0,0,1,registrado,registrada,0
3545,P001075,Cliente 024,962100,2025-05-28,150.0,0.0,150.0,1.0,0,1,registrado,registrada,0
3546,P001075,Cliente 024,963400,2025-05-28,60.0,0.0,60.0,1.0,0,1,registrado,registrada,0
3549,P000024,Cliente 357,961600,2025-05-28,3.0,0.0,3.0,1.0,0,1,registrado,registrada,0
3550,P000024,Cliente 357,964800,2025-05-28,3.0,0.0,3.0,1.0,0,1,registrado,registrada,0
3551,P000024,Cliente 357,959400,2025-05-28,2.0,0.0,2.0,1.0,0,1,registrado,registrada,0
3552,P000024,Cliente 357,958400,2025-05-28,3.0,0.0,3.0,1.0,0,1,registrado,registrada,0
3553,P000024,Cliente 357,957400,2025-05-28,2.0,0.0,2.0,1.0,0,1,registrado,registrada,0
3554,P000024,Cliente 357,960200,2025-05-28,2.0,0.0,2.0,1.0,0,1,registrado,registrada,0
3555,P000024,Cliente 357,955300,2025-05-28,2.0,0.0,2.0,1.0,0,1,registrado,registrada,0
3556,P000024,Cliente 357,954200,2025-05-28,2.0,0.0,2.0,1.0,0,1,registrado,registrada,0
3557,P000024,Cliente 357,963900,2025-05-28,1.0,0.0,1.0,1.0,0,1,registrado,registrada,0
3558,P000024,Cliente 357,964000,2025-05-28,2.0,0.0,2.0,1.0,0,1,registrado,registrada,0
3559,P000024,Cliente 357,961000,2025-05-28,24.0,0.0,24.0,1.0,0,1,registrado,registrada,0
3560,P000024,Cliente 357,971500,2025-05-28,2.0,0.0,2.0,1.0,0,1,registrado,registrada,0
3561,P000024,Cliente 357,972200,2025-05-28,18.0,0.0,18.0,1.0,0,1,registrado,registrada,0
3562,P000024,Cliente 357,966200,2025-05-28,64.0,0.0,64.0,1.0,0,1,registrado,registrada,0
3563,P000024,Cliente 357,966300,2025-05-28,31.0,0.0,31.0,1.0,0,1,registrado,registrada,0
3564,P000024,Cliente 357,966400,2025-05-28,74.0,0.0,74.0,1.0,0,1,registrado,registrada,0
3565,P000024,Cliente 357,966500,2025-05-28,21.0,0.0,21.0,1.0,0,1,registrado,registrada,0
3566,P000024,Cliente 357,966600,2025-05-28,63.0,0.0,63.0,1.0,0,1,registrado,registrada,0
3567,P000024,Cliente 357,966700,2025-05-28,29.0,0.0,29.0,1.0,0,1,registrado,registrada,0
3568,P000024,Cliente 357,966800,2025-05-28,1530.0,0.0,1530.0,1.0,0,1,registrado,registrada,0
3569,P000024,Cliente 357,970200,2025-05-28,4.0,0.0,4.0,1.0,0,1,registrado,registrada,0
3570,P000024,Cliente 357,967100,2025-05-28,16.0,0.0,16.0,1.0,0,1,registrado,registrada,0
3571,P000504,Cliente 095,974600,2025-05-28,832.0,0.0,832.0,1.0,0,1,registrado,registrada,0
3572,P000504,Cliente 095,974700,2025-05-28,1040.0,0.0,1040.0,1.0,0,1,registrado,registrada,0
3573,P000504,Cliente 095,975000,2025-05-28,416.0,0.0,416.0,1.0,0,1,registrado,registrada,0
3574,P000978,Cliente 061,950400,2025-05-29,400.0,0.0,400.0,1.0,0,1,registrado,registrada,0
3575,P000961,Cliente 265,902300,2025-05-29,160.0,0.0,160.0,1.0,0,1,registrado,registrada,0
3576,P001073,Cliente 201,902300,2025-05-29,24.0,0.0,24.0,1.0,0,1,registrado,registrada,0
3577,P001073,Cliente 201,948700,2025-05-29,36.0,0.0,36.0,1.0,0,1,registrado,registrada,0
3578,P001073,Cliente 201,961800,2025-05-29,16.0,0.0,16.0,1.0,0,1,registrado,registrada,0
3579,P001073,Cliente 201,981700,2025-05-29,16.0,0.0,16.0,1.0,0,1,registrado,registrada,0
3580,P000938,Cliente 066,902300,2025-05-29,400.0,0.0,400.0,1.0,0,1,registrado,registrada,0
3581,P000023,Cliente 365,969600,2025-05-30,18.0,0.0,18.0,1.0,0,1,registrado,registrada,0
3582,P000023,Cliente 365,969400,2025-05-30,1.0,0.0,1.0,1.0,0,1,registrado,registrada,0
3583,P000023,Cliente 365,968900,2025-05-30,18.0,0.0,18.0,1.0,0,1,registrado,registrada,0
3584,P000023,Cliente 365,971700,2025-05-30,7.0,0.0,7.0,1.0,0,1,registrado,registrada,0
3585,P000023,Cliente 365,966500,2025-05-30,45.0,0.0,45.0,1.0,0,1,registrado,registrada,0
3586,P000023,Cliente 365,966600,2025-05-30,31.0,0.0,31.0,1.0,0,1,registrado,registrada,0
3587,P000023,Cliente 365,966700,2025-05-30,407.0,0.0,407.0,1.0,0,1,registrado,registrada,0
3588,P000023,Cliente 365,966800,2025-05-30,5793.0,0.0,5793.0,1.0,0,1,registrado,registrada,0
3589,P000023,Cliente 365,990500,2025-05-30,83.0,0.0,83.0,1.0,0,1,registrado,registrada,0
3590,P000023,Cliente 365,970100,2025-05-30,52.0,0.0,52.0,1.0,0,1,registrado,registrada,0
3591,P000023,Cliente 365,970500,2025-05-30,2.0,0.0,2.0,1.0,0,1,registrado,registrada,0
3592,P000023,Cliente 365,975800,2025-05-30,355.0,0.0,355.0,1.0,0,1,registrado,registrada,0
3593,P000023,Cliente 365,966900,2025-05-30,60.0,0.0,60.0,1.0,0,1,registrado,registrada,0
3594,P000023,Cliente 365,967100,2025-05-30,80.0,0.0,80.0,1.0,0,1,registrado,registrada,0
3595,P000023,Cliente 365,967800,2025-05-30,111.0,0.0,111.0,1.0,0,1,registrado,registrada,0
3596,P000023,Cliente 365,967900,2025-05-30,93.0,0.0,93.0,1.0,0,1,registrado,registrada,0
3597,P001092,Cliente 107,949300,2025-05-29,4.0,0.0,4.0,1.0,0,1,registrado,registrada,0
3598,P001093,Cliente 132,991700,2025-05-30,2500.0,0.0,2500.0,1.0,0,1,registrado,registrada,0
3599,P001087,Cliente 334,961600,2025-05-30,50.0,0.0,50.0,1.0,0,1,registrado,registrada,0
3600,P001087,Cliente 334,981500,2025-05-30,10.0,0.0,10.0,1.0,0,1,registrado,registrada,0
3601,P001080,Cliente 088,902300,2025-05-30,1000.0,0.0,1000.0,1.0,0,1,estimado_nao_verificado,registrada,0
3602,P001112,Cliente 053,951600,2025-06-11,1000.0,0.0,1000.0,1.0,0,1,registrado,registrada,0
3603,P001117,Cliente 076,902300,2025-06-11,40.0,0.0,40.0,1.0,0,1,registrado,registrada,0
3604,P001117,Cliente 076,949300,2025-06-11,40.0,0.0,40.0,1.0,0,1,registrado,registrada,0
3605,P001117,Cliente 076,975600,2025-06-11,998.0,0.0,998.0,1.0,0,1,registrado,registrada,0
3606,P001117,Cliente 076,975700,2025-06-11,883.0,0.0,883.0,1.0,0,1,registrado,registrada,0
3607,P001118,Cliente 076,991200,2025-06-11,52.0,0.0,52.0,1.0,0,1,registrado,registrada,0
3608,P001119,Cliente 256,900300,2025-06-11,25000.0,0.0,25000.0,1.0,0,1,estimado_nao_verificado,registrada,0
3609,P001126,Cliente 062,976000,2025-06-11,371.0,91.0,462.0,0.803030303030303,1,1,registrado,registrada,0
3610,P001126,Cliente 062,986300,2025-06-11,384.0,34.0,418.0,0.9186602870813397,1,1,registrado,registrada,0
3611,P001107,Cliente 136,953800,2025-06-11,30.0,0.0,30.0,1.0,0,1,registrado,registrada,0
3612,P001107,Cliente 136,954900,2025-06-11,40.0,0.0,40.0,1.0,0,1,registrado,registrada,0
3613,P001107,Cliente 136,957000,2025-06-11,30.0,0.0,30.0,1.0,0,1,registrado,registrada,0
3614,P001107,Cliente 136,958000,2025-06-11,50.0,0.0,50.0,1.0,0,1,registrado,registrada,0
3615,P001107,Cliente 136,961800,2025-06-11,8.0,0.0,8.0,1.0,0,1,registrado,registrada,0
3616,P001124,Cliente 332,949300,2025-06-11,20.0,0.0,20.0,1.0,0,1,registrado,registrada,0
3617,P001125,Cliente 350,902300,2025-06-11,16.0,0.0,16.0,1.0,0,1,registrado,registrada,0
3618,P001125,Cliente 350,948700,2025-06-11,4.0,0.0,4.0,1.0,0,1,registrado,registrada,0
3619,P001114,Cliente 238,954200,2025-06-11,20.0,0.0,20.0,1.0,0,1,registrado,registrada,0
3620,P001114,Cliente 238,955300,2025-06-11,10.0,0.0,10.0,1.0,0,1,registrado,registrada,0
3621,P001114,Cliente 238,957400,2025-06-11,10.0,0.0,10.0,1.0,0,1,registrado,registrada,0
3622,P001114,Cliente 238,958400,2025-06-11,20.0,0.0,20.0,1.0,0,1,registrado,registrada,0
3623,P001114,Cliente 238,959400,2025-06-11,15.0,0.0,15.0,1.0,0,1,registrado,registrada,0
3624,P001114,Cliente 238,960200,2025-06-11,5.0,0.0,5.0,1.0,0,1,registrado,registrada,0
3625,P001114,Cliente 238,964800,2025-06-11,20.0,0.0,20.0,1.0,0,1,registrado,registrada,0
3626,P001116,Cliente 344,949300,2025-06-11,120.0,0.0,120.0,1.0,0,1,registrado,registrada,0
3627,P001123,Cliente 008,966800,2025-06-11,50.0,0.0,50.0,1.0,0,1,registrado,registrada,0
3628,P000506,Cliente 095,974600,2025-06-12,832.0,0.0,832.0,1.0,0,1,registrado,registrada,0
3629,P000506,Cliente 095,974700,2025-06-12,1040.0,0.0,1040.0,1.0,0,1,registrado,registrada,0
3630,P000506,Cliente 095,975000,2025-06-12,416.0,0.0,416.0,1.0,0,1,registrado,registrada,0
3631,P000025,Cliente 365,961600,2025-06-13,2.0,0.0,2.0,1.0,0,1,registrado,registrada,0
3632,P000025,Cliente 365,964800,2025-06-13,1.0,0.0,1.0,1.0,0,1,registrado,registrada,0
3633,P000025,Cliente 365,965000,2025-06-13,1.0,0.0,1.0,1.0,0,1,registrado,registrada,0
3634,P000025,Cliente 365,954200,2025-06-13,1.0,0.0,1.0,1.0,0,1,registrado,registrada,0
3635,P000025,Cliente 365,950000,2025-06-13,1.0,0.0,1.0,1.0,0,1,registrado,registrada,0
3636,P000025,Cliente 365,961000,2025-06-13,1.0,0.0,1.0,1.0,0,1,registrado,registrada,0
3637,P000025,Cliente 365,969600,2025-06-13,30.0,0.0,30.0,1.0,0,1,registrado,registrada,0
3638,P000025,Cliente 365,969400,2025-06-13,29.0,0.0,29.0,1.0,0,1,registrado,registrada,0
3639,P000025,Cliente 365,968900,2025-06-13,15.0,0.0,15.0,1.0,0,1,registrado,registrada,0
3640,P000025,Cliente 365,971700,2025-06-13,16.0,0.0,16.0,1.0,0,1,registrado,registrada,0
3641,P000025,Cliente 365,966500,2025-06-13,55.0,0.0,55.0,1.0,0,1,registrado,registrada,0
3642,P000025,Cliente 365,966600,2025-06-13,40.0,0.0,40.0,1.0,0,1,registrado,registrada,0
3643,P000025,Cliente 365,966700,2025-06-13,412.0,0.0,412.0,1.0,0,1,registrado,registrada,0
3644,P000025,Cliente 365,966800,2025-06-13,5410.0,0.0,5410.0,1.0,0,1,registrado,registrada,0
3645,P000025,Cliente 365,990500,2025-06-13,89.0,0.0,89.0,1.0,0,1,registrado,registrada,0
3646,P000025,Cliente 365,970100,2025-06-13,39.0,0.0,39.0,1.0,0,1,registrado,registrada,0
3647,P000025,Cliente 365,970500,2025-06-13,8.0,0.0,8.0,1.0,0,1,registrado,registrada,0
3648,P000025,Cliente 365,975800,2025-06-13,95.0,0.0,95.0,1.0,0,1,registrado,registrada,0
3649,P000025,Cliente 365,966900,2025-06-13,5.0,0.0,5.0,1.0,0,1,registrado,registrada,0
3650,P000025,Cliente 365,967100,2025-06-13,61.0,0.0,61.0,1.0,0,1,registrado,registrada,0
3651,P000025,Cliente 365,967800,2025-06-13,82.0,0.0,82.0,1.0,0,1,registrado,registrada,0
3652,P000025,Cliente 365,967900,2025-06-13,92.0,0.0,92.0,1.0,0,1,registrado,registrada,0
3653,P001131,Cliente 071,950400,2025-06-13,300.0,0.0,300.0,1.0,0,1,registrado,registrada,0
3654,P001145,Cliente 259,902300,2025-06-13,240.0,0.0,240.0,1.0,0,1,registrado,registrada,0
3655,P001145,Cliente 259,949300,2025-06-13,240.0,0.0,240.0,1.0,0,1,registrado,registrada,0
3656,P001031,Cliente 183,948700,2025-06-13,600.0,0.0,600.0,1.0,0,1,registrado,registrada,0
3657,P001115,Cliente 062,953200,2025-06-13,100.0,0.0,100.0,1.0,0,1,estimado_nao_verificado,registrada,0
3658,P001115,Cliente 062,961700,2025-06-13,50.0,0.0,50.0,1.0,0,1,estimado_nao_verificado,registrada,0
3659,P001115,Cliente 062,976000,2025-06-13,1000.0,0.0,1000.0,1.0,0,1,estimado_nao_verificado,registrada,0
3660,P001115,Cliente 062,986300,2025-06-13,334.0,0.0,334.0,1.0,0,1,estimado_nao_verificado,registrada,0
3661,P001146,Cliente 305,902300,2025-06-14,1280.0,0.0,1280.0,1.0,0,1,registrado,registrada,0
3662,P001091,Cliente 055,966800,2025-06-14,100.0,0.0,100.0,1.0,0,1,estimado_nao_verificado,registrada,0
3663,P001111,Cliente 223,953800,2025-06-14,10.0,0.0,10.0,1.0,0,1,registrado,registrada,0
3664,P001111,Cliente 223,954900,2025-06-14,20.0,0.0,20.0,1.0,0,1,registrado,registrada,0
3665,P001111,Cliente 223,957000,2025-06-14,15.0,0.0,15.0,1.0,0,1,registrado,registrada,0
3666,P001111,Cliente 223,958000,2025-06-14,20.0,0.0,20.0,1.0,0,1,registrado,registrada,0
3667,P001095,Cliente 185,942100,2025-06-14,400.0,0.0,400.0,1.0,0,1,registrado,registrada,0
3668,P001095,Cliente 185,948700,2025-06-14,150.0,0.0,150.0,1.0,0,1,registrado,registrada,0
3669,P001095,Cliente 185,949300,2025-06-14,40.0,0.0,40.0,1.0,0,1,registrado,registrada,0
3670,P001095,Cliente 185,961800,2025-06-14,20.0,0.0,20.0,1.0,0,1,registrado,registrada,0
3671,P001095,Cliente 185,981700,2025-06-14,80.0,0.0,80.0,1.0,0,1,registrado,registrada,0
3672,P001148,Cliente 185,966800,2025-06-14,200.0,0.0,200.0,1.0,0,1,estimado_nao_verificado,registrada,0
3673,P001149,Cliente 185,908400,2025-06-14,40.0,0.0,40.0,1.0,0,1,registrado,registrada,0
3674,P001149,Cliente 185,991400,2025-06-14,100.0,0.0,100.0,1.0,0,1,registrado,registrada,0
3675,P001035,Cliente 117,950000,2025-06-14,100.0,0.0,100.0,1.0,0,1,registrado,registrada,0
3676,P001035,Cliente 117,961600,2025-06-14,700.0,0.0,700.0,1.0,0,1,registrado,registrada,0
3677,P001035,Cliente 117,964000,2025-06-14,620.0,0.0,620.0,1.0,0,1,registrado,registrada,0
3678,P001035,Cliente 117,981500,2025-06-14,30.0,0.0,30.0,1.0,0,1,registrado,registrada,0
3679,P001132,Cliente 024,987300,2025-06-14,200.0,0.0,200.0,1.0,0,1,registrado,registrada,0
3680,P001088,Cliente 151,982700,2025-06-14,200.0,0.0,200.0,1.0,0,1,registrado,registrada,0
3681,P001106,Cliente 321,987400,2025-06-14,23.0,0.0,23.0,1.0,0,1,registrado,registrada,0
3682,P001105,Cliente 321,987400,2025-06-14,50.0,0.0,50.0,1.0,0,1,registrado,registrada,0
3683,P001147,Cliente 011,958000,2025-06-14,1.0,0.0,1.0,1.0,0,1,registrado,registrada,0
3684,P001147,Cliente 011,957000,2025-06-14,1.0,0.0,1.0,1.0,0,1,registrado,registrada,0
3685,P001147,Cliente 011,954900,2025-06-14,1.0,0.0,1.0,1.0,0,1,registrado,registrada,0
3686,P001147,Cliente 011,953800,2025-06-14,1.0,0.0,1.0,1.0,0,1,registrado,registrada,0
3687,P001134,Cliente 019,954200,2025-06-16,3.0,0.0,3.0,1.0,0,1,registrado,registrada,0
3688,P001134,Cliente 019,955300,2025-06-16,3.0,0.0,3.0,1.0,0,1,registrado,registrada,0
3689,P001134,Cliente 019,958400,2025-06-16,3.0,0.0,3.0,1.0,0,1,registrado,registrada,0
3690,P001134,Cliente 019,964800,2025-06-16,5.0,0.0,5.0,1.0,0,1,registrado,registrada,0
3691,P001133,Cliente 019,966200,2025-06-16,5.0,0.0,5.0,1.0,0,1,registrado,registrada,0
3692,P001133,Cliente 019,966800,2025-06-16,50.0,0.0,50.0,1.0,0,1,registrado,registrada,0
3693,P001102,Cliente 061,950400,2025-06-16,400.0,0.0,400.0,1.0,0,1,registrado,registrada,0
3694,P001158,Cliente 024,948600,2025-06-17,250.0,0.0,250.0,1.0,0,1,registrado,registrada,0
3695,P001158,Cliente 024,953800,2025-06-17,75.0,0.0,75.0,1.0,0,1,registrado,registrada,0
3696,P001158,Cliente 024,954900,2025-06-17,50.0,0.0,50.0,1.0,0,1,registrado,registrada,0
3697,P001158,Cliente 024,957000,2025-06-17,25.0,0.0,25.0,1.0,0,1,registrado,registrada,0
3698,P001158,Cliente 024,958000,2025-06-17,170.0,0.0,170.0,1.0,0,1,registrado,registrada,0
3699,P001158,Cliente 024,962100,2025-06-17,150.0,0.0,150.0,1.0,0,1,registrado,registrada,0
3700,P001158,Cliente 024,963400,2025-06-17,40.0,0.0,40.0,1.0,0,1,registrado,registrada,0
3701,P001108,Cliente 121,974100,2025-06-17,101.0,0.0,101.0,1.0,0,1,registrado,registrada,0
3702,P001108,Cliente 121,974200,2025-06-17,300.0,0.0,300.0,1.0,0,1,registrado,registrada,0
3703,P000505,Cliente 095,974600,2025-06-17,832.0,0.0,832.0,1.0,0,1,registrado,registrada,0
3704,P000505,Cliente 095,974700,2025-06-17,1040.0,0.0,1040.0,1.0,0,1,registrado,registrada,0
3705,P000505,Cliente 095,975000,2025-06-17,416.0,0.0,416.0,1.0,0,1,registrado,registrada,0
3706,P001169,Cliente 244,966800,2025-06-17,120.0,0.0,120.0,1.0,0,1,registrado,registrada,0
3707,P001104,Cliente 061,949300,2025-06-17,400.0,0.0,400.0,1.0,0,1,registrado,registrada,0
3708,P001103,Cliente 061,950400,2025-06-17,400.0,0.0,400.0,1.0,0,1,registrado,registrada,0
3709,P001159,Cliente 053,902300,2025-06-18,240.0,0.0,240.0,1.0,0,1,registrado,registrada,0
3710,P001159,Cliente 053,953800,2025-06-18,400.0,0.0,400.0,1.0,0,1,registrado,registrada,0
3711,P001159,Cliente 053,954900,2025-06-18,200.0,0.0,200.0,1.0,0,1,registrado,registrada,0
3712,P001159,Cliente 053,958000,2025-06-18,200.0,0.0,200.0,1.0,0,1,registrado,registrada,0
3713,P001159,Cliente 053,962100,2025-06-18,50.0,0.0,50.0,1.0,0,1,registrado,registrada,0
3714,P001135,Cliente 203,966800,2025-06-18,,0.0,,,0,0,registrado,registrada,0
3715,P001136,Cliente 203,961600,2025-06-18,450.0,0.0,450.0,1.0,0,1,registrado,registrada,0
3716,P001136,Cliente 203,964000,2025-06-18,150.0,0.0,150.0,1.0,0,1,registrado,registrada,0
3717,P001170,Cliente 090,981600,2025-06-18,3.0,0.0,3.0,1.0,0,1,registrado,registrada,0
3718,P001168,Cliente 323,961000,2025-06-18,4.0,0.0,4.0,1.0,0,1,registrado,registrada,0
3719,P001156,Cliente 062,976000,2025-06-19,480.0,160.0,640.0,0.75,1,1,registrado,registrada,0
3720,P001156,Cliente 062,986300,2025-06-19,600.0,350.0,950.0,0.631578947368421,1,1,registrado,registrada,0
3721,P001156,Cliente 062,990200,2025-06-19,100.0,0.0,100.0,1.0,0,1,registrado,registrada,0
3722,P001156,Cliente 062,990300,2025-06-19,150.0,100.0,250.0,0.6,1,1,registrado,registrada,0
3723,P001113,Cliente 315,902300,2025-06-20,1000.0,0.0,1000.0,1.0,0,1,registrado,registrada,0
3724,P001113,Cliente 315,951400,2025-06-20,100.0,0.0,100.0,1.0,0,1,registrado,registrada,0
3725,P001113,Cliente 315,961800,2025-06-20,100.0,0.0,100.0,1.0,0,1,registrado,registrada,0
3726,P000507,Cliente 095,974600,2025-06-20,832.0,0.0,832.0,1.0,0,1,registrado,registrada,0
3727,P000507,Cliente 095,974700,2025-06-20,1040.0,0.0,1040.0,1.0,0,1,registrado,registrada,0
3728,P000507,Cliente 095,975000,2025-06-20,416.0,0.0,416.0,1.0,0,1,registrado,registrada,0
3729,P001165,Cliente 161,951600,2025-06-20,150.0,0.0,150.0,1.0,0,1,registrado,registrada,0
3730,P001165,Cliente 161,959900,2025-06-20,60.0,0.0,60.0,1.0,0,1,registrado,registrada,0
3731,P001151,Cliente 012,902300,2025-06-20,12.0,0.0,12.0,1.0,0,1,registrado,registrada,0
3732,P001151,Cliente 012,948700,2025-06-20,30.0,0.0,30.0,1.0,0,1,registrado,registrada,0
3733,P001151,Cliente 012,961800,2025-06-20,20.0,0.0,20.0,1.0,0,1,registrado,registrada,0
3734,P001151,Cliente 012,981700,2025-06-20,18.0,0.0,18.0,1.0,0,1,registrado,registrada,0
3735,P001174,Cliente 172,981700,2025-06-20,1.0,0.0,1.0,1.0,0,1,registrado,registrada,0
3736,P001097,Cliente 169,949300,2025-06-20,400.0,0.0,400.0,1.0,0,1,registrado,registrada,0
3737,P001097,Cliente 169,961600,2025-06-20,4.0,0.0,4.0,1.0,0,1,registrado,registrada,0
3738,P001154,Cliente 114,949300,2025-06-20,50.0,0.0,50.0,1.0,0,1,registrado,registrada,0
3739,P001140,Cliente 064,966200,2025-06-20,20.0,0.0,20.0,1.0,0,1,registrado,registrada,0
3740,P001140,Cliente 064,966300,2025-06-20,10.0,0.0,10.0,1.0,0,1,registrado,registrada,0
3741,P001140,Cliente 064,966400,2025-06-20,10.0,0.0,10.0,1.0,0,1,registrado,registrada,0
3742,P001140,Cliente 064,966600,2025-06-20,20.0,0.0,20.0,1.0,0,1,registrado,registrada,0
3743,P001140,Cliente 064,966800,2025-06-20,100.0,0.0,100.0,1.0,0,1,registrado,registrada,0
3744,P001140,Cliente 064,967800,2025-06-20,10.0,0.0,10.0,1.0,0,1,registrado,registrada,0
3745,P001140,Cliente 064,968900,2025-06-20,15.0,0.0,15.0,1.0,0,1,registrado,registrada,0
3746,P001140,Cliente 064,969000,2025-06-20,10.0,0.0,10.0,1.0,0,1,registrado,registrada,0
3747,P001140,Cliente 064,970200,2025-06-20,10.0,0.0,10.0,1.0,0,1,registrado,registrada,0
3748,P001140,Cliente 064,971300,2025-06-20,10.0,0.0,10.0,1.0,0,1,registrado,registrada,0
3749,P001140,Cliente 064,972200,2025-06-20,40.0,0.0,40.0,1.0,0,1,registrado,registrada,0
3750,P001140,Cliente 064,990500,2025-06-20,10.0,0.0,10.0,1.0,0,1,registrado,registrada,0
3752,P000028,Cliente 362,968900,2025-06-20,7.0,0.0,7.0,1.0,0,1,registrado,registrada,0
3753,P000028,Cliente 362,972200,2025-06-20,128.0,0.0,128.0,1.0,0,1,registrado,registrada,0
3754,P000028,Cliente 362,966200,2025-06-20,18.0,0.0,18.0,1.0,0,1,registrado,registrada,0
3755,P000028,Cliente 362,966300,2025-06-20,22.0,0.0,22.0,1.0,0,1,registrado,registrada,0
3756,P000028,Cliente 362,966400,2025-06-20,22.0,0.0,22.0,1.0,0,1,registrado,registrada,0
3757,P000028,Cliente 362,966500,2025-06-20,2.0,0.0,2.0,1.0,0,1,registrado,registrada,0
3758,P000028,Cliente 362,966600,2025-06-20,22.0,0.0,22.0,1.0,0,1,registrado,registrada,0
3759,P000028,Cliente 362,966700,2025-06-20,11.0,0.0,11.0,1.0,0,1,registrado,registrada,0
3760,P000028,Cliente 362,966800,2025-06-20,781.0,0.0,781.0,1.0,0,1,registrado,registrada,0
3761,P000028,Cliente 362,990500,2025-06-20,7.0,0.0,7.0,1.0,0,1,registrado,registrada,0
3762,P000028,Cliente 362,970100,2025-06-20,5.0,0.0,5.0,1.0,0,1,registrado,registrada,0
3763,P000028,Cliente 362,970200,2025-06-20,13.0,0.0,13.0,1.0,0,1,registrado,registrada,0
3764,P000028,Cliente 362,967800,2025-06-20,5.0,0.0,5.0,1.0,0,1,registrado,registrada,0
3766,P001155,Cliente 331,948700,2025-06-20,20.0,0.0,20.0,1.0,0,1,registrado,registrada,0
3767,P001155,Cliente 331,951400,2025-06-20,20.0,0.0,20.0,1.0,0,1,registrado,registrada,0
3768,P001155,Cliente 331,961800,2025-06-20,16.0,0.0,16.0,1.0,0,1,registrado,registrada,0
3769,P001155,Cliente 331,981700,2025-06-20,16.0,0.0,16.0,1.0,0,1,registrado,registrada,0
3770,P000026,Cliente 363,961000,2025-06-20,8.0,0.0,8.0,1.0,0,1,registrado,registrada,0
3771,P000026,Cliente 363,968900,2025-06-20,7.0,0.0,7.0,1.0,0,1,registrado,registrada,0
3772,P000026,Cliente 363,972200,2025-06-20,44.0,0.0,44.0,1.0,0,1,registrado,registrada,0
3773,P000026,Cliente 363,966200,2025-06-20,25.0,0.0,25.0,1.0,0,1,registrado,registrada,0
3774,P000026,Cliente 363,966300,2025-06-20,25.0,0.0,25.0,1.0,0,1,registrado,registrada,0
3775,P000026,Cliente 363,966400,2025-06-20,25.0,0.0,25.0,1.0,0,1,registrado,registrada,0
3776,P000026,Cliente 363,966500,2025-06-20,2.0,0.0,2.0,1.0,0,1,registrado,registrada,0
3777,P000026,Cliente 363,966600,2025-06-20,26.0,0.0,26.0,1.0,0,1,registrado,registrada,0
3778,P000026,Cliente 363,966700,2025-06-20,3.0,0.0,3.0,1.0,0,1,registrado,registrada,0
3779,P000026,Cliente 363,966800,2025-06-20,142.0,0.0,142.0,1.0,0,1,registrado,registrada,0
3780,P000026,Cliente 363,990500,2025-06-20,7.0,0.0,7.0,1.0,0,1,registrado,registrada,0
3781,P000026,Cliente 363,970100,2025-06-20,7.0,0.0,7.0,1.0,0,1,registrado,registrada,0
3782,P000026,Cliente 363,967800,2025-06-20,7.0,0.0,7.0,1.0,0,1,registrado,registrada,0
3783,P001167,Cliente 300,953800,2025-06-20,7.0,0.0,7.0,1.0,0,1,registrado,registrada,0
3784,P001167,Cliente 300,954900,2025-06-20,7.0,0.0,7.0,1.0,0,1,registrado,registrada,0
3785,P001167,Cliente 300,957000,2025-06-20,7.0,0.0,7.0,1.0,0,1,registrado,registrada,0
3786,P001167,Cliente 300,958000,2025-06-20,7.0,0.0,7.0,1.0,0,1,registrado,registrada,0
3787,P001167,Cliente 300,965300,2025-06-20,7.0,0.0,7.0,1.0,0,1,registrado,registrada,0
3788,P001150,Cliente 176,953200,2025-06-20,80.0,0.0,80.0,1.0,0,1,registrado,registrada,0
3789,P001180,Cliente 013,961800,2025-06-23,2.0,0.0,2.0,1.0,0,1,registrado,registrada,0
3790,P001180,Cliente 013,981700,2025-06-23,18.0,0.0,18.0,1.0,0,1,registrado,registrada,0
3791,P001178,Cliente 013,967800,2025-06-23,5.0,0.0,5.0,1.0,0,1,registrado,registrada,0
3792,P001178,Cliente 013,968900,2025-06-23,5.0,0.0,5.0,1.0,0,1,registrado,registrada,0
3793,P001183,Cliente 106,966600,2025-06-23,15.0,0.0,15.0,1.0,0,1,registrado,registrada,0
3794,P001096,Cliente 319,950000,2025-06-23,7.0,0.0,7.0,1.0,0,1,registrado,registrada,0
3795,P001096,Cliente 319,961600,2025-06-23,20.0,0.0,20.0,1.0,0,1,registrado,registrada,0
3796,P001096,Cliente 319,964000,2025-06-23,20.0,0.0,20.0,1.0,0,1,registrado,registrada,0
3797,P001121,Cliente 215,950000,2025-06-23,10.0,0.0,10.0,1.0,0,1,registrado,registrada,0
3798,P001121,Cliente 215,961600,2025-06-23,25.0,0.0,25.0,1.0,0,1,registrado,registrada,0
3799,P001121,Cliente 215,964000,2025-06-23,10.0,0.0,10.0,1.0,0,1,registrado,registrada,0
3800,P001121,Cliente 215,981500,2025-06-23,10.0,0.0,10.0,1.0,0,1,registrado,registrada,0
3801,P001153,Cliente 174,952600,2025-06-23,9.0,0.0,9.0,1.0,0,1,registrado,registrada,0
3802,P001153,Cliente 174,953800,2025-06-23,1.0,0.0,1.0,1.0,0,1,registrado,registrada,0
3803,P001153,Cliente 174,954900,2025-06-23,4.0,0.0,4.0,1.0,0,1,registrado,registrada,0
3804,P001153,Cliente 174,957000,2025-06-23,2.0,0.0,2.0,1.0,0,1,registrado,registrada,0
3805,P001153,Cliente 174,958000,2025-06-23,10.0,0.0,10.0,1.0,0,1,registrado,registrada,0
3806,P001153,Cliente 174,959000,2025-06-23,6.0,0.0,6.0,1.0,0,1,registrado,registrada,0
3807,P001153,Cliente 174,959900,2025-06-23,3.0,0.0,3.0,1.0,0,1,registrado,registrada,0
3808,P001153,Cliente 174,962100,2025-06-23,4.0,0.0,4.0,1.0,0,1,registrado,registrada,0
3809,P001153,Cliente 174,965300,2025-06-23,6.0,0.0,6.0,1.0,0,1,registrado,registrada,0
3810,P001081,Cliente 199,950000,2025-06-23,2.0,0.0,2.0,1.0,0,1,registrado,registrada,0
3811,P001138,Cliente 199,966900,2025-06-23,30.0,0.0,30.0,1.0,0,1,registrado,registrada,0
3812,P001139,Cliente 199,950000,2025-06-23,2.0,0.0,2.0,1.0,0,1,registrado,registrada,0
3813,P001142,Cliente 197,961600,2025-06-23,50.0,0.0,50.0,1.0,0,1,registrado,registrada,0
3814,P001142,Cliente 197,964000,2025-06-23,30.0,0.0,30.0,1.0,0,1,registrado,registrada,0
3815,P001142,Cliente 197,981500,2025-06-23,5.0,0.0,5.0,1.0,0,1,registrado,registrada,0
3816,P001137,Cliente 208,961600,2025-06-23,60.0,0.0,60.0,1.0,0,1,registrado,registrada,0
3817,P001137,Cliente 208,964000,2025-06-23,40.0,0.0,40.0,1.0,0,1,registrado,registrada,0
3818,P001143,Cliente 239,967100,2025-06-23,150.0,0.0,150.0,1.0,0,1,registrado,registrada,0
3819,P000890,Cliente 185,902300,2025-06-23,80.0,80.0,160.0,0.5,1,1,ausente,registrada,0
3820,P000890,Cliente 185,991400,2025-06-23,50.0,0.0,50.0,1.0,0,1,registrado,registrada,0
3821,P000699,Cliente 185,942100,2025-06-23,500.0,0.0,500.0,1.0,0,1,registrado,registrada,0
3822,P000699,Cliente 185,948700,2025-06-23,160.0,120.0,280.0,0.5714285714285714,1,1,registrado,registrada,0
3823,P000699,Cliente 185,949300,2025-06-23,40.0,0.0,40.0,1.0,0,1,registrado,registrada,0
3824,P000699,Cliente 185,961800,2025-06-23,40.0,40.0,80.0,0.5,1,1,estimado_nao_verificado,registrada,0
3825,P000699,Cliente 185,963100,2025-06-23,20.0,20.0,40.0,0.5,1,1,estimado_nao_verificado,registrada,0
3826,P001122,Cliente 175,979800,2025-06-24,150.0,0.0,150.0,1.0,0,1,registrado,registrada,0
3827,P001122,Cliente 175,979900,2025-06-24,70.0,0.0,70.0,1.0,0,1,registrado,registrada,0
3828,P001122,Cliente 175,980000,2025-06-24,500.0,0.0,500.0,1.0,0,1,registrado,registrada,0
3829,P001122,Cliente 175,980300,2025-06-24,200.0,0.0,200.0,1.0,0,1,registrado,registrada,0
3830,P001122,Cliente 175,980400,2025-06-24,1000.0,0.0,1000.0,1.0,0,1,registrado,registrada,0
3831,P001122,Cliente 175,980800,2025-06-24,300.0,0.0,300.0,1.0,0,1,registrado,registrada,0
3832,P000029,Cliente 365,900100,2025-06-24,10.0,0.0,10.0,1.0,0,1,registrado,registrada,0
3833,P000029,Cliente 365,948700,2025-06-24,8.0,0.0,8.0,1.0,0,1,registrado,registrada,0
3834,P000029,Cliente 365,969600,2025-06-24,12.0,0.0,12.0,1.0,0,1,registrado,registrada,0
3835,P000029,Cliente 365,969400,2025-06-24,1.0,0.0,1.0,1.0,0,1,registrado,registrada,0
3836,P000029,Cliente 365,968900,2025-06-24,3.0,0.0,3.0,1.0,0,1,registrado,registrada,0
3837,P000029,Cliente 365,966500,2025-06-24,27.0,0.0,27.0,1.0,0,1,registrado,registrada,0
3838,P000029,Cliente 365,966700,2025-06-24,764.0,0.0,764.0,1.0,0,1,registrado,registrada,0
3839,P000029,Cliente 365,966800,2025-06-24,4810.0,0.0,4810.0,1.0,0,1,registrado,registrada,0
3840,P000029,Cliente 365,990500,2025-06-24,104.0,0.0,104.0,1.0,0,1,registrado,registrada,0
3841,P000029,Cliente 365,970100,2025-06-24,35.0,0.0,35.0,1.0,0,1,registrado,registrada,0
3842,P000029,Cliente 365,975800,2025-06-24,184.0,0.0,184.0,1.0,0,1,registrado,registrada,0
3843,P000029,Cliente 365,966900,2025-06-24,23.0,0.0,23.0,1.0,0,1,registrado,registrada,0
3844,P000029,Cliente 365,967100,2025-06-24,13.0,0.0,13.0,1.0,0,1,registrado,registrada,0
3845,P000029,Cliente 365,967800,2025-06-24,163.0,0.0,163.0,1.0,0,1,registrado,registrada,0
3846,P000029,Cliente 365,967900,2025-06-24,83.0,0.0,83.0,1.0,0,1,registrado,registrada,0
3847,P001224,Cliente 222,961000,2025-06-24,1.0,0.0,1.0,1.0,0,1,registrado,registrada,0
3848,P001224,Cliente 222,966800,2025-06-24,32.0,32.0,64.0,0.5,1,1,registrado,registrada,0
3849,P001224,Cliente 222,970000,2025-06-24,1.0,0.0,1.0,1.0,0,1,registrado,registrada,0
3850,P001225,Cliente 222,902100,2025-06-24,1.0,0.0,1.0,1.0,0,1,registrado,registrada,0
3851,P001225,Cliente 222,951300,2025-06-24,1.0,1.0,2.0,0.5,1,1,estimado_nao_verificado,registrada,0
3852,P001225,Cliente 222,958400,2025-06-24,1.0,0.0,1.0,1.0,0,1,registrado,registrada,0
3853,P000502,Cliente 095,974600,2025-06-25,832.0,0.0,832.0,1.0,0,1,registrado,registrada,0
3854,P000502,Cliente 095,974700,2025-06-25,1000.0,0.0,1000.0,1.0,0,1,registrado,registrada,0
3855,P000502,Cliente 095,975000,2025-06-25,520.0,0.0,520.0,1.0,0,1,registrado,registrada,0
3856,P001186,Cliente 062,976000,2025-06-25,120.0,0.0,120.0,1.0,0,1,registrado,registrada,0
3857,P001186,Cliente 062,976100,2025-06-25,334.0,0.0,334.0,1.0,0,1,registrado,registrada,0
3858,P001186,Cliente 062,986200,2025-06-25,50.0,0.0,50.0,1.0,0,1,registrado,registrada,0
3859,P001186,Cliente 062,986300,2025-06-25,25.0,0.0,25.0,1.0,0,1,registrado,registrada,0
3860,P001186,Cliente 062,990600,2025-06-25,30.0,0.0,30.0,1.0,0,1,registrado,inferida_pedido,0
3861,P001186,Cliente 062,990800,2025-06-25,51.0,0.0,51.0,1.0,0,1,registrado,registrada,0
3862,P001205,Cliente 206,902300,2025-06-25,200.0,0.0,200.0,1.0,0,1,registrado,registrada,0
3863,P001084,Cliente 092,951400,2025-06-25,40.0,0.0,40.0,1.0,0,1,registrado,registrada,0
3864,P001190,Cliente 072,949300,2025-06-25,6.0,0.0,6.0,1.0,0,1,registrado,registrada,0
3865,P001190,Cliente 072,950100,2025-06-25,30.0,0.0,30.0,1.0,0,1,registrado,registrada,0
3866,P001190,Cliente 072,951500,2025-06-25,20.0,0.0,20.0,1.0,0,1,registrado,registrada,0
3867,P001190,Cliente 072,953200,2025-06-25,10.0,0.0,10.0,1.0,0,1,registrado,registrada,0
3868,P001190,Cliente 072,956000,2025-06-25,20.0,0.0,20.0,1.0,0,1,registrado,registrada,0
3869,P001190,Cliente 072,959000,2025-06-25,40.0,40.0,80.0,0.5,1,1,estimado_nao_verificado,registrada,0
3870,P001188,Cliente 146,948700,2025-06-25,38.0,0.0,38.0,1.0,0,1,registrado,registrada,0
3871,P001188,Cliente 146,949300,2025-06-25,22.0,0.0,22.0,1.0,0,1,registrado,registrada,0
3872,P001188,Cliente 146,951400,2025-06-25,12.0,0.0,12.0,1.0,0,1,registrado,registrada,0
3873,P001188,Cliente 146,953200,2025-06-25,20.0,0.0,20.0,1.0,0,1,registrado,registrada,0
3874,P001215,Cliente 274,950400,2025-06-25,50.0,0.0,50.0,1.0,0,1,registrado,registrada,0
3875,P001215,Cliente 274,986700,2025-06-25,10.0,0.0,10.0,1.0,0,1,registrado,registrada,0
3876,P001194,Cliente 127,950000,2025-06-25,8.0,0.0,8.0,1.0,0,1,registrado,registrada,0
3877,P001194,Cliente 127,961600,2025-06-25,5.0,0.0,5.0,1.0,0,1,registrado,registrada,0
3878,P001194,Cliente 127,964000,2025-06-25,13.0,0.0,13.0,1.0,0,1,registrado,registrada,0
3879,P001195,Cliente 127,950000,2025-06-25,7.0,0.0,7.0,1.0,0,1,registrado,registrada,0
3880,P001195,Cliente 127,961600,2025-06-25,5.0,0.0,5.0,1.0,0,1,registrado,registrada,0
3881,P001195,Cliente 127,964000,2025-06-25,12.0,0.0,12.0,1.0,0,1,registrado,registrada,0
3882,P001193,Cliente 082,952500,2025-06-25,28.0,0.0,28.0,1.0,0,1,registrado,registrada,0
3883,P001185,Cliente 122,966300,2025-06-25,20.0,0.0,20.0,1.0,0,1,registrado,registrada,0
3884,P001185,Cliente 122,966400,2025-06-25,30.0,0.0,30.0,1.0,0,1,registrado,registrada,0
3885,P001185,Cliente 122,966600,2025-06-25,20.0,0.0,20.0,1.0,0,1,registrado,registrada,0
3886,P001185,Cliente 122,966700,2025-06-25,5.0,0.0,5.0,1.0,0,1,registrado,registrada,0
3887,P001237,Cliente 222,967700,2025-06-25,1.0,0.0,1.0,1.0,0,1,registrado,registrada,0
3888,P001237,Cliente 222,969600,2025-06-25,1.0,0.0,1.0,1.0,0,1,registrado,registrada,0
3889,P001237,Cliente 222,971900,2025-06-25,1.0,0.0,1.0,1.0,0,1,registrado,registrada,0
3890,P001238,Cliente 222,950000,2025-06-25,2.0,0.0,2.0,1.0,0,1,registrado,registrada,0
3891,P001238,Cliente 222,952300,2025-06-25,1.0,0.0,1.0,1.0,0,1,registrado,registrada,0
3892,P001238,Cliente 222,955300,2025-06-25,1.0,0.0,1.0,1.0,0,1,registrado,registrada,0
3893,P001238,Cliente 222,959400,2025-06-25,1.0,0.0,1.0,1.0,0,1,registrado,registrada,0
3894,P001238,Cliente 222,961000,2025-06-25,1.0,0.0,1.0,1.0,0,1,registrado,registrada,0
3895,P001238,Cliente 222,964800,2025-06-25,1.0,0.0,1.0,1.0,0,1,registrado,registrada,0
3896,P001152,Cliente 353,991200,2025-06-26,344.0,0.0,344.0,1.0,0,1,registrado,registrada,0
3897,P001157,Cliente 088,902300,2025-06-26,1000.0,0.0,1000.0,1.0,0,1,registrado,registrada,0
3898,P001173,Cliente 119,949300,2025-06-26,160.0,0.0,160.0,1.0,0,1,registrado,registrada,0
3899,P001173,Cliente 119,951400,2025-06-26,80.0,0.0,80.0,1.0,0,1,registrado,registrada,0
3900,P001173,Cliente 119,961800,2025-06-26,180.0,0.0,180.0,1.0,0,1,registrado,registrada,0
3901,P001173,Cliente 119,981700,2025-06-26,80.0,0.0,80.0,1.0,0,1,registrado,registrada,0
3902,P000030,Cliente 357,961200,2025-06-26,4.0,4.0,8.0,0.5,1,1,estimado_nao_verificado,registrada,0
3903,P000030,Cliente 357,961600,2025-06-26,3.0,0.0,3.0,1.0,0,1,registrado,registrada,0
3904,P000030,Cliente 357,964800,2025-06-26,6.0,0.0,6.0,1.0,0,1,registrado,registrada,0
3905,P000030,Cliente 357,959400,2025-06-26,5.0,0.0,5.0,1.0,0,1,registrado,registrada,0
3906,P000030,Cliente 357,958400,2025-06-26,5.0,0.0,5.0,1.0,0,1,registrado,registrada,0
3907,P000030,Cliente 357,957400,2025-06-26,3.0,0.0,3.0,1.0,0,1,registrado,registrada,0
3908,P000030,Cliente 357,960200,2025-06-26,1.0,0.0,1.0,1.0,0,1,registrado,registrada,0
3909,P000030,Cliente 357,955300,2025-06-26,2.0,0.0,2.0,1.0,0,1,registrado,registrada,0
3910,P000030,Cliente 357,954200,2025-06-26,6.0,0.0,6.0,1.0,0,1,registrado,registrada,0
3911,P000030,Cliente 357,963900,2025-06-26,1.0,1.0,2.0,0.5,1,1,estimado_nao_verificado,registrada,0
3912,P000030,Cliente 357,964000,2025-06-26,2.0,0.0,2.0,1.0,0,1,registrado,registrada,0
3913,P000030,Cliente 357,961000,2025-06-26,37.0,0.0,37.0,1.0,0,1,registrado,registrada,0
3914,P000030,Cliente 357,969100,2025-06-26,4.0,0.0,4.0,1.0,0,1,registrado,registrada,0
3915,P000030,Cliente 357,968800,2025-06-26,5.0,0.0,5.0,1.0,0,1,registrado,registrada,0
3916,P000030,Cliente 357,968900,2025-06-26,11.0,0.0,11.0,1.0,0,1,registrado,registrada,0
3917,P000030,Cliente 357,971500,2025-06-26,4.0,0.0,4.0,1.0,0,1,registrado,registrada,0
3918,P000030,Cliente 357,972200,2025-06-26,46.0,0.0,46.0,1.0,0,1,registrado,registrada,0
3919,P000030,Cliente 357,966200,2025-06-26,54.0,0.0,54.0,1.0,0,1,registrado,registrada,0
3920,P000030,Cliente 357,966300,2025-06-26,51.0,0.0,51.0,1.0,0,1,registrado,registrada,0
3921,P000030,Cliente 357,966400,2025-06-26,102.0,0.0,102.0,1.0,0,1,registrado,registrada,0
3922,P000030,Cliente 357,966500,2025-06-26,18.0,0.0,18.0,1.0,0,1,registrado,registrada,0
3923,P000030,Cliente 357,966600,2025-06-26,142.0,0.0,142.0,1.0,0,1,registrado,registrada,0
3924,P000030,Cliente 357,966700,2025-06-26,53.0,0.0,53.0,1.0,0,1,registrado,registrada,0
3925,P000030,Cliente 357,966800,2025-06-26,2322.0,0.0,2322.0,1.0,0,1,registrado,registrada,0
3926,P000030,Cliente 357,990500,2025-06-26,7.0,0.0,7.0,1.0,0,1,registrado,registrada,0
3927,P000030,Cliente 357,990400,2025-06-26,5.0,0.0,5.0,1.0,0,1,registrado,registrada,0
3928,P000030,Cliente 357,970000,2025-06-26,5.0,0.0,5.0,1.0,0,1,registrado,registrada,0
3929,P000030,Cliente 357,970100,2025-06-26,15.0,0.0,15.0,1.0,0,1,registrado,registrada,0
3930,P000030,Cliente 357,970500,2025-06-26,3.0,0.0,3.0,1.0,0,1,registrado,registrada,0
3931,P000030,Cliente 357,970200,2025-06-26,4.0,0.0,4.0,1.0,0,1,registrado,registrada,0
3932,P000030,Cliente 357,967100,2025-06-26,7.0,0.0,7.0,1.0,0,1,registrado,registrada,0
3933,P000030,Cliente 357,967700,2025-06-26,5.0,0.0,5.0,1.0,0,1,registrado,registrada,0
3934,P000030,Cliente 357,967800,2025-06-26,7.0,0.0,7.0,1.0,0,1,registrado,registrada,0
3935,P001144,Cliente 091,948700,2025-06-26,4.0,0.0,4.0,1.0,0,1,registrado,registrada,0
3936,P001144,Cliente 091,965200,2025-06-26,175.0,0.0,175.0,1.0,0,1,registrado,registrada,0
3937,P001171,Cliente 107,987600,2025-06-26,5.0,0.0,5.0,1.0,0,1,registrado,registrada,0
3938,P001171,Cliente 107,949300,2025-06-26,4.0,0.0,4.0,1.0,0,1,registrado,registrada,0
3939,P001172,Cliente 107,966700,2025-06-26,3.0,0.0,3.0,1.0,0,1,registrado,registrada,0
3940,P001172,Cliente 107,966600,2025-06-26,2.0,0.0,2.0,1.0,0,1,registrado,registrada,0
3941,P001226,Cliente 128,949300,2025-06-27,600.0,0.0,600.0,1.0,0,1,registrado,registrada,0
3942,P001253,Cliente 256,900300,2025-06-27,5000.0,0.0,5000.0,1.0,0,1,registrado,registrada,0
3943,P001252,Cliente 256,900300,2025-06-27,20.0,0.0,20.0,1.0,0,1,registrado,registrada,0
3944,P001260,Cliente 025,966600,2025-06-27,5.0,0.0,5.0,1.0,0,1,registrado,registrada,0
3945,P001260,Cliente 025,966700,2025-06-27,10.0,0.0,10.0,1.0,0,1,registrado,registrada,0
3946,P001260,Cliente 025,966800,2025-06-27,100.0,0.0,100.0,1.0,0,1,registrado,registrada,0
3947,P001260,Cliente 025,968400,2025-06-27,20.0,0.0,20.0,1.0,0,1,registrado,registrada,0
3948,P001260,Cliente 025,969100,2025-06-27,20.0,0.0,20.0,1.0,0,1,registrado,registrada,0
3949,P001260,Cliente 025,969600,2025-06-27,10.0,0.0,10.0,1.0,0,1,registrado,registrada,0
3950,P001260,Cliente 025,970100,2025-06-27,5.0,0.0,5.0,1.0,0,1,registrado,registrada,0
3951,P001260,Cliente 025,970200,2025-06-27,20.0,0.0,20.0,1.0,0,1,registrado,registrada,0
3952,P001260,Cliente 025,990500,2025-06-27,5.0,0.0,5.0,1.0,0,1,registrado,registrada,0
3953,P001260,Cliente 025,971900,2025-06-27,10.0,0.0,10.0,1.0,0,1,registrado,registrada,0
3954,P001261,Cliente 025,961000,2025-06-27,5.0,0.0,5.0,1.0,0,1,registrado,registrada,0
3955,P001241,Cliente 062,976000,2025-06-28,40.0,0.0,40.0,1.0,0,1,registrado,registrada,0
3956,P001241,Cliente 062,976100,2025-06-28,333.0,0.0,333.0,1.0,0,1,registrado,registrada,0
3957,P001241,Cliente 062,986300,2025-06-28,325.0,0.0,325.0,1.0,0,1,registrado,registrada,0
3958,P001241,Cliente 062,990300,2025-06-28,100.0,0.0,100.0,1.0,0,1,registrado,registrada,0
3959,P001184,Cliente 230,951500,2025-06-28,12.0,0.0,12.0,1.0,0,1,estimado_nao_verificado,registrada,0
3960,P001184,Cliente 230,965300,2025-06-28,50.0,0.0,50.0,1.0,0,1,estimado_nao_verificado,registrada,0
3961,P001177,Cliente 307,950000,2025-06-28,150.0,0.0,150.0,1.0,0,1,estimado_nao_verificado,registrada,0
3962,P001177,Cliente 307,950100,2025-06-28,200.0,0.0,200.0,1.0,0,1,estimado_nao_verificado,registrada,0
3963,P001175,Cliente 181,950100,2025-06-28,40.0,0.0,40.0,1.0,0,1,estimado_nao_verificado,registrada,0
3964,P001175,Cliente 181,962000,2025-06-28,100.0,0.0,100.0,1.0,0,1,estimado_nao_verificado,registrada,0
3965,P001175,Cliente 181,981900,2025-06-28,120.0,0.0,120.0,1.0,0,1,estimado_nao_verificado,registrada,0
3966,P001176,Cliente 089,950100,2025-06-28,24.0,0.0,24.0,1.0,0,1,estimado_nao_verificado,registrada,0
3967,P001176,Cliente 089,962000,2025-06-28,176.0,0.0,176.0,1.0,0,1,estimado_nao_verificado,registrada,0
3968,P001182,Cliente 020,953800,2025-06-28,50.0,0.0,50.0,1.0,0,1,estimado_nao_verificado,registrada,0
3969,P001182,Cliente 020,954900,2025-06-28,50.0,0.0,50.0,1.0,0,1,estimado_nao_verificado,registrada,0
3970,P001182,Cliente 020,956000,2025-06-28,50.0,0.0,50.0,1.0,0,1,estimado_nao_verificado,registrada,0
3971,P001182,Cliente 020,957000,2025-06-28,100.0,0.0,100.0,1.0,0,1,estimado_nao_verificado,registrada,0
3972,P001182,Cliente 020,958000,2025-06-28,150.0,0.0,150.0,1.0,0,1,estimado_nao_verificado,registrada,0
3973,P001182,Cliente 020,959000,2025-06-28,100.0,0.0,100.0,1.0,0,1,estimado_nao_verificado,registrada,0
3974,P001182,Cliente 020,959900,2025-06-28,100.0,0.0,100.0,1.0,0,1,estimado_nao_verificado,registrada,0
3975,P001182,Cliente 020,965300,2025-06-28,50.0,0.0,50.0,1.0,0,1,estimado_nao_verificado,registrada,0
3976,P001216,Cliente 134,949300,2025-06-28,800.0,0.0,800.0,1.0,0,1,registrado,registrada,0
3977,P001127,Cliente 017,900300,2025-06-30,20.0,0.0,20.0,1.0,0,1,registrado,registrada,0
3978,P001259,Cliente 279,949300,2025-06-30,160.0,0.0,160.0,1.0,0,1,registrado,registrada,0
3979,P001094,Cliente 185,948700,2025-06-30,160.0,0.0,160.0,1.0,0,1,registrado,registrada,0
3980,P001094,Cliente 185,949300,2025-06-30,40.0,0.0,40.0,1.0,0,1,registrado,registrada,0
3981,P001094,Cliente 185,950400,2025-06-30,20.0,0.0,20.0,1.0,0,1,registrado,registrada,0
3982,P001094,Cliente 185,961800,2025-06-30,20.0,0.0,20.0,1.0,0,1,registrado,registrada,0
3983,P001094,Cliente 185,981700,2025-06-30,80.0,0.0,80.0,1.0,0,1,registrado,registrada,0
3984,P001257,Cliente 185,908400,2025-06-30,80.0,0.0,80.0,1.0,0,1,registrado,registrada,0
3985,P001211,Cliente 185,966800,2025-06-30,200.0,0.0,200.0,1.0,0,1,registrado,registrada,0
3986,P000027,Cliente 360,969100,2025-06-30,57.0,0.0,57.0,1.0,0,1,registrado,registrada,0
3987,P000027,Cliente 360,971500,2025-06-30,13.0,0.0,13.0,1.0,0,1,registrado,registrada,0
3988,P000027,Cliente 360,972200,2025-06-30,166.0,0.0,166.0,1.0,0,1,estimado_nao_verificado,registrada,0
3989,P000027,Cliente 360,966200,2025-06-30,9.0,0.0,9.0,1.0,0,1,registrado,registrada,0
3990,P000027,Cliente 360,966300,2025-06-30,6.0,0.0,6.0,1.0,0,1,registrado,registrada,0
3991,P000027,Cliente 360,966400,2025-06-30,4.0,0.0,4.0,1.0,0,1,registrado,registrada,0
3992,P000027,Cliente 360,966600,2025-06-30,11.0,0.0,11.0,1.0,0,1,registrado,registrada,0
3993,P000027,Cliente 360,966800,2025-06-30,2.0,0.0,2.0,1.0,0,1,registrado,registrada,0
3994,P000027,Cliente 360,971300,2025-06-30,6.0,0.0,6.0,1.0,0,1,registrado,registrada,0
3995,P000027,Cliente 360,970000,2025-06-30,1.0,0.0,1.0,1.0,0,1,registrado,registrada,0
3996,P000027,Cliente 360,991000,2025-06-30,6.0,0.0,6.0,1.0,0,1,registrado,registrada,0
3997,P000027,Cliente 360,970200,2025-06-30,52.0,0.0,52.0,1.0,0,1,registrado,registrada,0
3998,P000027,Cliente 360,967700,2025-06-30,3.0,0.0,3.0,1.0,0,1,registrado,registrada,0
3999,P000027,Cliente 360,968400,2025-06-30,24.0,0.0,24.0,1.0,0,1,registrado,registrada,0
4000,P001214,Cliente 065,966300,2025-06-30,60.0,0.0,60.0,1.0,0,1,registrado,registrada,0
4001,P001214,Cliente 065,966400,2025-06-30,60.0,0.0,60.0,1.0,0,1,registrado,registrada,0
4002,P001217,Cliente 300,954000,2025-06-30,15.0,0.0,15.0,1.0,0,1,registrado,registrada,0
4003,P001217,Cliente 300,954900,2025-06-30,7.0,0.0,7.0,1.0,0,1,registrado,registrada,0
4004,P001217,Cliente 300,957000,2025-06-30,3.0,0.0,3.0,1.0,0,1,registrado,registrada,0
4005,P001217,Cliente 300,958000,2025-06-30,3.0,0.0,3.0,1.0,0,1,registrado,registrada,0
4006,P001217,Cliente 300,965300,2025-06-30,2.0,0.0,2.0,1.0,0,1,registrado,registrada,0
4007,P001222,Cliente 023,949000,2025-06-30,20.0,0.0,20.0,1.0,0,1,registrado,registrada,0
4008,P001212,Cliente 350,902300,2025-06-30,16.0,0.0,16.0,1.0,0,1,registrado,registrada,0
4009,P001212,Cliente 350,961800,2025-06-30,4.0,0.0,4.0,1.0,0,1,registrado,registrada,0
4010,P001218,Cliente 141,966800,2025-06-30,100.0,0.0,100.0,1.0,0,1,registrado,registrada,0
4011,P001239,Cliente 069,961000,2025-06-30,25.0,0.0,25.0,1.0,0,1,registrado,registrada,0
4012,P001239,Cliente 069,966500,2025-06-30,10.0,0.0,10.0,1.0,0,1,registrado,registrada,0
4013,P001239,Cliente 069,966600,2025-06-30,50.0,0.0,50.0,1.0,0,1,registrado,registrada,0
4014,P001239,Cliente 069,966700,2025-06-30,5.0,0.0,5.0,1.0,0,1,registrado,registrada,0
4015,P001239,Cliente 069,966800,2025-06-30,90.0,0.0,90.0,1.0,0,1,registrado,registrada,0
4016,P001239,Cliente 069,967700,2025-06-30,20.0,0.0,20.0,1.0,0,1,registrado,registrada,0
4017,P001239,Cliente 069,967800,2025-06-30,40.0,0.0,40.0,1.0,0,1,registrado,registrada,0
4018,P001239,Cliente 069,969100,2025-06-30,5.0,0.0,5.0,1.0,0,1,registrado,registrada,0
4019,P001239,Cliente 069,970100,2025-06-30,5.0,0.0,5.0,1.0,0,1,registrado,registrada,0
4020,P001239,Cliente 069,970200,2025-06-30,15.0,0.0,15.0,1.0,0,1,registrado,registrada,0
4021,P001239,Cliente 069,971500,2025-06-30,15.0,0.0,15.0,1.0,0,1,registrado,registrada,0
4022,P001239,Cliente 069,972200,2025-06-30,15.0,0.0,15.0,1.0,0,1,registrado,registrada,0
4023,P001239,Cliente 069,990400,2025-06-30,3.0,0.0,3.0,1.0,0,1,registrado,registrada,0
4024,P001239,Cliente 069,990500,2025-06-30,5.0,0.0,5.0,1.0,0,1,registrado,registrada,0
4025,P001240,Cliente 069,966800,2025-06-30,9.0,0.0,9.0,1.0,0,1,registrado,registrada,0
4026,P001221,Cliente 085,961000,2025-06-30,12.0,0.0,12.0,1.0,0,1,registrado,registrada,0
4027,P001221,Cliente 085,966200,2025-06-30,44.0,0.0,44.0,1.0,0,1,registrado,registrada,0
4028,P001221,Cliente 085,966300,2025-06-30,23.0,0.0,23.0,1.0,0,1,registrado,registrada,0
4029,P001221,Cliente 085,966400,2025-06-30,20.0,0.0,20.0,1.0,0,1,registrado,registrada,0
4030,P001221,Cliente 085,966500,2025-06-30,28.0,0.0,28.0,1.0,0,1,registrado,registrada,0
4031,P001221,Cliente 085,966600,2025-06-30,32.0,0.0,32.0,1.0,0,1,registrado,registrada,0
4032,P001221,Cliente 085,966700,2025-06-30,14.0,0.0,14.0,1.0,0,1,registrado,registrada,0
4033,P001221,Cliente 085,966800,2025-06-30,20.0,0.0,20.0,1.0,0,1,registrado,registrada,0
4034,P001235,Cliente 085,966800,2025-06-30,2.0,0.0,2.0,1.0,0,1,registrado,registrada,0
4035,P001263,Cliente 332,948700,2025-06-30,20.0,0.0,20.0,1.0,0,1,registrado,registrada,0
4036,P001089,Cliente 151,982700,2025-06-30,200.0,0.0,200.0,1.0,0,1,registrado,registrada,0
4037,P001250,Cliente 344,949300,2025-06-30,120.0,0.0,120.0,1.0,0,1,registrado,registrada,0
4038,P001228,Cliente 095,974600,2025-07-01,728.0,0.0,728.0,1.0,0,1,registrado,registrada,0
4039,P001228,Cliente 095,974700,2025-07-01,1040.0,1040.0,2080.0,0.5,1,1,estimado_nao_verificado,registrada,0
4040,P001228,Cliente 095,975000,2025-07-01,520.0,0.0,520.0,1.0,0,1,registrado,registrada,0
4041,P001244,Cliente 284,951300,2025-07-02,4.0,0.0,4.0,1.0,0,1,estimado_nao_verificado,registrada,0
4042,P001244,Cliente 284,954300,2025-07-02,10.0,0.0,10.0,1.0,0,1,registrado,registrada,0
4043,P001244,Cliente 284,958500,2025-07-02,4.0,0.0,4.0,1.0,0,1,registrado,registrada,0
4044,P001244,Cliente 284,961600,2025-07-02,2.0,0.0,2.0,1.0,0,1,registrado,registrada,0
4045,P001244,Cliente 284,981500,2025-07-02,2.0,0.0,2.0,1.0,0,1,registrado,registrada,0
4046,P001246,Cliente 285,954300,2025-07-02,10.0,0.0,10.0,1.0,0,1,registrado,registrada,0
4047,P001246,Cliente 285,958500,2025-07-02,4.0,0.0,4.0,1.0,0,1,registrado,registrada,0
4048,P001246,Cliente 285,961600,2025-07-02,2.0,0.0,2.0,1.0,0,1,registrado,registrada,0
4049,P001248,Cliente 346,951300,2025-07-02,3.0,0.0,3.0,1.0,0,1,estimado_nao_verificado,registrada,0
4050,P001248,Cliente 346,954300,2025-07-02,10.0,0.0,10.0,1.0,0,1,registrado,registrada,0
4051,P001248,Cliente 346,958500,2025-07-02,5.0,0.0,5.0,1.0,0,1,registrado,registrada,0
4052,P001248,Cliente 346,961600,2025-07-02,2.0,0.0,2.0,1.0,0,1,registrado,registrada,0
4053,P001248,Cliente 346,981500,2025-07-02,2.0,0.0,2.0,1.0,0,1,registrado,registrada,0
4054,P001249,Cliente 347,951300,2025-07-02,2.0,0.0,2.0,1.0,0,1,estimado_nao_verificado,registrada,0
4055,P001249,Cliente 347,961600,2025-07-02,2.0,0.0,2.0,1.0,0,1,registrado,registrada,0
4056,P001249,Cliente 347,981500,2025-07-02,2.0,0.0,2.0,1.0,0,1,registrado,registrada,0
4057,P001886,Cliente 281,954300,2025-07-02,5.0,0.0,5.0,1.0,0,1,registrado,registrada,0
4058,P001886,Cliente 281,958500,2025-07-02,3.0,0.0,3.0,1.0,0,1,estimado_nao_verificado,registrada,0
4059,P001886,Cliente 281,961600,2025-07-02,1.0,0.0,1.0,1.0,0,1,registrado,registrada,0
4060,P001886,Cliente 281,981500,2025-07-02,1.0,0.0,1.0,1.0,0,1,registrado,registrada,0
4061,P001245,Cliente 282,951300,2025-07-02,5.0,0.0,5.0,1.0,0,1,estimado_nao_verificado,registrada,0
4062,P001245,Cliente 282,954300,2025-07-02,10.0,0.0,10.0,1.0,0,1,registrado,registrada,0
4063,P001245,Cliente 282,958500,2025-07-02,4.0,0.0,4.0,1.0,0,1,registrado,registrada,0
4064,P001245,Cliente 282,961600,2025-07-02,2.0,0.0,2.0,1.0,0,1,registrado,registrada,0
4065,P001245,Cliente 282,981500,2025-07-02,2.0,0.0,2.0,1.0,0,1,registrado,registrada,0
4066,P001247,Cliente 282,951300,2025-07-02,2.0,0.0,2.0,1.0,0,1,estimado_nao_verificado,registrada,0
4067,P001247,Cliente 282,954300,2025-07-02,7.0,0.0,7.0,1.0,0,1,registrado,registrada,0
4068,P001247,Cliente 282,958500,2025-07-02,3.0,0.0,3.0,1.0,0,1,registrado,registrada,0
4069,P001247,Cliente 282,961600,2025-07-02,2.0,0.0,2.0,1.0,0,1,registrado,registrada,0
4070,P001247,Cliente 282,981500,2025-07-02,1.0,0.0,1.0,1.0,0,1,registrado,registrada,0
4071,P001191,Cliente 076,902300,2025-07-02,80.0,0.0,80.0,1.0,0,1,registrado,registrada,0
4072,P001191,Cliente 076,949300,2025-07-02,220.0,0.0,220.0,1.0,0,1,registrado,registrada,0
4073,P001192,Cliente 076,975600,2025-07-02,320.0,0.0,320.0,1.0,0,1,registrado,registrada,0
4074,P001192,Cliente 076,975700,2025-07-02,500.0,0.0,500.0,1.0,0,1,registrado,registrada,0
4078,P001206,Cliente 024,987300,2025-07-02,200.0,0.0,200.0,1.0,0,1,registrado,registrada,0
4079,P001198,Cliente 024,146500,2025-07-02,35.0,0.0,35.0,1.0,0,1,registrado,registrada,0
4080,P001204,Cliente 024,146400,2025-07-02,40.0,0.0,40.0,1.0,0,1,registrado,registrada,0
4081,P001200,Cliente 024,146600,2025-07-02,45.0,0.0,45.0,1.0,0,1,registrado,registrada,0
4082,P001196,Cliente 024,147100,2025-07-02,35.0,0.0,35.0,1.0,0,1,registrado,registrada,0
4083,P001209,Cliente 024,987300,2025-07-02,45.0,0.0,45.0,1.0,0,1,registrado,registrada,0
4084,P001197,Cliente 024,147200,2025-07-02,40.0,0.0,40.0,1.0,0,1,registrado,registrada,0
4085,P001202,Cliente 024,146700,2025-07-02,45.0,0.0,45.0,1.0,0,1,registrado,registrada,0
4086,P001201,Cliente 024,146900,2025-07-02,50.0,0.0,50.0,1.0,0,1,registrado,registrada,0
4087,P001199,Cliente 024,146431,2025-07-02,50.0,0.0,50.0,1.0,0,1,registrado,registrada,0
4088,P001207,Cliente 024,987340,2025-07-02,60.0,0.0,60.0,1.0,0,1,registrado,registrada,0
4089,P001203,Cliente 024,146930,2025-07-02,70.0,0.0,70.0,1.0,0,1,registrado,registrada,0
4090,P001208,Cliente 024,987330,2025-07-02,50.0,0.0,50.0,1.0,0,1,registrado,registrada,0
4091,P001270,Cliente 024,901700,2025-07-02,30.0,0.0,30.0,1.0,0,1,registrado,registrada,0
4092,P001270,Cliente 024,951600,2025-07-02,375.0,0.0,375.0,1.0,0,1,registrado,registrada,0
4093,P001270,Cliente 024,953800,2025-07-02,50.0,0.0,50.0,1.0,0,1,registrado,registrada,0
4094,P001270,Cliente 024,954900,2025-07-02,50.0,0.0,50.0,1.0,0,1,registrado,registrada,0
4095,P001270,Cliente 024,957000,2025-07-02,50.0,0.0,50.0,1.0,0,1,registrado,registrada,0
4096,P001270,Cliente 024,965300,2025-07-02,375.0,375.0,750.0,0.5,1,1,estimado_nao_verificado,registrada,0
4097,P001220,Cliente 024,959000,2025-07-02,30.0,0.0,30.0,1.0,0,1,registrado,registrada,0
4098,P001128,Cliente 018,900300,2025-07-03,20.0,0.0,20.0,1.0,0,1,registrado,registrada,0
4099,P000031,Cliente 365,902300,2025-07-03,12.0,0.0,12.0,1.0,0,1,registrado,registrada,0
4100,P000031,Cliente 365,949300,2025-07-03,16.0,0.0,16.0,1.0,0,1,registrado,registrada,0
4101,P000031,Cliente 365,969600,2025-07-03,14.0,0.0,14.0,1.0,0,1,registrado,registrada,0
4102,P000031,Cliente 365,969400,2025-07-03,10.0,0.0,10.0,1.0,0,1,registrado,registrada,0
4103,P000031,Cliente 365,968900,2025-07-03,20.0,0.0,20.0,1.0,0,1,registrado,registrada,0
4104,P000031,Cliente 365,971700,2025-07-03,8.0,0.0,8.0,1.0,0,1,registrado,registrada,0
4105,P000031,Cliente 365,966500,2025-07-03,20.0,0.0,20.0,1.0,0,1,registrado,registrada,0
4106,P000031,Cliente 365,966600,2025-07-03,125.0,0.0,125.0,1.0,0,1,registrado,registrada,0
4107,P000031,Cliente 365,966700,2025-07-03,271.0,0.0,271.0,1.0,0,1,registrado,registrada,0
4108,P000031,Cliente 365,966800,2025-07-03,3630.0,0.0,3630.0,1.0,0,1,registrado,registrada,0
4109,P000031,Cliente 365,990500,2025-07-03,64.0,0.0,64.0,1.0,0,1,registrado,registrada,0
4110,P000031,Cliente 365,970100,2025-07-03,34.0,0.0,34.0,1.0,0,1,registrado,registrada,0
4111,P000031,Cliente 365,970500,2025-07-03,5.0,0.0,5.0,1.0,0,1,registrado,registrada,0
4112,P000031,Cliente 365,975800,2025-07-03,155.0,0.0,155.0,1.0,0,1,registrado,registrada,0
4113,P000031,Cliente 365,966900,2025-07-03,125.0,0.0,125.0,1.0,0,1,registrado,registrada,0
4114,P000031,Cliente 365,967100,2025-07-03,135.0,0.0,135.0,1.0,0,1,registrado,registrada,0
4115,P000031,Cliente 365,967800,2025-07-03,140.0,0.0,140.0,1.0,0,1,registrado,registrada,0
4116,P000031,Cliente 365,967900,2025-07-03,152.0,0.0,152.0,1.0,0,1,registrado,registrada,0
4117,P001223,Cliente 365,966600,2025-07-03,50.0,0.0,50.0,1.0,0,1,registrado,registrada,0
4118,P000032,Cliente 357,961200,2025-07-03,7.0,7.0,14.0,0.5,1,1,estimado_nao_verificado,registrada,0
4119,P000032,Cliente 357,961600,2025-07-03,13.0,0.0,13.0,1.0,0,1,registrado,registrada,0
4120,P000032,Cliente 357,962000,2025-07-03,4.0,0.0,4.0,1.0,0,1,registrado,registrada,0
4121,P000032,Cliente 357,964800,2025-07-03,1.0,0.0,1.0,1.0,0,1,registrado,registrada,0
4122,P000032,Cliente 357,981300,2025-07-03,2.0,2.0,4.0,0.5,1,1,estimado_nao_verificado,registrada,0
4123,P000032,Cliente 357,981500,2025-07-03,1.0,0.0,1.0,1.0,0,1,registrado,registrada,0
4124,P000032,Cliente 357,981900,2025-07-03,16.0,0.0,16.0,1.0,0,1,registrado,registrada,0
4125,P000032,Cliente 357,963900,2025-07-03,2.0,2.0,4.0,0.5,1,1,estimado_nao_verificado,registrada,0
4126,P000032,Cliente 357,964000,2025-07-03,6.0,0.0,6.0,1.0,0,1,registrado,registrada,0
4127,P000032,Cliente 357,961000,2025-07-03,32.0,0.0,32.0,1.0,0,1,registrado,registrada,0
4128,P000032,Cliente 357,969100,2025-07-03,4.0,0.0,4.0,1.0,0,1,registrado,registrada,0
4129,P000032,Cliente 357,968800,2025-07-03,8.0,0.0,8.0,1.0,0,1,registrado,registrada,0
4130,P000032,Cliente 357,968900,2025-07-03,8.0,0.0,8.0,1.0,0,1,registrado,registrada,0
4131,P000032,Cliente 357,971500,2025-07-03,9.0,0.0,9.0,1.0,0,1,registrado,registrada,0
4132,P000032,Cliente 357,971700,2025-07-03,3.0,0.0,3.0,1.0,0,1,registrado,registrada,0
4133,P000032,Cliente 357,972200,2025-07-03,42.0,0.0,42.0,1.0,0,1,registrado,registrada,0
4134,P000032,Cliente 357,966200,2025-07-03,99.0,0.0,99.0,1.0,0,1,registrado,registrada,0
4135,P000032,Cliente 357,966300,2025-07-03,94.0,0.0,94.0,1.0,0,1,registrado,registrada,0
4136,P000032,Cliente 357,966400,2025-07-03,99.0,0.0,99.0,1.0,0,1,registrado,registrada,0
4137,P000032,Cliente 357,966500,2025-07-03,33.0,0.0,33.0,1.0,0,1,registrado,registrada,0
4138,P000032,Cliente 357,966600,2025-07-03,140.0,0.0,140.0,1.0,0,1,registrado,registrada,0
4139,P000032,Cliente 357,966700,2025-07-03,33.0,0.0,33.0,1.0,0,1,registrado,registrada,0
4140,P000032,Cliente 357,966800,2025-07-03,310.0,0.0,310.0,1.0,0,1,registrado,registrada,0
4141,P000032,Cliente 357,990400,2025-07-03,11.0,0.0,11.0,1.0,0,1,registrado,registrada,0
4142,P000032,Cliente 357,990500,2025-07-03,7.0,0.0,7.0,1.0,0,1,registrado,registrada,0
4143,P000032,Cliente 357,970100,2025-07-03,6.0,0.0,6.0,1.0,0,1,registrado,registrada,0
4144,P000032,Cliente 357,970000,2025-07-03,9.0,0.0,9.0,1.0,0,1,registrado,registrada,0
4145,P000032,Cliente 357,970200,2025-07-03,9.0,0.0,9.0,1.0,0,1,registrado,registrada,0
4146,P000032,Cliente 357,967100,2025-07-03,6.0,0.0,6.0,1.0,0,1,registrado,registrada,0
4147,P000032,Cliente 357,967700,2025-07-03,9.0,0.0,9.0,1.0,0,1,registrado,registrada,0
4148,P000032,Cliente 357,967800,2025-07-03,12.0,0.0,12.0,1.0,0,1,registrado,registrada,0
4149,P001266,Cliente 176,953200,2025-07-03,80.0,0.0,80.0,1.0,0,1,registrado,registrada,0
4150,P001264,Cliente 060,966600,2025-07-03,600.0,0.0,600.0,1.0,0,1,registrado,registrada,0
4151,P001264,Cliente 060,966700,2025-07-03,500.0,0.0,500.0,1.0,0,1,registrado,registrada,0
4152,P001264,Cliente 060,967100,2025-07-03,150.0,0.0,150.0,1.0,0,1,registrado,registrada,0
4153,P001264,Cliente 060,990500,2025-07-03,50.0,0.0,50.0,1.0,0,1,registrado,registrada,0
4154,P001166,Cliente 315,902300,2025-07-04,1000.0,0.0,1000.0,1.0,0,1,registrado,registrada,0
4155,P001166,Cliente 315,949300,2025-07-04,100.0,0.0,100.0,1.0,0,1,registrado,registrada,0
4156,P001254,Cliente 270,948700,2025-07-04,60.0,0.0,60.0,1.0,0,1,registrado,registrada,0
4157,P001254,Cliente 270,951400,2025-07-04,60.0,0.0,60.0,1.0,0,1,registrado,registrada,0
4158,P001254,Cliente 270,953800,2025-07-04,30.0,0.0,30.0,1.0,0,1,registrado,registrada,0
4159,P001254,Cliente 270,954900,2025-07-04,30.0,0.0,30.0,1.0,0,1,registrado,registrada,0
4160,P001254,Cliente 270,958000,2025-07-04,30.0,0.0,30.0,1.0,0,1,registrado,registrada,0
4161,P001254,Cliente 270,965300,2025-07-04,15.0,0.0,15.0,1.0,0,1,registrado,registrada,0
4162,P001181,Cliente 268,902300,2025-07-04,70.0,0.0,70.0,1.0,0,1,registrado,registrada,0
4163,P001181,Cliente 268,908400,2025-07-04,15.0,0.0,15.0,1.0,0,1,registrado,registrada,0
4164,P001181,Cliente 268,948700,2025-07-04,20.0,0.0,20.0,1.0,0,1,registrado,registrada,0
4165,P001181,Cliente 268,951400,2025-07-04,10.0,0.0,10.0,1.0,0,1,registrado,registrada,0
4166,P001181,Cliente 268,961800,2025-07-04,20.0,0.0,20.0,1.0,0,1,registrado,registrada,0
4167,P001181,Cliente 268,981700,2025-07-04,3.0,0.0,3.0,1.0,0,1,registrado,registrada,0
4168,P001187,Cliente 022,902300,2025-07-04,60.0,0.0,60.0,1.0,0,1,registrado,registrada,0
4169,P001187,Cliente 022,948700,2025-07-04,80.0,0.0,80.0,1.0,0,1,registrado,registrada,0
4170,P001187,Cliente 022,951400,2025-07-04,60.0,0.0,60.0,1.0,0,1,registrado,registrada,0
4171,P001274,Cliente 016,949300,2025-07-04,70.0,0.0,70.0,1.0,0,1,registrado,registrada,0
4172,P001274,Cliente 016,961800,2025-07-04,40.0,0.0,40.0,1.0,0,1,registrado,registrada,0
4173,P001219,Cliente 339,902300,2025-07-04,100.0,0.0,100.0,1.0,0,1,registrado,registrada,0
4174,P001219,Cliente 339,949300,2025-07-04,160.0,0.0,160.0,1.0,0,1,registrado,registrada,0
4175,P001275,Cliente 095,974700,2025-07-04,1040.0,0.0,1040.0,1.0,0,1,registrado,registrada,0
4176,P001229,Cliente 095,974600,2025-07-04,832.0,0.0,832.0,1.0,0,1,registrado,registrada,0
4177,P001229,Cliente 095,974700,2025-07-04,936.0,0.0,936.0,1.0,0,1,registrado,registrada,0
4178,P001229,Cliente 095,975000,2025-07-04,520.0,0.0,520.0,1.0,0,1,registrado,registrada,0
4179,P001281,Cliente 076,949300,2025-07-04,70.0,0.0,70.0,1.0,0,1,registrado,registrada,0
4180,P001280,Cliente 223,953800,2025-07-04,20.0,0.0,20.0,1.0,0,1,registrado,registrada,0
4181,P001280,Cliente 223,954900,2025-07-04,20.0,0.0,20.0,1.0,0,1,registrado,registrada,0
4182,P001280,Cliente 223,957000,2025-07-04,15.0,0.0,15.0,1.0,0,1,registrado,registrada,0
4183,P001280,Cliente 223,958000,2025-07-04,20.0,0.0,20.0,1.0,0,1,registrado,registrada,0
4184,P001262,Cliente 279,966800,2025-07-04,50.0,0.0,50.0,1.0,0,1,registrado,registrada,0
4185,P001210,Cliente 279,966400,2025-07-04,10.0,0.0,10.0,1.0,0,1,registrado,registrada,0
4186,P001210,Cliente 279,966800,2025-07-04,2000.0,0.0,2000.0,1.0,0,1,registrado,registrada,0
4187,P001269,Cliente 012,902300,2025-07-04,26.0,0.0,26.0,1.0,0,1,registrado,registrada,0
4188,P001269,Cliente 012,948700,2025-07-04,20.0,0.0,20.0,1.0,0,1,registrado,registrada,0
4189,P001269,Cliente 012,961800,2025-07-04,18.0,0.0,18.0,1.0,0,1,registrado,registrada,0
4190,P001269,Cliente 012,981700,2025-07-04,18.0,0.0,18.0,1.0,0,1,registrado,registrada,0
4191,P001273,Cliente 185,942100,2025-07-04,400.0,0.0,400.0,1.0,0,1,registrado,registrada,0
4192,P001255,Cliente 232,949300,2025-07-04,6.0,0.0,6.0,1.0,0,1,registrado,registrada,0
4193,P001255,Cliente 232,950400,2025-07-04,50.0,0.0,50.0,1.0,0,1,registrado,registrada,0
4194,P001255,Cliente 232,961800,2025-07-04,4.0,0.0,4.0,1.0,0,1,registrado,registrada,0
4195,P001233,Cliente 316,903200,2025-07-04,4.0,0.0,4.0,1.0,0,1,registrado,registrada,0
4196,P001233,Cliente 316,949300,2025-07-04,10.0,0.0,10.0,1.0,0,1,registrado,registrada,0
4197,P001233,Cliente 316,951400,2025-07-04,10.0,0.0,10.0,1.0,0,1,registrado,registrada,0
4198,P001233,Cliente 316,953800,2025-07-04,5.0,0.0,5.0,1.0,0,1,registrado,registrada,0
4199,P001233,Cliente 316,954900,2025-07-04,10.0,0.0,10.0,1.0,0,1,registrado,registrada,0
4200,P001233,Cliente 316,957000,2025-07-04,5.0,0.0,5.0,1.0,0,1,registrado,registrada,0
4201,P001233,Cliente 316,958000,2025-07-04,10.0,0.0,10.0,1.0,0,1,registrado,registrada,0
4202,P001233,Cliente 316,959000,2025-07-04,5.0,0.0,5.0,1.0,0,1,registrado,registrada,0
4203,P001233,Cliente 316,965300,2025-07-04,5.0,0.0,5.0,1.0,0,1,registrado,registrada,0
4204,P001234,Cliente 316,966800,2025-07-04,100.0,0.0,100.0,1.0,0,1,registrado,registrada,0
4205,P001256,Cliente 156,966400,2025-07-07,100.0,0.0,100.0,1.0,0,1,registrado,registrada,0
4206,P001189,Cliente 021,966400,2025-07-07,13.0,0.0,13.0,1.0,0,1,registrado,registrada,0
4207,P001236,Cliente 106,966700,2025-07-07,15.0,0.0,15.0,1.0,0,1,registrado,registrada,0
4208,P001251,Cliente 166,966400,2025-07-07,30.0,0.0,30.0,1.0,0,1,registrado,registrada,0
4209,P001272,Cliente 123,966400,2025-07-07,15.0,0.0,15.0,1.0,0,1,registrado,registrada,0
4210,P001276,Cliente 061,949300,2025-07-07,400.0,0.0,400.0,1.0,0,1,registrado,registrada,0
4211,P000993,Cliente 179,954200,2025-07-07,2.0,0.0,2.0,1.0,0,1,registrado,registrada,0
4212,P000993,Cliente 179,955300,2025-07-07,2.0,0.0,2.0,1.0,0,1,registrado,registrada,0
4213,P000993,Cliente 179,957400,2025-07-07,2.0,0.0,2.0,1.0,0,1,registrado,registrada,0
4214,P000993,Cliente 179,958000,2025-07-07,2.0,0.0,2.0,1.0,0,1,registrado,registrada,0
4215,P000993,Cliente 179,959400,2025-07-07,2.0,0.0,2.0,1.0,0,1,registrado,registrada,0
4216,P000993,Cliente 179,961600,2025-07-07,1.0,0.0,1.0,1.0,0,1,registrado,registrada,0
4217,P000993,Cliente 179,960200,2025-07-07,1.0,0.0,1.0,1.0,0,1,registrado,registrada,0
4218,P000993,Cliente 179,964800,2025-07-07,2.0,0.0,2.0,1.0,0,1,registrado,registrada,0
4219,P001265,Cliente 114,949300,2025-07-08,50.0,0.0,50.0,1.0,0,1,registrado,registrada,0
4220,P001308,Cliente 091,950400,2025-07-08,200.0,0.0,200.0,1.0,0,1,registrado,registrada,0
4221,P001267,Cliente 067,953000,2025-07-08,1.0,1.0,2.0,0.5,1,1,ausente,registrada,0
4222,P001267,Cliente 067,966400,2025-07-08,4.0,0.0,4.0,1.0,0,1,registrado,registrada,0
4223,P001267,Cliente 067,966600,2025-07-08,30.0,0.0,30.0,1.0,0,1,registrado,registrada,0
4224,P001267,Cliente 067,966700,2025-07-08,20.0,0.0,20.0,1.0,0,1,registrado,registrada,0
4225,P001267,Cliente 067,966800,2025-07-08,200.0,0.0,200.0,1.0,0,1,registrado,registrada,0
4226,P001267,Cliente 067,972200,2025-07-08,30.0,0.0,30.0,1.0,0,1,registrado,registrada,0
4227,P001267,Cliente 067,990500,2025-07-08,15.0,0.0,15.0,1.0,0,1,registrado,registrada,0
4228,P001268,Cliente 067,966800,2025-07-08,20.0,0.0,20.0,1.0,0,1,registrado,registrada,0
4229,P001309,Cliente 350,902300,2025-07-08,,0.0,,,0,0,registrado,registrada,0
4230,P001309,Cliente 350,961800,2025-07-08,2.0,0.0,2.0,1.0,0,1,registrado,registrada,0
4231,P001258,Cliente 314,902300,2025-07-08,20.0,0.0,20.0,1.0,0,1,registrado,registrada,0
4232,P001258,Cliente 314,949300,2025-07-08,8.0,0.0,8.0,1.0,0,1,registrado,registrada,0
4233,P001258,Cliente 314,961800,2025-07-08,16.0,0.0,16.0,1.0,0,1,registrado,registrada,0
4234,P001090,Cliente 151,982700,2025-07-08,200.0,0.0,200.0,1.0,0,1,registrado,registrada,0
4235,P001293,Cliente 342,948700,2025-07-08,60.0,0.0,60.0,1.0,0,1,registrado,registrada,0
4236,P001291,Cliente 331,948700,2025-07-08,20.0,0.0,20.0,1.0,0,1,registrado,registrada,0
4237,P001291,Cliente 331,951400,2025-07-08,20.0,0.0,20.0,1.0,0,1,registrado,registrada,0
4238,P001290,Cliente 332,948700,2025-07-08,40.0,0.0,40.0,1.0,0,1,registrado,registrada,0
4239,P000033,Cliente 355,961600,2025-07-08,40.0,0.0,40.0,1.0,0,1,registrado,registrada,0
4240,P000033,Cliente 355,964800,2025-07-08,2.0,0.0,2.0,1.0,0,1,registrado,registrada,0
4241,P000033,Cliente 355,958400,2025-07-08,1.0,0.0,1.0,1.0,0,1,registrado,registrada,0
4242,P000033,Cliente 355,957400,2025-07-08,1.0,0.0,1.0,1.0,0,1,registrado,registrada,0
4243,P000033,Cliente 355,955300,2025-07-08,1.0,0.0,1.0,1.0,0,1,registrado,registrada,0
4244,P000033,Cliente 355,954200,2025-07-08,1.0,0.0,1.0,1.0,0,1,registrado,registrada,0
4245,P000033,Cliente 355,964000,2025-07-08,10.0,0.0,10.0,1.0,0,1,registrado,registrada,0
4246,P000033,Cliente 355,961000,2025-07-08,15.0,0.0,15.0,1.0,0,1,registrado,registrada,0
4247,P000033,Cliente 355,968900,2025-07-08,2.0,0.0,2.0,1.0,0,1,registrado,registrada,0
4248,P000033,Cliente 355,972200,2025-07-08,6.0,0.0,6.0,1.0,0,1,registrado,registrada,0
4249,P000033,Cliente 355,966200,2025-07-08,40.0,0.0,40.0,1.0,0,1,registrado,registrada,0
4250,P000033,Cliente 355,966300,2025-07-08,56.0,0.0,56.0,1.0,0,1,registrado,registrada,0
4251,P000033,Cliente 355,966400,2025-07-08,97.0,0.0,97.0,1.0,0,1,registrado,registrada,0
4252,P000033,Cliente 355,966500,2025-07-08,7.0,0.0,7.0,1.0,0,1,registrado,registrada,0
4253,P000033,Cliente 355,966600,2025-07-08,84.0,0.0,84.0,1.0,0,1,registrado,registrada,0
4254,P000033,Cliente 355,966700,2025-07-08,17.0,0.0,17.0,1.0,0,1,registrado,registrada,0
4255,P000033,Cliente 355,966800,2025-07-08,900.0,0.0,900.0,1.0,0,1,registrado,registrada,0
4256,P000033,Cliente 355,990500,2025-07-08,3.0,0.0,3.0,1.0,0,1,registrado,registrada,0
4257,P000033,Cliente 355,970100,2025-07-08,3.0,0.0,3.0,1.0,0,1,registrado,registrada,0
4258,P000033,Cliente 355,967800,2025-07-08,3.0,0.0,3.0,1.0,0,1,registrado,registrada,0
4259,P001227,Cliente 095,974600,2025-07-08,1144.0,416.0,1560.0,0.7333333333333333,1,1,registrado,registrada,0
4260,P001227,Cliente 095,974700,2025-07-08,1144.0,1144.0,2288.0,0.5,1,1,estimado_nao_verificado,registrada,0
4261,P001305,Cliente 095,974700,2025-07-08,624.0,0.0,624.0,1.0,0,1,registrado,registrada,0
4262,P001306,Cliente 328,949300,2025-07-08,40.0,0.0,40.0,1.0,0,1,registrado,registrada,0
4263,P001286,Cliente 029,966300,2025-07-09,1.0,0.0,1.0,1.0,0,1,registrado,registrada,0
4264,P001286,Cliente 029,966600,2025-07-09,10.0,0.0,10.0,1.0,0,1,registrado,registrada,0
4265,P001286,Cliente 029,966900,2025-07-09,1.0,0.0,1.0,1.0,0,1,registrado,registrada,0
4266,P001286,Cliente 029,990500,2025-07-09,1.0,0.0,1.0,1.0,0,1,registrado,registrada,0
4267,P001287,Cliente 029,951900,2025-07-09,1.0,1.0,2.0,0.5,1,1,ausente,registrada,0
4268,P001287,Cliente 029,952300,2025-07-09,1.0,0.0,1.0,1.0,0,1,registrado,registrada,0
4269,P001287,Cliente 029,954200,2025-07-09,1.0,0.0,1.0,1.0,0,1,registrado,registrada,0
4270,P001287,Cliente 029,955300,2025-07-09,1.0,0.0,1.0,1.0,0,1,registrado,registrada,0
4271,P001287,Cliente 029,958400,2025-07-09,1.0,0.0,1.0,1.0,0,1,registrado,registrada,0
4272,P001287,Cliente 029,961000,2025-07-09,1.0,0.0,1.0,1.0,0,1,registrado,registrada,0
4273,P001287,Cliente 029,964800,2025-07-09,1.0,0.0,1.0,1.0,0,1,registrado,registrada,0
4274,P001288,Cliente 028,966300,2025-07-09,1.0,0.0,1.0,1.0,0,1,registrado,registrada,0
4275,P001288,Cliente 028,966600,2025-07-09,10.0,0.0,10.0,1.0,0,1,registrado,registrada,0
4276,P001288,Cliente 028,966900,2025-07-09,1.0,0.0,1.0,1.0,0,1,registrado,registrada,0
4277,P001288,Cliente 028,990500,2025-07-09,1.0,0.0,1.0,1.0,0,1,registrado,registrada,0
4278,P001289,Cliente 028,951900,2025-07-09,1.0,1.0,2.0,0.5,1,1,ausente,registrada,0
4279,P001289,Cliente 028,952300,2025-07-09,1.0,0.0,1.0,1.0,0,1,registrado,registrada,0
4280,P001289,Cliente 028,954200,2025-07-09,1.0,0.0,1.0,1.0,0,1,registrado,registrada,0
4281,P001289,Cliente 028,955300,2025-07-09,1.0,0.0,1.0,1.0,0,1,registrado,registrada,0
4282,P001289,Cliente 028,958400,2025-07-09,1.0,0.0,1.0,1.0,0,1,registrado,registrada,0
4283,P001289,Cliente 028,961000,2025-07-09,1.0,0.0,1.0,1.0,0,1,registrado,registrada,0
4284,P001289,Cliente 028,964800,2025-07-09,1.0,0.0,1.0,1.0,0,1,registrado,registrada,0
4285,P001271,Cliente 321,987400,2025-07-09,50.0,0.0,50.0,1.0,0,1,registrado,registrada,0
4286,P001279,Cliente 024,146601,2025-07-09,194.0,0.0,194.0,1.0,0,1,registrado,registrada,0
4287,P001283,Cliente 024,959000,2025-07-09,30.0,0.0,30.0,1.0,0,1,registrado,registrada,0
4288,P001298,Cliente 024,902200,2025-07-09,30.0,0.0,30.0,1.0,0,1,registrado,registrada,0
4289,P001277,Cliente 061,949300,2025-07-10,400.0,0.0,400.0,1.0,0,1,registrado,registrada,0
4290,P001129,Cliente 017,900300,2025-07-10,20.0,0.0,20.0,1.0,0,1,estimado_nao_verificado,registrada,0
4291,P001297,Cliente 128,949100,2025-07-10,20.0,0.0,20.0,1.0,0,1,registrado,registrada,0
4292,P001296,Cliente 013,961800,2025-07-10,160.0,0.0,160.0,1.0,0,1,estimado_nao_verificado,registrada,0
4293,P001296,Cliente 013,981700,2025-07-10,80.0,0.0,80.0,1.0,0,1,estimado_nao_verificado,registrada,0
4294,P001213,Cliente 175,966800,2025-07-10,500.0,0.0,500.0,1.0,0,1,registrado,registrada,0
4295,P001213,Cliente 175,980100,2025-07-10,30.0,0.0,30.0,1.0,0,1,registrado,registrada,0
4296,P001213,Cliente 175,980200,2025-07-10,800.0,0.0,800.0,1.0,0,1,registrado,registrada,0
4297,P001213,Cliente 175,980300,2025-07-10,200.0,0.0,200.0,1.0,0,1,registrado,registrada,0
4298,P001213,Cliente 175,980500,2025-07-10,600.0,0.0,600.0,1.0,0,1,registrado,registrada,0
4299,P001213,Cliente 175,980600,2025-07-10,700.0,0.0,700.0,1.0,0,1,registrado,registrada,0
4300,P001213,Cliente 175,980700,2025-07-10,500.0,0.0,500.0,1.0,0,1,registrado,registrada,0
4301,P001314,Cliente 024,949200,2025-07-10,200.0,0.0,200.0,1.0,0,1,registrado,registrada,0
4302,P001314,Cliente 024,951600,2025-07-10,100.0,0.0,100.0,1.0,0,1,registrado,registrada,0
4303,P001314,Cliente 024,962100,2025-07-10,100.0,0.0,100.0,1.0,0,1,registrado,registrada,0
4304,P001315,Cliente 024,965300,2025-07-10,375.0,0.0,375.0,1.0,0,1,registrado,registrada,0
4305,P001243,Cliente 053,954900,2025-07-10,1.0,0.0,1.0,1.0,0,1,registrado,registrada,0
4306,P001243,Cliente 053,965300,2025-07-10,1.0,0.0,1.0,1.0,0,1,registrado,registrada,0
4307,P001242,Cliente 053,966200,2025-07-10,1.0,0.0,1.0,1.0,0,1,registrado,registrada,0
4308,P001242,Cliente 053,966300,2025-07-10,1.0,0.0,1.0,1.0,0,1,registrado,registrada,0
4309,P001242,Cliente 053,966400,2025-07-10,1.0,0.0,1.0,1.0,0,1,registrado,registrada,0
4310,P001242,Cliente 053,966500,2025-07-10,1.0,0.0,1.0,1.0,0,1,registrado,registrada,0
4311,P001242,Cliente 053,966600,2025-07-10,1.0,0.0,1.0,1.0,0,1,registrado,registrada,0
4312,P001242,Cliente 053,966700,2025-07-10,2.0,0.0,2.0,1.0,0,1,registrado,registrada,0
4313,P001242,Cliente 053,966800,2025-07-10,3.0,0.0,3.0,1.0,0,1,registrado,registrada,0
4314,P001242,Cliente 053,967800,2025-07-10,1.0,0.0,1.0,1.0,0,1,registrado,registrada,0
4315,P001242,Cliente 053,969600,2025-07-10,1.0,0.0,1.0,1.0,0,1,registrado,registrada,0
4316,P001242,Cliente 053,970100,2025-07-10,1.0,0.0,1.0,1.0,0,1,registrado,registrada,0
4317,P001242,Cliente 053,990500,2025-07-10,1.0,0.0,1.0,1.0,0,1,registrado,registrada,0
4318,P001120,Cliente 290,902300,2025-07-10,600.0,0.0,600.0,1.0,0,1,registrado,registrada,0
4324,P000921,Cliente 104,976300,2025-07-11,875.0,0.0,875.0,1.0,0,1,registrado,registrada,0
4325,P000921,Cliente 104,976500,2025-07-11,875.0,0.0,875.0,1.0,0,1,registrado,registrada,0
4326,P001323,Cliente 095,974600,2025-07-11,416.0,0.0,416.0,1.0,0,1,registrado,registrada,0
4327,P001323,Cliente 095,974700,2025-07-11,1040.0,0.0,1040.0,1.0,0,1,registrado,registrada,0
4328,P001307,Cliente 279,966800,2025-07-12,3500.0,0.0,3500.0,1.0,0,1,registrado,registrada,0
4329,P001324,Cliente 279,966400,2025-07-12,15.0,0.0,15.0,1.0,0,1,registrado,registrada,0
4330,P001024,Cliente 185,942100,2025-07-12,200.0,0.0,200.0,1.0,0,1,registrado,registrada,0
4331,P001024,Cliente 185,948700,2025-07-12,120.0,0.0,120.0,1.0,0,1,registrado,registrada,0
4332,P001024,Cliente 185,949300,2025-07-12,60.0,0.0,60.0,1.0,0,1,registrado,registrada,0
4333,P001024,Cliente 185,961800,2025-07-12,40.0,0.0,40.0,1.0,0,1,registrado,registrada,0
4334,P001024,Cliente 185,981700,2025-07-12,40.0,0.0,40.0,1.0,0,1,registrado,registrada,0
4335,P001325,Cliente 185,908400,2025-07-12,40.0,0.0,40.0,1.0,0,1,registrado,registrada,0
4336,P001325,Cliente 185,991400,2025-07-12,50.0,0.0,50.0,1.0,0,1,registrado,registrada,0
4337,P001326,Cliente 185,966800,2025-07-12,200.0,0.0,200.0,1.0,0,1,registrado,registrada,0
4340,P001294,Cliente 030,948700,2025-07-14,800.0,0.0,800.0,1.0,0,1,registrado,registrada,0
4341,P001130,Cliente 017,900300,2025-07-14,20.0,0.0,20.0,1.0,0,1,registrado,registrada,0
4342,P001284,Cliente 226,976600,2025-07-14,400.0,0.0,400.0,1.0,0,1,registrado,registrada,0
4343,P001284,Cliente 226,976700,2025-07-14,300.0,0.0,300.0,1.0,0,1,registrado,registrada,0
4344,P001284,Cliente 226,976800,2025-07-14,400.0,0.0,400.0,1.0,0,1,registrado,registrada,0
4345,P000035,Cliente 359,961000,2025-07-14,10.0,0.0,10.0,1.0,0,1,registrado,registrada,0
4346,P000035,Cliente 359,969100,2025-07-14,10.0,0.0,10.0,1.0,0,1,registrado,registrada,0
4347,P000035,Cliente 359,968900,2025-07-14,12.0,0.0,12.0,1.0,0,1,registrado,registrada,0
4348,P000035,Cliente 359,971500,2025-07-14,9.0,0.0,9.0,1.0,0,1,registrado,registrada,0
4349,P000035,Cliente 359,972200,2025-07-14,65.0,0.0,65.0,1.0,0,1,registrado,registrada,0
4350,P000035,Cliente 359,966500,2025-07-14,25.0,0.0,25.0,1.0,0,1,registrado,registrada,0
4351,P000035,Cliente 359,966200,2025-07-14,54.0,0.0,54.0,1.0,0,1,registrado,registrada,0
4352,P000035,Cliente 359,966300,2025-07-14,99.0,0.0,99.0,1.0,0,1,registrado,registrada,0
4353,P000035,Cliente 359,966400,2025-07-14,69.0,0.0,69.0,1.0,0,1,registrado,registrada,0
4354,P000035,Cliente 359,966600,2025-07-14,58.0,0.0,58.0,1.0,0,1,registrado,registrada,0
4355,P000035,Cliente 359,966700,2025-07-14,33.0,0.0,33.0,1.0,0,1,registrado,registrada,0
4356,P000035,Cliente 359,966800,2025-07-14,143.0,0.0,143.0,1.0,0,1,registrado,registrada,0
4357,P000035,Cliente 359,990500,2025-07-14,19.0,0.0,19.0,1.0,0,1,registrado,registrada,0
4358,P000035,Cliente 359,970100,2025-07-14,14.0,0.0,14.0,1.0,0,1,registrado,registrada,0
4359,P000035,Cliente 359,970200,2025-07-14,40.0,0.0,40.0,1.0,0,1,registrado,registrada,0
4360,P000035,Cliente 359,967800,2025-07-14,8.0,0.0,8.0,1.0,0,1,registrado,registrada,0
4361,P001327,Cliente 176,953200,2025-07-14,80.0,0.0,80.0,1.0,0,1,registrado,registrada,0
4362,P001330,Cliente 121,974200,2025-07-14,200.0,0.0,200.0,1.0,0,1,registrado,registrada,0
4363,P001310,Cliente 065,966200,2025-07-14,30.0,0.0,30.0,1.0,0,1,registrado,registrada,0
4364,P001310,Cliente 065,966300,2025-07-14,80.0,0.0,80.0,1.0,0,1,registrado,registrada,0
4365,P001310,Cliente 065,966400,2025-07-14,80.0,0.0,80.0,1.0,0,1,registrado,registrada,0
4366,P001321,Cliente 320,961600,2025-07-14,10.0,0.0,10.0,1.0,0,1,registrado,registrada,0
4367,P001313,Cliente 079,966800,2025-07-14,20.0,0.0,20.0,1.0,0,1,registrado,registrada,0
4368,P001312,Cliente 079,950000,2025-07-14,3.0,0.0,3.0,1.0,0,1,registrado,registrada,0
4369,P001312,Cliente 079,964000,2025-07-14,20.0,0.0,20.0,1.0,0,1,registrado,registrada,0
4370,P001339,Cliente 035,953200,2025-07-14,60.0,0.0,60.0,1.0,0,1,registrado,registrada,0
4371,P001335,Cliente 336,900100,2025-07-14,20.0,0.0,20.0,1.0,0,1,registrado,registrada,0
4372,P001335,Cliente 336,902300,2025-07-14,25.0,0.0,25.0,1.0,0,1,registrado,registrada,0
4373,P001335,Cliente 336,949300,2025-07-14,12.0,0.0,12.0,1.0,0,1,registrado,registrada,0
4374,P001335,Cliente 336,951400,2025-07-14,10.0,0.0,10.0,1.0,0,1,registrado,registrada,0
4375,P001335,Cliente 336,953200,2025-07-14,150.0,0.0,150.0,1.0,0,1,registrado,registrada,0
4376,P001335,Cliente 336,953800,2025-07-14,2.0,0.0,2.0,1.0,0,1,registrado,registrada,0
4377,P001335,Cliente 336,954300,2025-07-14,1.0,0.0,1.0,1.0,0,1,registrado,registrada,0
4378,P001335,Cliente 336,954900,2025-07-14,2.0,0.0,2.0,1.0,0,1,registrado,registrada,0
4379,P001335,Cliente 336,955400,2025-07-14,1.0,0.0,1.0,1.0,0,1,registrado,registrada,0
4380,P001335,Cliente 336,956000,2025-07-14,2.0,0.0,2.0,1.0,0,1,registrado,registrada,0
4381,P001335,Cliente 336,956500,2025-07-14,1.0,1.0,2.0,0.5,1,1,ausente,registrada,0
4382,P001335,Cliente 336,957000,2025-07-14,2.0,0.0,2.0,1.0,0,1,registrado,registrada,0
4383,P001335,Cliente 336,957500,2025-07-14,1.0,1.0,2.0,0.5,1,1,ausente,registrada,0
4384,P001335,Cliente 336,958000,2025-07-14,2.0,0.0,2.0,1.0,0,1,registrado,registrada,0
4385,P001335,Cliente 336,958500,2025-07-14,1.0,0.0,1.0,1.0,0,1,registrado,registrada,0
4386,P001335,Cliente 336,959000,2025-07-14,2.0,0.0,2.0,1.0,0,1,registrado,registrada,0
4387,P001335,Cliente 336,959500,2025-07-14,1.0,1.0,2.0,0.5,1,1,ausente,registrada,0
4388,P001335,Cliente 336,960900,2025-07-14,2.0,0.0,2.0,1.0,0,1,registrado,registrada,0
4389,P001335,Cliente 336,961800,2025-07-14,10.0,0.0,10.0,1.0,0,1,registrado,registrada,0
4390,P001335,Cliente 336,964400,2025-07-14,5.0,0.0,5.0,1.0,0,1,registrado,registrada,0
4391,P001335,Cliente 336,965000,2025-07-14,1.0,0.0,1.0,1.0,0,1,registrado,registrada,0
4392,P001335,Cliente 336,965300,2025-07-14,2.0,0.0,2.0,1.0,0,1,registrado,registrada,0
4393,P001335,Cliente 336,981700,2025-07-14,2.0,0.0,2.0,1.0,0,1,registrado,registrada,0
4394,P001322,Cliente 336,966800,2025-07-14,150.0,0.0,150.0,1.0,0,1,registrado,registrada,0
4395,P001295,Cliente 092,948700,2025-07-14,40.0,0.0,40.0,1.0,0,1,registrado,registrada,0
4396,P001340,Cliente 178,949300,2025-07-14,12.0,0.0,12.0,1.0,0,1,registrado,registrada,0
4397,P001292,Cliente 146,948700,2025-07-14,38.0,0.0,38.0,1.0,0,1,registrado,registrada,0
4398,P001292,Cliente 146,949300,2025-07-14,48.0,0.0,48.0,1.0,0,1,registrado,registrada,0
4399,P001292,Cliente 146,951400,2025-07-14,14.0,0.0,14.0,1.0,0,1,registrado,registrada,0
4400,P001292,Cliente 146,953200,2025-07-14,20.0,0.0,20.0,1.0,0,1,registrado,registrada,0
4401,P001292,Cliente 146,953800,2025-07-14,3.0,0.0,3.0,1.0,0,1,registrado,registrada,0
4402,P001292,Cliente 146,954900,2025-07-14,3.0,0.0,3.0,1.0,0,1,registrado,registrada,0
4403,P001292,Cliente 146,957000,2025-07-14,3.0,0.0,3.0,1.0,0,1,registrado,registrada,0
4404,P001292,Cliente 146,958000,2025-07-14,3.0,0.0,3.0,1.0,0,1,registrado,registrada,0
4405,P001292,Cliente 146,961800,2025-07-14,8.0,0.0,8.0,1.0,0,1,registrado,registrada,0
4406,P001303,Cliente 072,949300,2025-07-14,8.0,0.0,8.0,1.0,0,1,registrado,registrada,0
4407,P001303,Cliente 072,953800,2025-07-14,15.0,0.0,15.0,1.0,0,1,registrado,registrada,0
4408,P001303,Cliente 072,956000,2025-07-14,50.0,0.0,50.0,1.0,0,1,registrado,registrada,0
4409,P001303,Cliente 072,958000,2025-07-14,30.0,0.0,30.0,1.0,0,1,registrado,registrada,0
4410,P001303,Cliente 072,959000,2025-07-14,50.0,0.0,50.0,1.0,0,1,registrado,registrada,0
4411,P001230,Cliente 095,974600,2025-07-15,832.0,0.0,832.0,1.0,0,1,registrado,registrada,0
4412,P001230,Cliente 095,974700,2025-07-15,936.0,0.0,936.0,1.0,0,1,registrado,registrada,0
4413,P001230,Cliente 095,975000,2025-07-15,520.0,0.0,520.0,1.0,0,1,registrado,registrada,0
4414,P001028,Cliente 183,948700,2025-07-16,600.0,0.0,600.0,1.0,0,1,registrado,registrada,0
4415,P001317,Cliente 157,949300,2025-07-16,80.0,0.0,80.0,1.0,0,1,registrado,registrada,0
4416,P001318,Cliente 155,949300,2025-07-16,80.0,0.0,80.0,1.0,0,1,registrado,registrada,0
4417,P001316,Cliente 119,949300,2025-07-16,200.0,0.0,200.0,1.0,0,1,registrado,registrada,0
4418,P001316,Cliente 119,951400,2025-07-16,60.0,0.0,60.0,1.0,0,1,registrado,registrada,0
4419,P001311,Cliente 217,966400,2025-07-16,50.0,0.0,50.0,1.0,0,1,registrado,registrada,0
4420,P001320,Cliente 217,966700,2025-07-16,5.0,0.0,5.0,1.0,0,1,registrado,registrada,0
4421,P000034,Cliente 365,969600,2025-07-16,57.0,0.0,57.0,1.0,0,1,registrado,registrada,0
4422,P000034,Cliente 365,969400,2025-07-16,28.0,0.0,28.0,1.0,0,1,registrado,registrada,0
4423,P000034,Cliente 365,968900,2025-07-16,24.0,0.0,24.0,1.0,0,1,registrado,registrada,0
4424,P000034,Cliente 365,971700,2025-07-16,29.0,0.0,29.0,1.0,0,1,registrado,registrada,0
4425,P000034,Cliente 365,966500,2025-07-16,18.0,0.0,18.0,1.0,0,1,registrado,registrada,0
4426,P000034,Cliente 365,966600,2025-07-16,20.0,0.0,20.0,1.0,0,1,registrado,registrada,0
4427,P000034,Cliente 365,966700,2025-07-16,504.0,0.0,504.0,1.0,0,1,registrado,registrada,0
4428,P000034,Cliente 365,966800,2025-07-16,4580.0,0.0,4580.0,1.0,0,1,registrado,registrada,0
4429,P000034,Cliente 365,990500,2025-07-16,70.0,0.0,70.0,1.0,0,1,registrado,registrada,0
4430,P000034,Cliente 365,970100,2025-07-16,57.0,0.0,57.0,1.0,0,1,registrado,registrada,0
4431,P000034,Cliente 365,970500,2025-07-16,21.0,0.0,21.0,1.0,0,1,registrado,registrada,0
4432,P000034,Cliente 365,975800,2025-07-16,223.0,0.0,223.0,1.0,0,1,registrado,registrada,0
4433,P000034,Cliente 365,966900,2025-07-16,40.0,0.0,40.0,1.0,0,1,registrado,registrada,0
4434,P000034,Cliente 365,967100,2025-07-16,101.0,0.0,101.0,1.0,0,1,registrado,registrada,0
4435,P000034,Cliente 365,967800,2025-07-16,180.0,0.0,180.0,1.0,0,1,registrado,registrada,0
4436,P000034,Cliente 365,967900,2025-07-16,255.0,0.0,255.0,1.0,0,1,registrado,registrada,0
4437,P001341,Cliente 246,948600,2025-07-16,300.0,0.0,300.0,1.0,0,1,registrado,registrada,0
4438,P001341,Cliente 246,953800,2025-07-16,100.0,0.0,100.0,1.0,0,1,registrado,registrada,0
4439,P001341,Cliente 246,954900,2025-07-16,100.0,0.0,100.0,1.0,0,1,registrado,registrada,0
4440,P001341,Cliente 246,958000,2025-07-16,100.0,0.0,100.0,1.0,0,1,registrado,registrada,0
4441,P001341,Cliente 246,962100,2025-07-16,300.0,0.0,300.0,1.0,0,1,registrado,registrada,0
4442,P001341,Cliente 246,982000,2025-07-16,300.0,0.0,300.0,1.0,0,1,registrado,registrada,0
4443,P001300,Cliente 091,948700,2025-07-17,9.0,0.0,9.0,1.0,0,1,registrado,registrada,0
4444,P000716,Cliente 091,950400,2025-07-17,600.0,0.0,600.0,1.0,0,1,registrado,registrada,0
4445,P001358,Cliente 024,902300,2025-07-17,30.0,0.0,30.0,1.0,0,1,registrado,registrada,0
4446,P001358,Cliente 024,949200,2025-07-17,100.0,0.0,100.0,1.0,0,1,registrado,registrada,0
4447,P001358,Cliente 024,951600,2025-07-17,150.0,0.0,150.0,1.0,0,1,registrado,registrada,0
4448,P001358,Cliente 024,956000,2025-07-17,40.0,0.0,40.0,1.0,0,1,registrado,registrada,0
4449,P001343,Cliente 024,146431,2025-07-17,55.0,0.0,55.0,1.0,0,1,registrado,registrada,0
4450,P001344,Cliente 024,990900,2025-07-17,45.0,0.0,45.0,1.0,0,1,registrado,registrada,0
4451,P001342,Cliente 024,147200,2025-07-17,55.0,0.0,55.0,1.0,0,1,registrado,registrada,0
4452,P001345,Cliente 024,146401,2025-07-17,150.0,0.0,150.0,1.0,0,1,registrado,registrada,0
4453,P001346,Cliente 024,146701,2025-07-17,70.0,0.0,70.0,1.0,0,1,registrado,registrada,0
4454,P001347,Cliente 024,987350,2025-07-17,60.0,0.0,60.0,1.0,0,1,registrado,registrada,0
4455,P001348,Cliente 024,979000,2025-07-17,100.0,0.0,100.0,1.0,0,1,registrado,registrada,0
4456,P001349,Cliente 024,146801,2025-07-17,45.0,1.0,46.0,0.9782608695652174,1,1,registrado,registrada,0
4457,P001285,Cliente 027,954200,2025-07-17,1.0,0.0,1.0,1.0,0,1,registrado,registrada,0
4458,P001285,Cliente 027,955300,2025-07-17,1.0,0.0,1.0,1.0,0,1,registrado,registrada,0
4459,P001285,Cliente 027,958400,2025-07-17,1.0,0.0,1.0,1.0,0,1,registrado,registrada,0
4460,P001285,Cliente 027,961600,2025-07-17,1.0,0.0,1.0,1.0,0,1,registrado,registrada,0
4461,P001285,Cliente 027,963900,2025-07-17,1.0,1.0,2.0,0.5,1,1,estimado_nao_verificado,registrada,0
4462,P001285,Cliente 027,964000,2025-07-17,1.0,0.0,1.0,1.0,0,1,registrado,registrada,0
4463,P001285,Cliente 027,964800,2025-07-17,1.0,0.0,1.0,1.0,0,1,registrado,registrada,0
4464,P000036,Cliente 355,961600,2025-07-17,65.0,0.0,65.0,1.0,0,1,registrado,registrada,0
4465,P000036,Cliente 355,964800,2025-07-17,15.0,0.0,15.0,1.0,0,1,registrado,registrada,0
4466,P000036,Cliente 355,959400,2025-07-17,8.0,0.0,8.0,1.0,0,1,registrado,registrada,0
4467,P000036,Cliente 355,958400,2025-07-17,15.0,0.0,15.0,1.0,0,1,registrado,registrada,0
4468,P000036,Cliente 355,957400,2025-07-17,7.0,0.0,7.0,1.0,0,1,registrado,registrada,0
4469,P000036,Cliente 355,955300,2025-07-17,5.0,0.0,5.0,1.0,0,1,registrado,registrada,0
4470,P000036,Cliente 355,954200,2025-07-17,5.0,0.0,5.0,1.0,0,1,registrado,registrada,0
4471,P000036,Cliente 355,950000,2025-07-17,1.0,0.0,1.0,1.0,0,1,registrado,registrada,0
4472,P000036,Cliente 355,951300,2025-07-17,1.0,1.0,2.0,0.5,1,1,estimado_nao_verificado,registrada,0
4473,P000036,Cliente 355,981500,2025-07-17,1.0,0.0,1.0,1.0,0,1,registrado,registrada,0
4474,P000036,Cliente 355,964000,2025-07-17,10.0,0.0,10.0,1.0,0,1,registrado,registrada,0
4475,P000036,Cliente 355,961000,2025-07-17,20.0,0.0,20.0,1.0,0,1,estimado_nao_verificado,registrada,0
4476,P000036,Cliente 355,969100,2025-07-17,7.0,0.0,7.0,1.0,0,1,registrado,registrada,0
4477,P000036,Cliente 355,968900,2025-07-17,4.0,0.0,4.0,1.0,0,1,registrado,registrada,0
4478,P000036,Cliente 355,971500,2025-07-17,1.0,0.0,1.0,1.0,0,1,registrado,registrada,0
4479,P000036,Cliente 355,972200,2025-07-17,27.0,0.0,27.0,1.0,0,1,registrado,registrada,0
4480,P000036,Cliente 355,966200,2025-07-17,47.0,0.0,47.0,1.0,0,1,registrado,registrada,0
4481,P000036,Cliente 355,966300,2025-07-17,62.0,0.0,62.0,1.0,0,1,registrado,registrada,0
4482,P000036,Cliente 355,966400,2025-07-17,82.0,0.0,82.0,1.0,0,1,registrado,registrada,0
4483,P000036,Cliente 355,966500,2025-07-17,15.0,0.0,15.0,1.0,0,1,registrado,registrada,0
4484,P000036,Cliente 355,966600,2025-07-17,142.0,0.0,142.0,1.0,0,1,registrado,registrada,0
4485,P000036,Cliente 355,966700,2025-07-17,47.0,0.0,47.0,1.0,0,1,registrado,registrada,0
4486,P000036,Cliente 355,966800,2025-07-17,1730.0,0.0,1730.0,1.0,0,1,registrado,registrada,0
4487,P000036,Cliente 355,971300,2025-07-17,1.0,0.0,1.0,1.0,0,1,registrado,registrada,0
4488,P000036,Cliente 355,990500,2025-07-17,5.0,0.0,5.0,1.0,0,1,registrado,registrada,0
4489,P000036,Cliente 355,970100,2025-07-17,2.0,0.0,2.0,1.0,0,1,registrado,registrada,0
4490,P000036,Cliente 355,970500,2025-07-17,1.0,0.0,1.0,1.0,0,1,registrado,registrada,0
4491,P000036,Cliente 355,970200,2025-07-17,7.0,0.0,7.0,1.0,0,1,registrado,registrada,0
4492,P000036,Cliente 355,967100,2025-07-17,5.0,0.0,5.0,1.0,0,1,registrado,registrada,0
4493,P000036,Cliente 355,967800,2025-07-17,2.0,0.0,2.0,1.0,0,1,registrado,registrada,0
4494,P001360,Cliente 185,902300,2025-07-18,600.0,0.0,600.0,1.0,0,1,registrado,registrada,0
4495,P001383,Cliente 286,902300,2025-07-18,120.0,0.0,120.0,1.0,0,1,registrado,registrada,0
4496,P001352,Cliente 262,900100,2025-07-18,1100.0,0.0,1100.0,1.0,0,1,registrado,registrada,0
4497,P001356,Cliente 109,953800,2025-07-18,50.0,0.0,50.0,1.0,0,1,registrado,registrada,0
4498,P001356,Cliente 109,954900,2025-07-18,50.0,0.0,50.0,1.0,0,1,registrado,registrada,0
4499,P001356,Cliente 109,957000,2025-07-18,50.0,0.0,50.0,1.0,0,1,registrado,registrada,0
4500,P001356,Cliente 109,958000,2025-07-18,130.0,0.0,130.0,1.0,0,1,registrado,registrada,0
4501,P001356,Cliente 109,959000,2025-07-18,20.0,0.0,20.0,1.0,0,1,registrado,registrada,0
4502,P001332,Cliente 014,967100,2025-07-18,50.0,0.0,50.0,1.0,0,1,registrado,registrada,0
4503,P001332,Cliente 014,967800,2025-07-18,20.0,0.0,20.0,1.0,0,1,registrado,registrada,0
4504,P001331,Cliente 014,961600,2025-07-18,60.0,0.0,60.0,1.0,0,1,registrado,registrada,0
4505,P001331,Cliente 014,964000,2025-07-18,60.0,0.0,60.0,1.0,0,1,registrado,registrada,0
4506,P001334,Cliente 225,967100,2025-07-18,50.0,0.0,50.0,1.0,0,1,registrado,registrada,0
4507,P001334,Cliente 225,967800,2025-07-18,20.0,0.0,20.0,1.0,0,1,registrado,registrada,0
4508,P001333,Cliente 225,961600,2025-07-18,100.0,0.0,100.0,1.0,0,1,registrado,registrada,0
4509,P001333,Cliente 225,964000,2025-07-18,100.0,0.0,100.0,1.0,0,1,registrado,registrada,0
4510,P001329,Cliente 200,964000,2025-07-18,1.0,0.0,1.0,1.0,0,1,registrado,registrada,0
4511,P001336,Cliente 199,961600,2025-07-18,5.0,0.0,5.0,1.0,0,1,registrado,registrada,0
4512,P001337,Cliente 199,966900,2025-07-18,30.0,0.0,30.0,1.0,0,1,registrado,registrada,0
4513,P001299,Cliente 198,961600,2025-07-18,100.0,0.0,100.0,1.0,0,1,registrado,registrada,0
4514,P001304,Cliente 032,961600,2025-07-18,20.0,0.0,20.0,1.0,0,1,registrado,registrada,0
4515,P001304,Cliente 032,964000,2025-07-18,20.0,0.0,20.0,1.0,0,1,registrado,registrada,0
4516,P001355,Cliente 036,961600,2025-07-18,30.0,0.0,30.0,1.0,0,1,registrado,registrada,0
4517,P001328,Cliente 174,948600,2025-07-18,3.0,0.0,3.0,1.0,0,1,registrado,registrada,0
4518,P001328,Cliente 174,953800,2025-07-18,4.0,0.0,4.0,1.0,0,1,registrado,registrada,0
4519,P001328,Cliente 174,954900,2025-07-18,8.0,0.0,8.0,1.0,0,1,registrado,registrada,0
4520,P001328,Cliente 174,957000,2025-07-18,1.0,0.0,1.0,1.0,0,1,registrado,registrada,0
4521,P001328,Cliente 174,958000,2025-07-18,12.0,0.0,12.0,1.0,0,1,registrado,registrada,0
4522,P001328,Cliente 174,959000,2025-07-18,8.0,0.0,8.0,1.0,0,1,registrado,registrada,0
4523,P001328,Cliente 174,962100,2025-07-18,4.0,0.0,4.0,1.0,0,1,registrado,registrada,0
4524,P001381,Cliente 245,951400,2025-07-18,4.0,0.0,4.0,1.0,0,1,registrado,registrada,0
4525,P001278,Cliente 061,950400,2025-07-19,400.0,0.0,400.0,1.0,0,1,registrado,registrada,0
4526,P001366,Cliente 017,900300,2025-07-20,20.0,0.0,20.0,1.0,0,1,estimado_nao_verificado,registrada,0
4527,P001231,Cliente 095,974600,2025-07-21,728.0,0.0,728.0,1.0,0,1,registrado,registrada,0
4528,P001231,Cliente 095,974700,2025-07-21,1040.0,0.0,1040.0,1.0,0,1,registrado,registrada,0
4529,P001231,Cliente 095,975000,2025-07-21,520.0,0.0,520.0,1.0,0,1,registrado,registrada,0
4530,P001388,Cliente 013,981700,2025-07-21,2.0,0.0,2.0,1.0,0,1,estimado_nao_verificado,registrada,0
4531,P001367,Cliente 017,900300,2025-07-21,20.0,0.0,20.0,1.0,0,1,estimado_nao_verificado,registrada,0
4532,P001386,Cliente 243,954200,2025-07-21,20.0,0.0,20.0,1.0,0,1,registrado,registrada,0
4533,P001386,Cliente 243,957400,2025-07-21,20.0,0.0,20.0,1.0,0,1,registrado,registrada,0
4534,P001386,Cliente 243,958400,2025-07-21,20.0,0.0,20.0,1.0,0,1,registrado,registrada,0
4535,P001386,Cliente 243,959400,2025-07-21,20.0,0.0,20.0,1.0,0,1,registrado,registrada,0
4536,P001386,Cliente 243,964800,2025-07-21,20.0,0.0,20.0,1.0,0,1,registrado,registrada,0
4537,P000037,Cliente 364,961000,2025-07-21,5.0,0.0,5.0,1.0,0,1,registrado,registrada,0
4538,P000037,Cliente 364,968900,2025-07-21,2.0,0.0,2.0,1.0,0,1,registrado,registrada,0
4539,P000037,Cliente 364,972200,2025-07-21,59.0,0.0,59.0,1.0,0,1,registrado,registrada,0
4540,P000037,Cliente 364,966200,2025-07-21,45.0,0.0,45.0,1.0,0,1,registrado,registrada,0
4541,P000037,Cliente 364,966300,2025-07-21,54.0,0.0,54.0,1.0,0,1,registrado,registrada,0
4542,P000037,Cliente 364,966400,2025-07-21,38.0,0.0,38.0,1.0,0,1,registrado,registrada,0
4543,P000037,Cliente 364,966500,2025-07-21,2.0,0.0,2.0,1.0,0,1,registrado,registrada,0
4544,P000037,Cliente 364,966600,2025-07-21,28.0,0.0,28.0,1.0,0,1,registrado,registrada,0
4545,P000037,Cliente 364,966700,2025-07-21,15.0,0.0,15.0,1.0,0,1,registrado,registrada,0
4546,P000037,Cliente 364,966800,2025-07-21,165.0,0.0,165.0,1.0,0,1,registrado,registrada,0
4547,P000037,Cliente 364,990500,2025-07-21,2.0,0.0,2.0,1.0,0,1,registrado,registrada,0
4548,P000037,Cliente 364,970100,2025-07-21,2.0,0.0,2.0,1.0,0,1,registrado,registrada,0
4549,P000037,Cliente 364,967800,2025-07-21,2.0,0.0,2.0,1.0,0,1,registrado,registrada,0
4550,P001384,Cliente 081,966800,2025-07-21,40.0,0.0,40.0,1.0,0,1,registrado,registrada,0
4551,P001380,Cliente 081,961000,2025-07-21,15.0,0.0,15.0,1.0,0,1,registrado,registrada,0
4552,P001380,Cliente 081,966200,2025-07-21,20.0,0.0,20.0,1.0,0,1,registrado,registrada,0
4553,P001380,Cliente 081,966300,2025-07-21,50.0,0.0,50.0,1.0,0,1,registrado,registrada,0
4554,P001380,Cliente 081,966400,2025-07-21,30.0,0.0,30.0,1.0,0,1,registrado,registrada,0
4555,P001380,Cliente 081,966600,2025-07-21,15.0,0.0,15.0,1.0,0,1,registrado,registrada,0
4556,P001380,Cliente 081,966700,2025-07-21,15.0,0.0,15.0,1.0,0,1,registrado,registrada,0
4557,P001380,Cliente 081,966800,2025-07-21,400.0,0.0,400.0,1.0,0,1,registrado,registrada,0
4558,P001380,Cliente 081,972200,2025-07-21,30.0,0.0,30.0,1.0,0,1,registrado,registrada,0
4559,P001382,Cliente 064,966800,2025-07-21,10.0,0.0,10.0,1.0,0,1,registrado,registrada,0
4560,P001379,Cliente 064,953000,2025-07-21,5.0,5.0,10.0,0.5,1,1,ausente,registrada,0
4561,P001379,Cliente 064,961000,2025-07-21,10.0,0.0,10.0,1.0,0,1,registrado,registrada,0
4562,P001379,Cliente 064,966200,2025-07-21,10.0,0.0,10.0,1.0,0,1,registrado,registrada,0
4563,P001379,Cliente 064,966300,2025-07-21,20.0,0.0,20.0,1.0,0,1,registrado,registrada,0
4564,P001379,Cliente 064,966400,2025-07-21,20.0,0.0,20.0,1.0,0,1,registrado,registrada,0
4565,P001379,Cliente 064,966500,2025-07-21,10.0,0.0,10.0,1.0,0,1,registrado,registrada,0
4566,P001379,Cliente 064,966800,2025-07-21,100.0,0.0,100.0,1.0,0,1,registrado,registrada,0
4567,P001379,Cliente 064,967800,2025-07-21,10.0,0.0,10.0,1.0,0,1,registrado,registrada,0
4568,P001379,Cliente 064,968900,2025-07-21,15.0,0.0,15.0,1.0,0,1,registrado,registrada,0
4569,P001379,Cliente 064,970100,2025-07-21,15.0,0.0,15.0,1.0,0,1,registrado,registrada,0
4570,P001379,Cliente 064,972200,2025-07-21,50.0,0.0,50.0,1.0,0,1,registrado,registrada,0
4571,P001379,Cliente 064,990500,2025-07-21,15.0,0.0,15.0,1.0,0,1,registrado,registrada,0
4572,P001363,Cliente 344,949300,2025-07-21,120.0,0.0,120.0,1.0,0,1,registrado,registrada,0
4573,P001387,Cliente 321,987400,2025-07-21,50.0,0.0,50.0,1.0,0,1,registrado,registrada,0
4574,P001353,Cliente 321,987400,2025-07-21,4.0,0.0,4.0,1.0,0,1,registrado,registrada,0
4575,P001361,Cliente 234,954200,2025-07-21,10.0,0.0,10.0,1.0,0,1,registrado,registrada,0
4576,P001361,Cliente 234,955300,2025-07-21,5.0,0.0,5.0,1.0,0,1,registrado,registrada,0
4577,P001361,Cliente 234,957400,2025-07-21,5.0,0.0,5.0,1.0,0,1,registrado,registrada,0
4578,P001361,Cliente 234,958400,2025-07-21,15.0,0.0,15.0,1.0,0,1,registrado,registrada,0
4579,P001361,Cliente 234,959400,2025-07-21,10.0,0.0,10.0,1.0,0,1,registrado,registrada,0
4580,P001361,Cliente 234,964800,2025-07-21,15.0,0.0,15.0,1.0,0,1,registrado,registrada,0
4581,P001397,Cliente 353,902300,2025-07-21,800.0,0.0,800.0,1.0,0,1,registrado,registrada,0
4582,P001378,Cliente 093,976300,2025-07-21,563.0,0.0,563.0,1.0,0,1,registrado,registrada,0
4583,P001378,Cliente 093,976500,2025-07-21,1188.0,0.0,1188.0,1.0,0,1,registrado,registrada,0
4584,P001098,Cliente 169,949300,2025-07-21,400.0,0.0,400.0,1.0,0,1,registrado,registrada,0
4585,P001098,Cliente 169,961800,2025-07-21,4.0,0.0,4.0,1.0,0,1,registrado,registrada,0
4586,P001385,Cliente 203,966800,2025-07-21,1688.0,0.0,1688.0,1.0,0,1,registrado,registrada,0
4587,P001368,Cliente 017,900300,2025-07-21,20.0,0.0,20.0,1.0,0,1,estimado_nao_verificado,registrada,0
4588,P001179,Cliente 053,902300,2025-07-23,280.0,0.0,280.0,1.0,0,1,registrado,registrada,0
4589,P001179,Cliente 053,951600,2025-07-23,1300.0,0.0,1300.0,1.0,0,1,registrado,registrada,0
4590,P001179,Cliente 053,954900,2025-07-23,400.0,0.0,400.0,1.0,0,1,registrado,registrada,0
4591,P001179,Cliente 053,958000,2025-07-23,400.0,0.0,400.0,1.0,0,1,registrado,registrada,0
4592,P001179,Cliente 053,962100,2025-07-23,100.0,0.0,100.0,1.0,0,1,registrado,registrada,0
4593,P001369,Cliente 017,900300,2025-07-23,20.0,0.0,20.0,1.0,0,1,registrado,registrada,0
4594,P001410,Cliente 053,966200,2025-07-23,1.0,0.0,1.0,1.0,0,1,registrado,registrada,0
4595,P001410,Cliente 053,966300,2025-07-23,1.0,0.0,1.0,1.0,0,1,registrado,registrada,0
4596,P001410,Cliente 053,966400,2025-07-23,1.0,0.0,1.0,1.0,0,1,registrado,registrada,0
4597,P001410,Cliente 053,966500,2025-07-23,1.0,0.0,1.0,1.0,0,1,registrado,registrada,0
4598,P001410,Cliente 053,966600,2025-07-23,1.0,0.0,1.0,1.0,0,1,registrado,registrada,0
4599,P001410,Cliente 053,966700,2025-07-23,2.0,0.0,2.0,1.0,0,1,registrado,registrada,0
4600,P001410,Cliente 053,966800,2025-07-23,3.0,0.0,3.0,1.0,0,1,registrado,registrada,0
4601,P001410,Cliente 053,967800,2025-07-23,1.0,0.0,1.0,1.0,0,1,registrado,registrada,0
4602,P001410,Cliente 053,969600,2025-07-23,1.0,0.0,1.0,1.0,0,1,registrado,registrada,0
4603,P001410,Cliente 053,990500,2025-07-23,1.0,0.0,1.0,1.0,0,1,registrado,registrada,0
4604,P001410,Cliente 053,970100,2025-07-23,1.0,0.0,1.0,1.0,0,1,registrado,registrada,0
4605,P001408,Cliente 222,966400,2025-07-23,1.0,0.0,1.0,1.0,0,1,registrado,registrada,0
4606,P001408,Cliente 222,966700,2025-07-23,1.0,0.0,1.0,1.0,0,1,registrado,registrada,0
4607,P001408,Cliente 222,966800,2025-07-23,30.0,0.0,30.0,1.0,0,1,registrado,registrada,0
4608,P001408,Cliente 222,967700,2025-07-23,1.0,0.0,1.0,1.0,0,1,registrado,registrada,0
4609,P001408,Cliente 222,969600,2025-07-23,2.0,0.0,2.0,1.0,0,1,registrado,registrada,0
4610,P001408,Cliente 222,970000,2025-07-23,1.0,0.0,1.0,1.0,0,1,registrado,registrada,0
4611,P001408,Cliente 222,971900,2025-07-23,1.0,0.0,1.0,1.0,0,1,registrado,registrada,0
4612,P001409,Cliente 222,954200,2025-07-23,1.0,0.0,1.0,1.0,0,1,registrado,registrada,0
4613,P001409,Cliente 222,958400,2025-07-23,1.0,0.0,1.0,1.0,0,1,registrado,registrada,0
4614,P001409,Cliente 222,964800,2025-07-23,1.0,0.0,1.0,1.0,0,1,registrado,registrada,0
4615,P001405,Cliente 025,961000,2025-07-23,20.0,0.0,20.0,1.0,0,1,registrado,registrada,0
4616,P001405,Cliente 025,967900,2025-07-23,15.0,0.0,15.0,1.0,0,1,registrado,registrada,0
4617,P001405,Cliente 025,969600,2025-07-23,10.0,0.0,10.0,1.0,0,1,registrado,registrada,0
4618,P001405,Cliente 025,971900,2025-07-23,10.0,0.0,10.0,1.0,0,1,registrado,registrada,0
4619,P000038,Cliente 365,949300,2025-07-24,12.0,0.0,12.0,1.0,0,1,registrado,registrada,0
4620,P000038,Cliente 365,969600,2025-07-24,4.0,0.0,4.0,1.0,0,1,registrado,registrada,0
4621,P000038,Cliente 365,969400,2025-07-24,3.0,0.0,3.0,1.0,0,1,registrado,registrada,0
4622,P000038,Cliente 365,968900,2025-07-24,33.0,0.0,33.0,1.0,0,1,registrado,registrada,0
4623,P000038,Cliente 365,971700,2025-07-24,2.0,0.0,2.0,1.0,0,1,registrado,registrada,0
4624,P000038,Cliente 365,966500,2025-07-24,10.0,0.0,10.0,1.0,0,1,registrado,registrada,0
4625,P000038,Cliente 365,966600,2025-07-24,8.0,0.0,8.0,1.0,0,1,registrado,registrada,0
4626,P000038,Cliente 365,966700,2025-07-24,656.0,0.0,656.0,1.0,0,1,registrado,registrada,0
4627,P000038,Cliente 365,966800,2025-07-24,3790.0,0.0,3790.0,1.0,0,1,registrado,registrada,0
4628,P000038,Cliente 365,990500,2025-07-24,126.0,0.0,126.0,1.0,0,1,registrado,registrada,0
4629,P000038,Cliente 365,970100,2025-07-24,44.0,0.0,44.0,1.0,0,1,registrado,registrada,0
4630,P000038,Cliente 365,970500,2025-07-24,1.0,0.0,1.0,1.0,0,1,registrado,registrada,0
4631,P000038,Cliente 365,975800,2025-07-24,305.0,0.0,305.0,1.0,0,1,registrado,registrada,0
4632,P000038,Cliente 365,966900,2025-07-24,48.0,0.0,48.0,1.0,0,1,registrado,registrada,0
4633,P000038,Cliente 365,967100,2025-07-24,36.0,0.0,36.0,1.0,0,1,registrado,registrada,0
4634,P000038,Cliente 365,967800,2025-07-24,124.0,0.0,124.0,1.0,0,1,registrado,registrada,0
4635,P000038,Cliente 365,967900,2025-07-24,101.0,0.0,101.0,1.0,0,1,registrado,registrada,0
4636,P001412,Cliente 066,902300,2025-07-24,400.0,0.0,400.0,1.0,0,1,registrado,registrada,0
4637,P001395,Cliente 201,902300,2025-07-24,24.0,0.0,24.0,1.0,0,1,registrado,registrada,0
4638,P001395,Cliente 201,948700,2025-07-24,36.0,0.0,36.0,1.0,0,1,registrado,registrada,0
4639,P001395,Cliente 201,961800,2025-07-24,48.0,0.0,48.0,1.0,0,1,registrado,registrada,0
4640,P001395,Cliente 201,981700,2025-07-24,36.0,0.0,36.0,1.0,0,1,registrado,registrada,0
4641,P001364,Cliente 076,975700,2025-07-24,700.0,0.0,700.0,1.0,0,1,registrado,registrada,0
4642,P001354,Cliente 076,975600,2025-07-24,1.0,0.0,1.0,1.0,0,1,registrado,registrada,0
4643,P001354,Cliente 076,975700,2025-07-24,7.0,0.0,7.0,1.0,0,1,registrado,registrada,0
4644,P001406,Cliente 062,953200,2025-07-24,100.0,0.0,100.0,1.0,0,1,registrado,registrada,0
4645,P001406,Cliente 062,961700,2025-07-24,100.0,0.0,100.0,1.0,0,1,registrado,registrada,0
4646,P001406,Cliente 062,976100,2025-07-24,335.0,0.0,335.0,1.0,0,1,registrado,registrada,0
4647,P001406,Cliente 062,991500,2025-07-24,50.0,0.0,50.0,1.0,0,1,registrado,registrada,0
4648,P001359,Cliente 024,949200,2025-07-25,200.0,0.0,200.0,1.0,0,1,registrado,registrada,0
4649,P001359,Cliente 024,951600,2025-07-25,400.0,0.0,400.0,1.0,0,1,registrado,registrada,0
4650,P001359,Cliente 024,953800,2025-07-25,350.0,0.0,350.0,1.0,0,1,registrado,registrada,0
4651,P001359,Cliente 024,954900,2025-07-25,375.0,0.0,375.0,1.0,0,1,registrado,registrada,0
4652,P001359,Cliente 024,957000,2025-07-25,30.0,0.0,30.0,1.0,0,1,registrado,registrada,0
4653,P001359,Cliente 024,958000,2025-07-25,400.0,0.0,400.0,1.0,0,1,registrado,registrada,0
4654,P001359,Cliente 024,959000,2025-07-25,30.0,0.0,30.0,1.0,0,1,registrado,registrada,0
4655,P001359,Cliente 024,962100,2025-07-25,250.0,0.0,250.0,1.0,0,1,registrado,registrada,0
4656,P001359,Cliente 024,963400,2025-07-25,120.0,0.0,120.0,1.0,0,1,registrado,registrada,0
4657,P001396,Cliente 091,987000,2025-07-25,120000.0,0.0,120000.0,1.0,0,1,registrado,registrada,0
4658,P001302,Cliente 091,965200,2025-07-25,200.0,0.0,200.0,1.0,0,1,registrado,registrada,0
4659,P001389,Cliente 245,948700,2025-07-25,5.0,0.0,5.0,1.0,0,1,registrado,registrada,0
4660,P001389,Cliente 245,951400,2025-07-25,2.0,0.0,2.0,1.0,0,1,registrado,registrada,0
4661,P001389,Cliente 245,954100,2025-07-25,4.0,0.0,4.0,1.0,0,1,registrado,registrada,0
4662,P001389,Cliente 245,955200,2025-07-25,2.0,0.0,2.0,1.0,0,1,registrado,registrada,0
4663,P001389,Cliente 245,958300,2025-07-25,3.0,0.0,3.0,1.0,0,1,registrado,registrada,0
4664,P001389,Cliente 245,964700,2025-07-25,3.0,0.0,3.0,1.0,0,1,registrado,registrada,0
4665,P001421,Cliente 222,966800,2025-07-25,10.0,0.0,10.0,1.0,0,1,registrado,registrada,0
4666,P001421,Cliente 222,969600,2025-07-25,2.0,0.0,2.0,1.0,0,1,registrado,registrada,0
4667,P001421,Cliente 222,971700,2025-07-25,1.0,0.0,1.0,1.0,0,1,registrado,registrada,0
4668,P001421,Cliente 222,971900,2025-07-25,2.0,0.0,2.0,1.0,0,1,registrado,registrada,0
4669,P001422,Cliente 222,950000,2025-07-25,1.0,0.0,1.0,1.0,0,1,registrado,registrada,0
4670,P001422,Cliente 222,952300,2025-07-25,1.0,0.0,1.0,1.0,0,1,registrado,registrada,0
4671,P001422,Cliente 222,953100,2025-07-25,1.0,1.0,2.0,0.5,1,1,estimado_nao_verificado,registrada,0
4672,P001422,Cliente 222,957400,2025-07-25,1.0,0.0,1.0,1.0,0,1,registrado,registrada,0
4673,P001422,Cliente 222,959400,2025-07-25,1.0,0.0,1.0,1.0,0,1,registrado,registrada,0
4674,P001422,Cliente 222,961000,2025-07-25,1.0,0.0,1.0,1.0,0,1,registrado,registrada,0
4675,P001404,Cliente 311,966400,2025-07-25,20.0,0.0,20.0,1.0,0,1,registrado,registrada,0
4676,P001407,Cliente 061,950400,2025-07-25,400.0,0.0,400.0,1.0,0,1,registrado,registrada,0
4677,P001403,Cliente 106,966400,2025-07-25,40.0,0.0,40.0,1.0,0,1,registrado,registrada,0
4678,P001403,Cliente 106,966700,2025-07-25,15.0,0.0,15.0,1.0,0,1,registrado,registrada,0
4679,P001376,Cliente 232,949300,2025-07-25,4.0,0.0,4.0,1.0,0,1,registrado,registrada,0
4680,P001376,Cliente 232,950400,2025-07-25,60.0,0.0,60.0,1.0,0,1,registrado,registrada,0
4681,P001411,Cliente 037,902300,2025-07-25,200.0,0.0,200.0,1.0,0,1,registrado,registrada,0
4682,P001402,Cliente 334,961600,2025-07-25,70.0,0.0,70.0,1.0,0,1,registrado,registrada,0
4683,P001402,Cliente 334,981500,2025-07-25,10.0,0.0,10.0,1.0,0,1,registrado,registrada,0
4684,P001400,Cliente 022,902300,2025-07-25,80.0,0.0,80.0,1.0,0,1,registrado,registrada,0
4685,P001400,Cliente 022,948700,2025-07-25,40.0,0.0,40.0,1.0,0,1,registrado,registrada,0
4686,P001415,Cliente 022,902300,2025-07-25,40.0,0.0,40.0,1.0,0,1,registrado,registrada,0
4687,P001357,Cliente 016,949300,2025-07-25,70.0,0.0,70.0,1.0,0,1,registrado,registrada,0
4688,P001357,Cliente 016,951400,2025-07-25,6.0,0.0,6.0,1.0,0,1,registrado,registrada,0
4689,P001357,Cliente 016,961800,2025-07-25,40.0,0.0,40.0,1.0,0,1,registrado,registrada,0
4690,P001362,Cliente 339,902300,2025-07-25,40.0,0.0,40.0,1.0,0,1,registrado,registrada,0
4691,P001362,Cliente 339,949300,2025-07-25,140.0,0.0,140.0,1.0,0,1,registrado,registrada,0
4692,P001362,Cliente 339,950400,2025-07-25,60.0,0.0,60.0,1.0,0,1,registrado,registrada,0
4693,P001377,Cliente 339,902300,2025-07-25,2.0,0.0,2.0,1.0,0,1,registrado,registrada,0
4694,P001232,Cliente 095,974600,2025-07-28,1144.0,0.0,1144.0,1.0,0,1,registrado,registrada,0
4695,P001232,Cliente 095,974700,2025-07-28,520.0,0.0,520.0,1.0,0,1,registrado,registrada,0
4696,P001232,Cliente 095,975000,2025-07-28,624.0,0.0,624.0,1.0,0,1,registrado,registrada,0
4697,P001370,Cliente 017,900300,2025-07-28,20.0,0.0,20.0,1.0,0,1,estimado_nao_verificado,registrada,0
4698,P001420,Cliente 013,961800,2025-07-28,160.0,0.0,160.0,1.0,0,1,registrado,registrada,0
4699,P001420,Cliente 013,981700,2025-07-28,40.0,0.0,40.0,1.0,0,1,registrado,registrada,0
4700,P001394,Cliente 256,900300,2025-07-29,20.0,0.0,20.0,1.0,0,1,registrado,registrada,0
4701,P001371,Cliente 017,900300,2025-07-29,20.0,0.0,20.0,1.0,0,1,estimado_nao_verificado,registrada,0
4702,P000039,Cliente 355,961600,2025-07-29,29.0,0.0,29.0,1.0,0,1,registrado,registrada,0
4703,P000039,Cliente 355,964000,2025-07-29,5.0,0.0,5.0,1.0,0,1,registrado,registrada,0
4704,P000039,Cliente 355,961000,2025-07-29,23.0,0.0,23.0,1.0,0,1,registrado,registrada,0
4705,P000039,Cliente 355,969600,2025-07-29,2.0,0.0,2.0,1.0,0,1,registrado,registrada,0
4706,P000039,Cliente 355,969100,2025-07-29,20.0,0.0,20.0,1.0,0,1,registrado,registrada,0
4707,P000039,Cliente 355,968800,2025-07-29,5.0,0.0,5.0,1.0,0,1,registrado,registrada,0
4708,P000039,Cliente 355,968900,2025-07-29,10.0,0.0,10.0,1.0,0,1,registrado,registrada,0
4709,P000039,Cliente 355,971500,2025-07-29,20.0,0.0,20.0,1.0,0,1,registrado,registrada,0
4710,P000039,Cliente 355,972100,2025-07-29,2.0,0.0,2.0,1.0,0,1,registrado,registrada,0
4711,P000039,Cliente 355,972200,2025-07-29,99.0,0.0,99.0,1.0,0,1,registrado,registrada,0
4712,P000039,Cliente 355,966200,2025-07-29,105.0,0.0,105.0,1.0,0,1,registrado,registrada,0
4713,P000039,Cliente 355,966300,2025-07-29,67.0,0.0,67.0,1.0,0,1,registrado,registrada,0
4714,P000039,Cliente 355,966400,2025-07-29,104.0,0.0,104.0,1.0,0,1,registrado,registrada,0
4715,P000039,Cliente 355,966500,2025-07-29,38.0,0.0,38.0,1.0,0,1,registrado,registrada,0
4716,P000039,Cliente 355,966600,2025-07-29,200.0,0.0,200.0,1.0,0,1,estimado_nao_verificado,registrada,0
4717,P000039,Cliente 355,966700,2025-07-29,38.0,0.0,38.0,1.0,0,1,registrado,registrada,0
4718,P000039,Cliente 355,966800,2025-07-29,4040.0,0.0,4040.0,1.0,0,1,registrado,registrada,0
4719,P000039,Cliente 355,990500,2025-07-29,6.0,0.0,6.0,1.0,0,1,registrado,registrada,0
4720,P000039,Cliente 355,990400,2025-07-29,6.0,0.0,6.0,1.0,0,1,registrado,registrada,0
4721,P000039,Cliente 355,970100,2025-07-29,8.0,0.0,8.0,1.0,0,1,registrado,registrada,0
4722,P000039,Cliente 355,970200,2025-07-29,18.0,0.0,18.0,1.0,0,1,registrado,registrada,0
4723,P000039,Cliente 355,967700,2025-07-29,6.0,0.0,6.0,1.0,0,1,registrado,registrada,0
4724,P000039,Cliente 355,967800,2025-07-29,10.0,0.0,10.0,1.0,0,1,registrado,registrada,0
4725,P000039,Cliente 355,970000,2025-07-29,7.0,0.0,7.0,1.0,0,1,registrado,registrada,0
4726,P001282,Cliente 217,966400,2025-07-29,70.0,0.0,70.0,1.0,0,1,registrado,registrada,0
4727,P001282,Cliente 217,966700,2025-07-29,6.0,0.0,6.0,1.0,0,1,registrado,registrada,0
4728,P001372,Cliente 017,900300,2025-07-30,20.0,0.0,20.0,1.0,0,1,estimado_nao_verificado,registrada,0
4729,P001392,Cliente 283,951300,2025-07-30,3.0,3.0,6.0,0.5,1,1,estimado_nao_verificado,registrada,0
4730,P001392,Cliente 283,954300,2025-07-30,10.0,0.0,10.0,1.0,0,1,registrado,registrada,0
4731,P001392,Cliente 283,958500,2025-07-30,10.0,0.0,10.0,1.0,0,1,registrado,registrada,0
4732,P001392,Cliente 283,961600,2025-07-30,3.0,0.0,3.0,1.0,0,1,registrado,registrada,0
4733,P001392,Cliente 283,981500,2025-07-30,2.0,0.0,2.0,1.0,0,1,registrado,registrada,0
4734,P001393,Cliente 284,951300,2025-07-30,3.0,3.0,6.0,0.5,1,1,estimado_nao_verificado,registrada,0
4735,P001393,Cliente 284,954300,2025-07-30,5.0,0.0,5.0,1.0,0,1,registrado,registrada,0
4736,P001393,Cliente 284,958500,2025-07-30,10.0,0.0,10.0,1.0,0,1,registrado,registrada,0
4737,P001393,Cliente 284,961600,2025-07-30,5.0,0.0,5.0,1.0,0,1,registrado,registrada,0
4738,P001393,Cliente 284,981500,2025-07-30,2.0,0.0,2.0,1.0,0,1,registrado,registrada,0
4739,P001426,Cliente 166,966400,2025-07-30,20.0,0.0,20.0,1.0,0,1,registrado,registrada,0
4740,P001427,Cliente 114,949300,2025-07-30,50.0,0.0,50.0,1.0,0,1,registrado,registrada,0
4741,P001418,Cliente 176,953200,2025-07-30,2.0,0.0,2.0,1.0,0,1,registrado,registrada,0
4742,P001417,Cliente 176,953200,2025-07-30,80.0,0.0,80.0,1.0,0,1,registrado,registrada,0
4743,P001398,Cliente 331,948700,2025-07-30,120.0,0.0,120.0,1.0,0,1,registrado,registrada,0
4744,P001413,Cliente 038,948700,2025-07-30,12.0,0.0,12.0,1.0,0,1,registrado,registrada,0
4745,P001413,Cliente 038,951400,2025-07-30,4.0,0.0,4.0,1.0,0,1,registrado,registrada,0
4746,P001413,Cliente 038,953800,2025-07-30,14.0,0.0,14.0,1.0,0,1,registrado,registrada,0
4747,P001413,Cliente 038,954900,2025-07-30,13.0,0.0,13.0,1.0,0,1,registrado,registrada,0
4748,P001413,Cliente 038,958000,2025-07-30,20.0,0.0,20.0,1.0,0,1,registrado,registrada,0
4749,P001413,Cliente 038,959900,2025-07-30,20.0,0.0,20.0,1.0,0,1,registrado,registrada,0
4750,P001413,Cliente 038,961800,2025-07-30,4.0,0.0,4.0,1.0,0,1,registrado,registrada,0
4751,P001413,Cliente 038,965300,2025-07-30,5.0,0.0,5.0,1.0,0,1,registrado,registrada,0
4752,P001413,Cliente 038,981700,2025-07-30,4.0,0.0,4.0,1.0,0,1,registrado,registrada,0
4753,P001401,Cliente 332,948700,2025-07-30,40.0,0.0,40.0,1.0,0,1,registrado,registrada,0
4754,P001430,Cliente 061,950400,2025-07-31,400.0,0.0,400.0,1.0,0,1,registrado,registrada,0
4755,P001419,Cliente 148,977500,2025-07-31,100.0,0.0,100.0,1.0,0,1,registrado,registrada,0
4756,P001419,Cliente 148,977600,2025-07-31,500.0,0.0,500.0,1.0,0,1,registrado,registrada,0
4757,P001419,Cliente 148,977700,2025-07-31,100.0,0.0,100.0,1.0,0,1,registrado,registrada,0
4758,P001419,Cliente 148,977800,2025-07-31,33.0,0.0,33.0,1.0,0,1,registrado,registrada,0
4759,P001419,Cliente 148,977900,2025-07-31,1200.0,0.0,1200.0,1.0,0,1,registrado,registrada,0
4760,P001419,Cliente 148,978300,2025-07-31,100.0,0.0,100.0,1.0,0,1,registrado,registrada,0
4761,P001419,Cliente 148,978500,2025-07-31,200.0,0.0,200.0,1.0,0,1,registrado,registrada,0
4762,P001419,Cliente 148,978600,2025-07-31,200.0,0.0,200.0,1.0,0,1,registrado,registrada,0
4763,P001419,Cliente 148,986500,2025-07-31,15.0,0.0,15.0,1.0,0,1,registrado,registrada,0
4764,P001419,Cliente 148,987600,2025-07-31,500.0,0.0,500.0,1.0,0,1,registrado,registrada,0
4765,P001419,Cliente 148,987700,2025-07-31,300.0,0.0,300.0,1.0,0,1,registrado,registrada,0
4766,P001419,Cliente 148,991400,2025-07-31,100.0,0.0,100.0,1.0,0,1,registrado,registrada,0
4767,P001373,Cliente 017,900300,2025-07-31,20.0,0.0,20.0,1.0,0,1,estimado_nao_verificado,registrada,0
4768,P001423,Cliente 060,966700,2025-07-31,400.0,0.0,400.0,1.0,0,1,registrado,registrada,0
4769,P001423,Cliente 060,966600,2025-07-31,600.0,0.0,600.0,1.0,0,1,registrado,registrada,0
4770,P001423,Cliente 060,990500,2025-07-31,50.0,0.0,50.0,1.0,0,1,registrado,registrada,0
4771,P001365,Cliente 175,966800,2025-08-01,2000.0,0.0,2000.0,1.0,0,1,registrado,registrada,0
4772,P000040,Cliente 365,902300,2025-08-01,30.0,0.0,30.0,1.0,0,1,registrado,registrada,0
4773,P000040,Cliente 365,961600,2025-08-01,4.0,0.0,4.0,1.0,0,1,registrado,registrada,0
4774,P000040,Cliente 365,949300,2025-08-01,12.0,0.0,12.0,1.0,0,1,registrado,registrada,0
4775,P000040,Cliente 365,951300,2025-08-01,1.0,1.0,2.0,0.5,1,1,estimado_nao_verificado,registrada,0
4776,P000040,Cliente 365,964000,2025-08-01,4.0,0.0,4.0,1.0,0,1,registrado,registrada,0
4777,P000040,Cliente 365,969600,2025-08-01,12.0,0.0,12.0,1.0,0,1,registrado,registrada,0
4778,P000040,Cliente 365,969400,2025-08-01,3.0,0.0,3.0,1.0,0,1,registrado,registrada,0
4779,P000040,Cliente 365,968900,2025-08-01,35.0,0.0,35.0,1.0,0,1,registrado,registrada,0
4780,P000040,Cliente 365,971700,2025-08-01,4.0,0.0,4.0,1.0,0,1,registrado,registrada,0
4781,P000040,Cliente 365,966500,2025-08-01,6.0,0.0,6.0,1.0,0,1,registrado,registrada,0
4782,P000040,Cliente 365,966700,2025-08-01,797.0,0.0,797.0,1.0,0,1,registrado,registrada,0
4783,P000040,Cliente 365,966800,2025-08-01,4175.0,0.0,4175.0,1.0,0,1,registrado,registrada,0
4784,P000040,Cliente 365,990500,2025-08-01,105.0,0.0,105.0,1.0,0,1,registrado,registrada,0
4785,P000040,Cliente 365,970100,2025-08-01,50.0,0.0,50.0,1.0,0,1,registrado,registrada,0
4786,P000040,Cliente 365,970500,2025-08-01,3.0,0.0,3.0,1.0,0,1,registrado,registrada,0
4787,P000040,Cliente 365,975800,2025-08-01,106.0,0.0,106.0,1.0,0,1,registrado,registrada,0
4788,P000040,Cliente 365,966900,2025-08-01,109.0,0.0,109.0,1.0,0,1,registrado,registrada,0
4789,P000040,Cliente 365,967100,2025-08-01,62.0,0.0,62.0,1.0,0,1,registrado,registrada,0
4790,P000040,Cliente 365,967800,2025-08-01,138.0,0.0,138.0,1.0,0,1,registrado,registrada,0
4791,P000040,Cliente 365,967900,2025-08-01,59.0,0.0,59.0,1.0,0,1,registrado,registrada,0
4792,P001390,Cliente 165,966400,2025-08-01,60.0,0.0,60.0,1.0,0,1,registrado,registrada,0
4793,P001390,Cliente 165,966800,2025-08-01,50.0,0.0,50.0,1.0,0,1,registrado,registrada,0
4794,P001390,Cliente 165,967900,2025-08-01,5.0,0.0,5.0,1.0,0,1,registrado,registrada,0
4795,P001391,Cliente 165,954200,2025-08-01,10.0,0.0,10.0,1.0,0,1,registrado,registrada,0
4796,P001391,Cliente 165,955300,2025-08-01,8.0,0.0,8.0,1.0,0,1,registrado,registrada,0
4797,P001391,Cliente 165,958400,2025-08-01,8.0,0.0,8.0,1.0,0,1,registrado,registrada,0
4798,P001391,Cliente 165,964800,2025-08-01,10.0,0.0,10.0,1.0,0,1,registrado,registrada,0
4799,P001432,Cliente 088,992400,2025-08-02,330.0,0.0,330.0,1.0,0,1,registrado,registrada,0
4800,P001432,Cliente 088,992500,2025-08-02,330.0,0.0,330.0,1.0,0,1,registrado,registrada,0
4801,P001432,Cliente 088,992600,2025-08-02,330.0,0.0,330.0,1.0,0,1,registrado,registrada,0
4802,P001424,Cliente 091,965200,2025-08-02,200.0,0.0,200.0,1.0,0,1,registrado,registrada,0
4803,P001428,Cliente 340,900100,2025-08-02,24.0,0.0,24.0,1.0,0,1,registrado,registrada,0
4804,P001428,Cliente 340,953200,2025-08-02,60.0,0.0,60.0,1.0,0,1,registrado,registrada,0
4805,P001428,Cliente 340,953800,2025-08-02,40.0,0.0,40.0,1.0,0,1,registrado,registrada,0
4806,P001428,Cliente 340,954900,2025-08-02,25.0,0.0,25.0,1.0,0,1,registrado,registrada,0
4807,P001428,Cliente 340,958000,2025-08-02,25.0,0.0,25.0,1.0,0,1,registrado,registrada,0
4808,P001428,Cliente 340,959900,2025-08-02,20.0,0.0,20.0,1.0,0,1,registrado,registrada,0
4809,P001428,Cliente 340,960900,2025-08-02,10.0,0.0,10.0,1.0,0,1,registrado,registrada,0
4810,P001428,Cliente 340,965300,2025-08-02,40.0,0.0,40.0,1.0,0,1,registrado,registrada,0
4811,P001428,Cliente 340,981600,2025-08-02,30.0,0.0,30.0,1.0,0,1,registrado,registrada,0
4812,P001428,Cliente 340,986700,2025-08-02,40.0,0.0,40.0,1.0,0,1,registrado,registrada,0
4813,P001338,Cliente 208,961600,2025-08-02,50.0,0.0,50.0,1.0,0,1,registrado,registrada,0
4814,P001338,Cliente 208,964000,2025-08-02,50.0,0.0,50.0,1.0,0,1,registrado,registrada,0
4815,P001429,Cliente 215,950000,2025-08-02,20.0,0.0,20.0,1.0,0,1,registrado,registrada,0
4816,P001446,Cliente 279,902300,2025-08-02,10.0,0.0,10.0,1.0,0,1,registrado,registrada,0
4817,P001446,Cliente 279,949300,2025-08-02,160.0,0.0,160.0,1.0,0,1,registrado,registrada,0
4818,P001446,Cliente 279,961800,2025-08-02,10.0,0.0,10.0,1.0,0,1,registrado,registrada,0
4819,P001439,Cliente 185,966800,2025-08-02,300.0,0.0,300.0,1.0,0,1,registrado,registrada,0
4820,P001436,Cliente 185,908400,2025-08-02,40.0,0.0,40.0,1.0,0,1,registrado,registrada,0
4821,P001437,Cliente 185,942100,2025-08-02,400.0,0.0,400.0,1.0,0,1,registrado,registrada,0
4822,P001437,Cliente 185,949300,2025-08-02,80.0,0.0,80.0,1.0,0,1,registrado,registrada,0
4823,P001374,Cliente 017,900300,2025-08-04,20.0,0.0,20.0,1.0,0,1,estimado_nao_verificado,registrada,0
4824,P001448,Cliente 008,966800,2025-08-02,30.0,0.0,30.0,1.0,0,1,registrado,registrada,0
4825,P001433,Cliente 332,948700,2025-08-04,40.0,0.0,40.0,1.0,0,1,registrado,registrada,0
4826,P000042,Cliente 355,961600,2025-08-04,36.0,0.0,36.0,1.0,0,1,registrado,registrada,0
4827,P000042,Cliente 355,964800,2025-08-04,2.0,0.0,2.0,1.0,0,1,registrado,registrada,0
4828,P000042,Cliente 355,958400,2025-08-04,1.0,0.0,1.0,1.0,0,1,registrado,registrada,0
4829,P000042,Cliente 355,954200,2025-08-04,1.0,0.0,1.0,1.0,0,1,registrado,registrada,0
4830,P000042,Cliente 355,981500,2025-08-04,2.0,0.0,2.0,1.0,0,1,registrado,registrada,0
4831,P000042,Cliente 355,964000,2025-08-04,20.0,0.0,20.0,1.0,0,1,registrado,registrada,0
4832,P000042,Cliente 355,961000,2025-08-04,16.0,0.0,16.0,1.0,0,1,registrado,registrada,0
4833,P000042,Cliente 355,968800,2025-08-04,6.0,0.0,6.0,1.0,0,1,registrado,registrada,0
4834,P000042,Cliente 355,968900,2025-08-04,6.0,0.0,6.0,1.0,0,1,registrado,registrada,0
4835,P000042,Cliente 355,971500,2025-08-04,2.0,0.0,2.0,1.0,0,1,registrado,registrada,0
4836,P000042,Cliente 355,972200,2025-08-04,17.0,0.0,17.0,1.0,0,1,registrado,registrada,0
4837,P000042,Cliente 355,966200,2025-08-04,83.0,0.0,83.0,1.0,0,1,registrado,registrada,0
4838,P000042,Cliente 355,966300,2025-08-04,97.0,0.0,97.0,1.0,0,1,registrado,registrada,0
4839,P000042,Cliente 355,966400,2025-08-04,142.0,0.0,142.0,1.0,0,1,registrado,registrada,0
4840,P000042,Cliente 355,966500,2025-08-04,15.0,0.0,15.0,1.0,0,1,registrado,registrada,0
4841,P000042,Cliente 355,966600,2025-08-04,73.0,0.0,73.0,1.0,0,1,registrado,registrada,0
4842,P000042,Cliente 355,966700,2025-08-04,17.0,0.0,17.0,1.0,0,1,registrado,registrada,0
4843,P000042,Cliente 355,966800,2025-08-04,1330.0,0.0,1330.0,1.0,0,1,registrado,registrada,0
4844,P000042,Cliente 355,990400,2025-08-04,7.0,0.0,7.0,1.0,0,1,registrado,registrada,0
4845,P000042,Cliente 355,990500,2025-08-04,6.0,0.0,6.0,1.0,0,1,registrado,registrada,0
4846,P000042,Cliente 355,970000,2025-08-04,7.0,0.0,7.0,1.0,0,1,registrado,registrada,0
4847,P000042,Cliente 355,970100,2025-08-04,8.0,0.0,8.0,1.0,0,1,registrado,registrada,0
4848,P000042,Cliente 355,970200,2025-08-04,4.0,0.0,4.0,1.0,0,1,registrado,registrada,0
4849,P000042,Cliente 355,967700,2025-08-04,6.0,0.0,6.0,1.0,0,1,registrado,registrada,0
4850,P000042,Cliente 355,967800,2025-08-04,4.0,0.0,4.0,1.0,0,1,registrado,registrada,0
4851,P001442,Cliente 344,949300,2025-08-04,120.0,0.0,120.0,1.0,0,1,registrado,registrada,0
4852,P001435,Cliente 121,974200,2025-08-04,200.0,0.0,200.0,1.0,0,1,registrado,registrada,0
4853,P001375,Cliente 017,900300,2025-08-05,20.0,0.0,20.0,1.0,0,1,estimado_nao_verificado,registrada,0
4854,P001455,Cliente 300,953800,2025-08-06,5.0,0.0,5.0,1.0,0,1,registrado,registrada,0
4855,P001455,Cliente 300,956000,2025-08-06,8.0,0.0,8.0,1.0,0,1,registrado,registrada,0
4856,P001455,Cliente 300,957000,2025-08-06,8.0,0.0,8.0,1.0,0,1,registrado,registrada,0
4857,P001455,Cliente 300,958000,2025-08-06,8.0,0.0,8.0,1.0,0,1,registrado,registrada,0
4858,P001455,Cliente 300,959000,2025-08-06,8.0,0.0,8.0,1.0,0,1,registrado,registrada,0
4859,P001455,Cliente 300,959900,2025-08-06,8.0,0.0,8.0,1.0,0,1,registrado,registrada,0
4860,P001455,Cliente 300,965300,2025-08-06,8.0,0.0,8.0,1.0,0,1,registrado,registrada,0
4861,P001453,Cliente 350,902300,2025-08-06,17.0,0.0,17.0,1.0,0,1,registrado,registrada,0
4862,P001453,Cliente 350,981700,2025-08-06,3.0,0.0,3.0,1.0,0,1,registrado,registrada,0
4863,P001460,Cliente 176,953200,2025-08-06,80.0,0.0,80.0,1.0,0,1,registrado,registrada,0
4864,P001454,Cliente 024,901700,2025-08-06,50.0,0.0,50.0,1.0,0,1,registrado,registrada,0
4865,P001454,Cliente 024,956000,2025-08-06,10.0,0.0,10.0,1.0,0,1,registrado,registrada,0
4866,P001454,Cliente 024,965300,2025-08-06,75.0,0.0,75.0,1.0,0,1,registrado,registrada,0
4869,P001457,Cliente 017,900300,2025-08-06,20.0,0.0,20.0,1.0,0,1,estimado_nao_verificado,registrada,0
4870,P001447,Cliente 025,961000,2025-08-07,100.0,0.0,100.0,1.0,0,1,registrado,registrada,0
4871,P001447,Cliente 025,966600,2025-08-07,50.0,0.0,50.0,1.0,0,1,registrado,registrada,0
4872,P001447,Cliente 025,968400,2025-08-07,25.0,0.0,25.0,1.0,0,1,registrado,registrada,0
4873,P001447,Cliente 025,968900,2025-08-07,10.0,0.0,10.0,1.0,0,1,registrado,registrada,0
4874,P001447,Cliente 025,970100,2025-08-07,15.0,0.0,15.0,1.0,0,1,registrado,registrada,0
4875,P001447,Cliente 025,970200,2025-08-07,30.0,0.0,30.0,1.0,0,1,registrado,registrada,0
4876,P001447,Cliente 025,972200,2025-08-07,50.0,0.0,50.0,1.0,0,1,registrado,registrada,0
4877,P001447,Cliente 025,990500,2025-08-07,10.0,0.0,10.0,1.0,0,1,registrado,registrada,0
4878,P001449,Cliente 122,966300,2025-08-07,25.0,0.0,25.0,1.0,0,1,registrado,registrada,0
4879,P001449,Cliente 122,966400,2025-08-07,30.0,0.0,30.0,1.0,0,1,registrado,registrada,0
4880,P001449,Cliente 122,966600,2025-08-07,20.0,0.0,20.0,1.0,0,1,registrado,registrada,0
4881,P001449,Cliente 122,966700,2025-08-07,7.0,0.0,7.0,1.0,0,1,registrado,registrada,0
4882,P001481,Cliente 222,950000,2025-08-07,1.0,0.0,1.0,1.0,0,1,registrado,registrada,0
4883,P001481,Cliente 222,952300,2025-08-07,1.0,0.0,1.0,1.0,0,1,registrado,registrada,0
4884,P001481,Cliente 222,954200,2025-08-07,1.0,0.0,1.0,1.0,0,1,registrado,registrada,0
4885,P001481,Cliente 222,959400,2025-08-07,1.0,0.0,1.0,1.0,0,1,registrado,registrada,0
4886,P001481,Cliente 222,961000,2025-08-07,1.0,0.0,1.0,1.0,0,1,registrado,registrada,0
4887,P001481,Cliente 222,964800,2025-08-07,1.0,0.0,1.0,1.0,0,1,registrado,registrada,0
4888,P001482,Cliente 222,966800,2025-08-07,40.0,0.0,40.0,1.0,0,1,registrado,registrada,0
4889,P001482,Cliente 222,969600,2025-08-07,1.0,0.0,1.0,1.0,0,1,registrado,registrada,0
4890,P001482,Cliente 222,971700,2025-08-07,1.0,0.0,1.0,1.0,0,1,registrado,registrada,0
4891,P001482,Cliente 222,971900,2025-08-07,1.0,0.0,1.0,1.0,0,1,registrado,registrada,0
4892,P001458,Cliente 017,900300,2025-08-08,20.0,0.0,20.0,1.0,0,1,estimado_nao_verificado,registrada,0
4893,P001475,Cliente 306,961600,2025-08-08,25.0,0.0,25.0,1.0,0,1,registrado,registrada,0
4894,P001475,Cliente 306,964000,2025-08-08,25.0,0.0,25.0,1.0,0,1,registrado,registrada,0
4895,P001451,Cliente 197,961600,2025-08-08,35.0,0.0,35.0,1.0,0,1,registrado,registrada,0
4896,P001451,Cliente 197,964000,2025-08-08,15.0,0.0,15.0,1.0,0,1,registrado,registrada,0
4897,P001452,Cliente 197,966900,2025-08-08,3.0,0.0,3.0,1.0,0,1,registrado,registrada,0
4898,P001469,Cliente 199,966900,2025-08-08,20.0,0.0,20.0,1.0,0,1,registrado,registrada,0
4899,P001468,Cliente 199,961600,2025-08-08,5.0,0.0,5.0,1.0,0,1,registrado,registrada,0
4900,P001468,Cliente 199,964000,2025-08-08,10.0,0.0,10.0,1.0,0,1,registrado,registrada,0
4901,P001488,Cliente 009,961600,2025-08-08,13.0,0.0,13.0,1.0,0,1,registrado,registrada,0
4902,P001488,Cliente 009,964000,2025-08-08,7.0,0.0,7.0,1.0,0,1,registrado,registrada,0
4903,P001470,Cliente 195,950000,2025-08-08,5.0,0.0,5.0,1.0,0,1,registrado,registrada,0
4904,P001470,Cliente 195,961600,2025-08-08,10.0,0.0,10.0,1.0,0,1,registrado,registrada,0
4905,P001470,Cliente 195,964000,2025-08-08,10.0,0.0,10.0,1.0,0,1,registrado,registrada,0
4906,P001471,Cliente 193,961600,2025-08-08,50.0,0.0,50.0,1.0,0,1,registrado,registrada,0
4907,P001471,Cliente 193,964000,2025-08-08,15.0,0.0,15.0,1.0,0,1,registrado,registrada,0
4908,P001474,Cliente 192,950000,2025-08-08,5.0,0.0,5.0,1.0,0,1,registrado,registrada,0
4909,P001474,Cliente 192,961600,2025-08-08,70.0,0.0,70.0,1.0,0,1,registrado,registrada,0
4910,P001474,Cliente 192,964000,2025-08-08,25.0,0.0,25.0,1.0,0,1,registrado,registrada,0
4911,P001473,Cliente 194,961600,2025-08-08,40.0,0.0,40.0,1.0,0,1,registrado,registrada,0
4912,P001473,Cliente 194,964000,2025-08-08,25.0,0.0,25.0,1.0,0,1,registrado,registrada,0
4913,P001472,Cliente 191,950000,2025-08-08,2.0,0.0,2.0,1.0,0,1,registrado,registrada,0
4914,P001472,Cliente 191,961600,2025-08-08,250.0,0.0,250.0,1.0,0,1,registrado,registrada,0
4915,P001472,Cliente 191,964000,2025-08-08,150.0,0.0,150.0,1.0,0,1,registrado,registrada,0
4916,P001885,Cliente 015,961600,2025-08-08,17.0,0.0,17.0,1.0,0,1,registrado,registrada,0
4917,P001885,Cliente 015,964000,2025-08-08,3.0,0.0,3.0,1.0,0,1,registrado,registrada,0
4918,P001479,Cliente 214,964000,2025-08-08,50.0,0.0,50.0,1.0,0,1,registrado,registrada,0
4977,P001498,Cliente 268,902300,2025-08-11,100.0,0.0,100.0,1.0,0,1,registrado,registrada,0
4978,P001498,Cliente 268,908400,2025-08-11,10.0,0.0,10.0,1.0,0,1,registrado,registrada,0
4979,P001498,Cliente 268,948700,2025-08-11,25.0,0.0,25.0,1.0,0,1,registrado,registrada,0
4980,P001498,Cliente 268,951400,2025-08-11,10.0,0.0,10.0,1.0,0,1,registrado,registrada,0
4981,P001489,Cliente 022,902300,2025-08-11,80.0,0.0,80.0,1.0,0,1,registrado,registrada,0
4982,P001489,Cliente 022,951400,2025-08-11,80.0,0.0,80.0,1.0,0,1,registrado,registrada,0
4983,P001486,Cliente 016,949300,2025-08-11,80.0,0.0,80.0,1.0,0,1,registrado,registrada,0
4984,P001486,Cliente 016,961800,2025-08-11,40.0,0.0,40.0,1.0,0,1,registrado,registrada,0
4985,P001480,Cliente 317,949300,2025-08-11,200.0,0.0,200.0,1.0,0,1,registrado,registrada,0
4986,P001480,Cliente 317,950400,2025-08-11,80.0,0.0,80.0,1.0,0,1,registrado,registrada,0
4987,P000059,Cliente 244,966800,2025-08-11,60.0,0.0,60.0,1.0,0,1,registrado,registrada,0
4988,P001445,Cliente 091,987000,2025-08-11,280.0,0.0,280.0,1.0,0,1,registrado,registrada,0
4989,P001301,Cliente 091,948700,2025-08-11,16.0,0.0,16.0,1.0,0,1,registrado,registrada,0
4990,P000043,Cliente 365,969600,2025-08-12,3.0,0.0,3.0,1.0,0,1,registrado,registrada,0
4991,P000043,Cliente 365,969400,2025-08-12,5.0,0.0,5.0,1.0,0,1,registrado,registrada,0
4992,P000043,Cliente 365,968900,2025-08-12,17.0,0.0,17.0,1.0,0,1,registrado,registrada,0
4993,P000043,Cliente 365,971700,2025-08-12,20.0,0.0,20.0,1.0,0,1,registrado,registrada,0
4994,P000043,Cliente 365,966500,2025-08-12,15.0,0.0,15.0,1.0,0,1,registrado,registrada,0
4995,P000043,Cliente 365,966600,2025-08-12,35.0,0.0,35.0,1.0,0,1,registrado,registrada,0
4996,P000043,Cliente 365,966700,2025-08-12,442.0,0.0,442.0,1.0,0,1,registrado,registrada,0
4997,P000043,Cliente 365,966800,2025-08-12,5000.0,0.0,5000.0,1.0,0,1,registrado,registrada,0
4998,P000043,Cliente 365,990500,2025-08-12,152.0,0.0,152.0,1.0,0,1,registrado,registrada,0
4999,P000043,Cliente 365,970100,2025-08-12,60.0,0.0,60.0,1.0,0,1,registrado,registrada,0
5000,P000043,Cliente 365,975800,2025-08-12,227.0,0.0,227.0,1.0,0,1,registrado,registrada,0
5001,P000043,Cliente 365,966900,2025-08-12,45.0,0.0,45.0,1.0,0,1,registrado,registrada,0
5002,P000043,Cliente 365,967100,2025-08-12,93.0,0.0,93.0,1.0,0,1,registrado,registrada,0
5003,P000043,Cliente 365,967800,2025-08-12,185.0,0.0,185.0,1.0,0,1,registrado,registrada,0
5004,P000043,Cliente 365,967900,2025-08-12,117.0,0.0,117.0,1.0,0,1,registrado,registrada,0
5005,P001493,Cliente 062,953200,2025-08-12,100.0,0.0,100.0,1.0,0,1,registrado,registrada,0
5006,P001493,Cliente 062,961700,2025-08-12,50.0,0.0,50.0,1.0,0,1,registrado,registrada,0
5007,P001493,Cliente 062,976000,2025-08-12,78.0,0.0,78.0,1.0,0,1,registrado,registrada,0
5008,P001493,Cliente 062,976100,2025-08-12,120.0,0.0,120.0,1.0,0,1,registrado,registrada,0
5009,P001493,Cliente 062,986300,2025-08-12,1000.0,0.0,1000.0,1.0,0,1,registrado,registrada,0
5010,P001493,Cliente 062,990200,2025-08-12,100.0,0.0,100.0,1.0,0,1,registrado,registrada,0
5011,P001493,Cliente 062,990300,2025-08-12,50.0,0.0,50.0,1.0,0,1,registrado,registrada,0
5012,P001461,Cliente 103,948700,2025-08-12,4.0,0.0,4.0,1.0,0,1,registrado,registrada,0
5013,P001461,Cliente 103,949300,2025-08-12,40.0,0.0,40.0,1.0,0,1,registrado,registrada,0
5014,P001461,Cliente 103,950400,2025-08-12,40.0,0.0,40.0,1.0,0,1,registrado,registrada,0
5015,P001497,Cliente 013,961800,2025-08-12,80.0,0.0,80.0,1.0,0,1,registrado,registrada,0
5016,P001497,Cliente 013,981700,2025-08-12,40.0,0.0,40.0,1.0,0,1,registrado,registrada,0
5017,P001521,Cliente 222,966800,2025-08-12,7.0,0.0,7.0,1.0,0,1,registrado,registrada,0
5018,P001521,Cliente 222,970500,2025-08-12,1.0,0.0,1.0,1.0,0,1,registrado,registrada,0
5019,P001521,Cliente 222,971900,2025-08-12,1.0,0.0,1.0,1.0,0,1,registrado,registrada,0
5020,P001520,Cliente 222,950000,2025-08-12,1.0,0.0,1.0,1.0,0,1,registrado,registrada,0
5021,P001520,Cliente 222,954200,2025-08-12,1.0,0.0,1.0,1.0,0,1,registrado,registrada,0
5022,P001520,Cliente 222,958400,2025-08-12,1.0,0.0,1.0,1.0,0,1,registrado,registrada,0
5023,P001520,Cliente 222,961600,2025-08-12,1.0,0.0,1.0,1.0,0,1,registrado,registrada,0
5024,P001491,Cliente 273,964800,2025-08-12,1.0,0.0,1.0,1.0,0,1,registrado,registrada,0
5025,P001491,Cliente 273,959400,2025-08-12,1.0,0.0,1.0,1.0,0,1,registrado,registrada,0
5026,P001491,Cliente 273,959600,2025-08-12,3.0,0.0,3.0,1.0,0,1,registrado,registrada,0
5027,P001491,Cliente 273,958400,2025-08-12,1.0,0.0,1.0,1.0,0,1,registrado,registrada,0
5028,P001491,Cliente 273,958600,2025-08-12,2.0,0.0,2.0,1.0,0,1,registrado,registrada,0
5029,P001491,Cliente 273,957400,2025-08-12,1.0,0.0,1.0,1.0,0,1,registrado,registrada,0
5030,P001491,Cliente 273,957600,2025-08-12,3.0,0.0,3.0,1.0,0,1,registrado,registrada,0
5031,P001491,Cliente 273,955300,2025-08-12,1.0,0.0,1.0,1.0,0,1,registrado,registrada,0
5032,P001491,Cliente 273,955500,2025-08-12,1.0,0.0,1.0,1.0,0,1,registrado,registrada,0
5033,P001491,Cliente 273,954200,2025-08-12,1.0,0.0,1.0,1.0,0,1,registrado,registrada,0
5034,P001491,Cliente 273,953200,2025-08-12,11.0,0.0,11.0,1.0,0,1,registrado,registrada,0
5035,P001491,Cliente 273,949200,2025-08-12,4.0,0.0,4.0,1.0,0,1,registrado,registrada,0
5036,P001492,Cliente 273,968900,2025-08-12,3.0,0.0,3.0,1.0,0,1,registrado,registrada,0
5037,P001492,Cliente 273,966700,2025-08-12,6.0,0.0,6.0,1.0,0,1,registrado,registrada,0
5038,P001501,Cliente 114,949300,2025-08-13,50.0,0.0,50.0,1.0,0,1,registrado,registrada,0
5039,P001503,Cliente 332,948700,2025-08-13,40.0,0.0,40.0,1.0,0,1,registrado,registrada,0
5040,P001399,Cliente 310,951600,2025-08-13,80.0,0.0,80.0,1.0,0,1,registrado,registrada,0
5041,P001463,Cliente 153,961600,2025-08-13,50.0,0.0,50.0,1.0,0,1,registrado,registrada,0
5042,P001483,Cliente 087,961600,2025-08-13,50.0,0.0,50.0,1.0,0,1,registrado,registrada,0
5043,P001511,Cliente 344,949300,2025-08-13,120.0,0.0,120.0,1.0,0,1,registrado,registrada,0
5044,P001467,Cliente 065,966200,2025-08-13,80.0,0.0,80.0,1.0,0,1,registrado,registrada,0
5045,P001467,Cliente 065,966300,2025-08-13,80.0,0.0,80.0,1.0,0,1,registrado,registrada,0
5046,P001467,Cliente 065,966400,2025-08-13,80.0,0.0,80.0,1.0,0,1,registrado,registrada,0
5047,P001516,Cliente 098,966800,2025-08-13,500.0,0.0,500.0,1.0,0,1,registrado,registrada,0
5048,P001517,Cliente 062,976000,2025-08-14,722.0,0.0,722.0,1.0,0,1,registrado,registrada,0
5049,P001517,Cliente 062,976100,2025-08-14,180.0,0.0,180.0,1.0,0,1,registrado,registrada,0
5050,P001517,Cliente 062,986300,2025-08-14,100.0,0.0,100.0,1.0,0,1,registrado,registrada,0
5051,P001517,Cliente 062,990300,2025-08-14,50.0,0.0,50.0,1.0,0,1,registrado,registrada,0
5053,P001443,Cliente 175,980100,2025-08-14,300.0,0.0,300.0,1.0,0,1,registrado,registrada,0
5054,P001443,Cliente 175,980200,2025-08-14,800.0,0.0,800.0,1.0,0,1,registrado,registrada,0
5055,P001443,Cliente 175,980300,2025-08-14,200.0,171.0,371.0,0.5390835579514824,1,1,registrado,registrada,0
5056,P001443,Cliente 175,980500,2025-08-14,500.0,0.0,500.0,1.0,0,1,registrado,registrada,0
5057,P001443,Cliente 175,980600,2025-08-14,700.0,0.0,700.0,1.0,0,1,registrado,registrada,0
5058,P001443,Cliente 175,980700,2025-08-14,500.0,481.0,981.0,0.509683995922528,1,1,registrado,registrada,0
5059,P001443,Cliente 175,980800,2025-08-14,200.0,0.0,200.0,1.0,0,1,registrado,registrada,0
5060,P001443,Cliente 175,980000,2025-08-14,25.0,0.0,25.0,1.0,0,1,estimado_nao_verificado,registrada,0
5061,P000045,Cliente 356,961500,2025-08-14,23.0,0.0,23.0,1.0,0,1,estimado_nao_verificado,registrada,0
5062,P000045,Cliente 356,961600,2025-08-14,50.0,0.0,50.0,1.0,0,1,estimado_nao_verificado,registrada,0
5063,P000045,Cliente 356,963900,2025-08-14,3.0,0.0,3.0,1.0,0,1,estimado_nao_verificado,registrada,0
5064,P000045,Cliente 356,964000,2025-08-14,8.0,0.0,8.0,1.0,0,1,ausente,registrada,0
5065,P000045,Cliente 356,961000,2025-08-14,25.0,0.0,25.0,1.0,0,1,estimado_nao_verificado,registrada,0
5066,P000045,Cliente 356,969100,2025-08-14,8.0,0.0,8.0,1.0,0,1,estimado_nao_verificado,registrada,0
5067,P000045,Cliente 356,968800,2025-08-14,7.0,0.0,7.0,1.0,0,1,estimado_nao_verificado,registrada,0
5068,P000045,Cliente 356,968900,2025-08-14,8.0,0.0,8.0,1.0,0,1,ausente,registrada,0
5069,P000045,Cliente 356,971500,2025-08-14,10.0,0.0,10.0,1.0,0,1,estimado_nao_verificado,registrada,0
5070,P000045,Cliente 356,972200,2025-08-14,28.0,0.0,28.0,1.0,0,1,estimado_nao_verificado,registrada,0
5071,P000045,Cliente 356,966200,2025-08-14,68.0,0.0,68.0,1.0,0,1,estimado_nao_verificado,registrada,0
5072,P000045,Cliente 356,966300,2025-08-14,77.0,0.0,77.0,1.0,0,1,estimado_nao_verificado,registrada,0
5073,P000045,Cliente 356,966400,2025-08-14,75.0,0.0,75.0,1.0,0,1,estimado_nao_verificado,registrada,0
5074,P000045,Cliente 356,966500,2025-08-14,32.0,0.0,32.0,1.0,0,1,estimado_nao_verificado,registrada,0
5075,P000045,Cliente 356,966600,2025-08-14,177.0,0.0,177.0,1.0,0,1,estimado_nao_verificado,registrada,0
5076,P000045,Cliente 356,966700,2025-08-14,74.0,0.0,74.0,1.0,0,1,estimado_nao_verificado,registrada,0
5077,P000045,Cliente 356,966800,2025-08-14,1365.0,0.0,1365.0,1.0,0,1,estimado_nao_verificado,registrada,0
5078,P000045,Cliente 356,990400,2025-08-14,10.0,0.0,10.0,1.0,0,1,estimado_nao_verificado,registrada,0
5079,P000045,Cliente 356,990500,2025-08-14,9.0,0.0,9.0,1.0,0,1,estimado_nao_verificado,registrada,0
5080,P000045,Cliente 356,970000,2025-08-14,12.0,0.0,12.0,1.0,0,1,estimado_nao_verificado,registrada,0
5081,P000045,Cliente 356,970100,2025-08-14,14.0,0.0,14.0,1.0,0,1,estimado_nao_verificado,registrada,0
5082,P000045,Cliente 356,970200,2025-08-14,14.0,0.0,14.0,1.0,0,1,estimado_nao_verificado,registrada,0
5083,P000045,Cliente 356,966900,2025-08-14,2.0,0.0,2.0,1.0,0,1,estimado_nao_verificado,registrada,0
5084,P000045,Cliente 356,967700,2025-08-14,15.0,0.0,15.0,1.0,0,1,estimado_nao_verificado,registrada,0
5085,P000045,Cliente 356,967800,2025-08-14,20.0,0.0,20.0,1.0,0,1,estimado_nao_verificado,registrada,0
5086,P001495,Cliente 071,950400,2025-08-14,300.0,0.0,300.0,1.0,0,1,registrado,registrada,0
5087,P001535,Cliente 108,949800,2025-08-14,100.0,0.0,100.0,1.0,0,1,registrado,registrada,0
5088,P001496,Cliente 072,902300,2025-08-14,20.0,0.0,20.0,1.0,0,1,registrado,registrada,0
5089,P001496,Cliente 072,942300,2025-08-14,10.0,0.0,10.0,1.0,0,1,registrado,registrada,0
5090,P001496,Cliente 072,950000,2025-08-14,2.0,0.0,2.0,1.0,0,1,registrado,registrada,0
5091,P001496,Cliente 072,951200,2025-08-14,2.0,0.0,2.0,1.0,0,1,estimado_nao_verificado,registrada,0
5092,P001496,Cliente 072,951500,2025-08-14,20.0,0.0,20.0,1.0,0,1,estimado_nao_verificado,registrada,0
5093,P001496,Cliente 072,953800,2025-08-14,20.0,0.0,20.0,1.0,0,1,registrado,registrada,0
5094,P001496,Cliente 072,958000,2025-08-14,30.0,0.0,30.0,1.0,0,1,registrado,registrada,0
5095,P001496,Cliente 072,959000,2025-08-14,30.0,0.0,30.0,1.0,0,1,registrado,registrada,0
5096,P001496,Cliente 072,961500,2025-08-14,2.0,0.0,2.0,1.0,0,1,registrado,registrada,0
5097,P001522,Cliente 274,950400,2025-08-14,50.0,0.0,50.0,1.0,0,1,estimado_nao_verificado,registrada,0
5098,P001528,Cliente 220,900100,2025-08-14,12.0,0.0,12.0,1.0,0,1,estimado_nao_verificado,registrada,0
5099,P001528,Cliente 220,902300,2025-08-14,24.0,0.0,24.0,1.0,0,1,estimado_nao_verificado,registrada,0
5100,P001504,Cliente 232,949300,2025-08-14,5.0,0.0,5.0,1.0,0,1,estimado_nao_verificado,registrada,0
5101,P001504,Cliente 232,950400,2025-08-14,40.0,0.0,40.0,1.0,0,1,estimado_nao_verificado,registrada,0
5102,P001504,Cliente 232,961800,2025-08-14,5.0,0.0,5.0,1.0,0,1,estimado_nao_verificado,registrada,0
5103,P001484,Cliente 316,966800,2025-08-14,200.0,0.0,200.0,1.0,0,1,estimado_nao_verificado,registrada,0
5104,P001485,Cliente 253,965200,2025-08-14,500.0,0.0,500.0,1.0,0,1,estimado_nao_verificado,registrada,0
5105,P001537,Cliente 222,902100,2025-08-14,2.0,0.0,2.0,1.0,0,1,estimado_nao_verificado,registrada,0
5106,P001537,Cliente 222,955300,2025-08-14,1.0,0.0,1.0,1.0,0,1,estimado_nao_verificado,registrada,0
5107,P001537,Cliente 222,971900,2025-08-14,1.0,0.0,1.0,1.0,0,1,estimado_nao_verificado,registrada,0
5108,P001533,Cliente 170,966400,2025-08-14,20.0,0.0,20.0,1.0,0,1,estimado_nao_verificado,registrada,0
5109,P001534,Cliente 217,966400,2025-08-14,20.0,0.0,20.0,1.0,0,1,estimado_nao_verificado,registrada,0
5110,P001524,Cliente 261,950000,2025-08-14,5.0,0.0,5.0,1.0,0,1,registrado,registrada,0
5111,P001524,Cliente 261,951300,2025-08-14,2.0,0.0,2.0,1.0,0,1,registrado,registrada,0
5112,P001524,Cliente 261,961600,2025-08-14,15.0,0.0,15.0,1.0,0,1,registrado,registrada,0
5113,P001524,Cliente 261,964000,2025-08-14,15.0,0.0,15.0,1.0,0,1,registrado,registrada,0
5114,P001527,Cliente 324,949900,2025-08-14,3.0,0.0,3.0,1.0,0,1,registrado,registrada,0
5115,P001527,Cliente 324,950000,2025-08-14,5.0,0.0,5.0,1.0,0,1,registrado,registrada,0
5116,P001527,Cliente 324,951200,2025-08-14,3.0,0.0,3.0,1.0,0,1,registrado,registrada,0
5117,P001527,Cliente 324,951300,2025-08-14,5.0,0.0,5.0,1.0,0,1,registrado,registrada,0
5118,P001527,Cliente 324,961500,2025-08-14,3.0,0.0,3.0,1.0,0,1,registrado,registrada,0
5119,P001527,Cliente 324,961600,2025-08-14,5.0,0.0,5.0,1.0,0,1,registrado,registrada,0
5120,P001527,Cliente 324,963900,2025-08-14,3.0,0.0,3.0,1.0,0,1,registrado,registrada,0
5121,P001527,Cliente 324,981500,2025-08-14,5.0,0.0,5.0,1.0,0,1,registrado,registrada,0
5122,P001531,Cliente 212,950000,2025-08-14,150.0,0.0,150.0,1.0,0,1,registrado,registrada,0
5123,P001531,Cliente 212,961600,2025-08-14,150.0,0.0,150.0,1.0,0,1,registrado,registrada,0
5124,P001531,Cliente 212,964000,2025-08-14,200.0,0.0,200.0,1.0,0,1,ausente,registrada,0
5125,P001538,Cliente 213,950000,2025-08-14,65.0,0.0,65.0,1.0,0,1,ausente,registrada,0
5126,P001538,Cliente 213,961600,2025-08-14,30.0,0.0,30.0,1.0,0,1,registrado,registrada,0
5127,P001538,Cliente 213,964000,2025-08-14,20.0,0.0,20.0,1.0,0,1,registrado,registrada,0
5128,P001538,Cliente 213,981500,2025-08-14,35.0,0.0,35.0,1.0,0,1,registrado,registrada,0
5129,P001509,Cliente 031,948700,2025-08-14,800.0,0.0,800.0,1.0,0,1,registrado,registrada,0
5130,P001506,Cliente 002,967800,2025-08-14,100.0,0.0,100.0,1.0,0,1,estimado_nao_verificado,registrada,0
5131,P001506,Cliente 002,968900,2025-08-14,50.0,0.0,50.0,1.0,0,1,ausente,registrada,0
5132,P001507,Cliente 002,949000,2025-08-14,100.0,0.0,100.0,1.0,0,1,registrado,registrada,0
5133,P001508,Cliente 164,949000,2025-08-14,100.0,0.0,100.0,1.0,0,1,registrado,registrada,0
5134,P001508,Cliente 164,962000,2025-08-14,300.0,0.0,300.0,1.0,0,1,registrado,registrada,0
5135,P001508,Cliente 164,981700,2025-08-14,240.0,0.0,240.0,1.0,0,1,registrado,registrada,0
5136,P001490,Cliente 039,950100,2025-08-14,100.0,0.0,100.0,1.0,0,1,registrado,registrada,0
5137,P001490,Cliente 039,953800,2025-08-14,100.0,0.0,100.0,1.0,0,1,registrado,registrada,0
5138,P001490,Cliente 039,954900,2025-08-14,150.0,0.0,150.0,1.0,0,1,registrado,registrada,0
5139,P001490,Cliente 039,957000,2025-08-14,150.0,0.0,150.0,1.0,0,1,estimado_nao_verificado,registrada,0
5140,P001490,Cliente 039,958000,2025-08-14,200.0,0.0,200.0,1.0,0,1,registrado,registrada,0
5141,P001490,Cliente 039,959000,2025-08-14,100.0,0.0,100.0,1.0,0,1,estimado_nao_verificado,registrada,0
5142,P001490,Cliente 039,962000,2025-08-14,50.0,0.0,50.0,1.0,0,1,registrado,registrada,0
5143,P001490,Cliente 039,965300,2025-08-14,100.0,0.0,100.0,1.0,0,1,registrado,registrada,0
5144,P001490,Cliente 039,981900,2025-08-14,50.0,0.0,50.0,1.0,0,1,estimado_nao_verificado,registrada,0
5145,P001883,Cliente 094,959200,2025-08-14,1.0,0.0,1.0,1.0,0,1,estimado_nao_verificado,registrada,0
5146,P001883,Cliente 094,954000,2025-08-14,1.0,0.0,1.0,1.0,0,1,estimado_nao_verificado,registrada,0
5147,P001883,Cliente 094,981700,2025-08-14,6.0,0.0,6.0,1.0,0,1,estimado_nao_verificado,registrada,0
5152,P001456,Cliente 024,959200,2025-08-18,50.0,0.0,50.0,1.0,0,1,estimado_nao_verificado,ano_corrigido_usuario,0
5154,P001499,Cliente 095,974600,2025-08-18,832.0,0.0,832.0,1.0,0,1,registrado,ano_corrigido_usuario,0
5155,P001499,Cliente 095,974700,2025-08-18,1040.0,0.0,1040.0,1.0,0,1,registrado,ano_corrigido_usuario,0
5156,P001499,Cliente 095,975000,2025-08-18,416.0,0.0,416.0,1.0,0,1,registrado,ano_corrigido_usuario,0
5157,P001515,Cliente 083,966400,2025-08-18,20.0,0.0,20.0,1.0,0,1,registrado,ano_corrigido_usuario,0
5158,P001530,Cliente 166,966400,2025-08-18,35.0,0.0,35.0,1.0,0,1,registrado,ano_corrigido_usuario,0
5159,P001462,Cliente 123,966400,2025-08-18,20.0,0.0,20.0,1.0,0,1,registrado,ano_corrigido_usuario,0
5160,P000041,Cliente 360,969100,2025-08-18,79.0,0.0,79.0,1.0,0,1,estimado_nao_verificado,ano_corrigido_usuario,0
5161,P000041,Cliente 360,971500,2025-08-18,84.0,0.0,84.0,1.0,0,1,estimado_nao_verificado,ano_corrigido_usuario,0
5162,P000041,Cliente 360,972200,2025-08-18,192.0,0.0,192.0,1.0,0,1,estimado_nao_verificado,ano_corrigido_usuario,0
5163,P000041,Cliente 360,966200,2025-08-18,10.0,0.0,10.0,1.0,0,1,estimado_nao_verificado,ano_corrigido_usuario,0
5164,P000041,Cliente 360,966300,2025-08-18,3.0,0.0,3.0,1.0,0,1,estimado_nao_verificado,ano_corrigido_usuario,0
5165,P000041,Cliente 360,966400,2025-08-18,2.0,0.0,2.0,1.0,0,1,ausente,ano_corrigido_usuario,0
5166,P000041,Cliente 360,966600,2025-08-18,17.0,0.0,17.0,1.0,0,1,ausente,ano_corrigido_usuario,0
5167,P000041,Cliente 360,966800,2025-08-18,3.0,0.0,3.0,1.0,0,1,estimado_nao_verificado,ano_corrigido_usuario,0
5168,P000041,Cliente 360,971200,2025-08-18,1.0,0.0,1.0,1.0,0,1,estimado_nao_verificado,ano_corrigido_usuario,0
5169,P000041,Cliente 360,971300,2025-08-18,7.0,0.0,7.0,1.0,0,1,estimado_nao_verificado,ano_corrigido_usuario,0
5170,P000041,Cliente 360,970000,2025-08-18,1.0,0.0,1.0,1.0,0,1,estimado_nao_verificado,ano_corrigido_usuario,0
5171,P000041,Cliente 360,991000,2025-08-18,7.0,0.0,7.0,1.0,0,1,estimado_nao_verificado,ano_corrigido_usuario,0
5172,P000041,Cliente 360,970200,2025-08-18,75.0,0.0,75.0,1.0,0,1,estimado_nao_verificado,ano_corrigido_usuario,0
5173,P000041,Cliente 360,967700,2025-08-18,2.0,0.0,2.0,1.0,0,1,estimado_nao_verificado,ano_corrigido_usuario,0
5174,P000041,Cliente 360,968400,2025-08-18,40.0,0.0,40.0,1.0,0,1,estimado_nao_verificado,ano_corrigido_usuario,0
5175,P001456,Cliente 024,949200,2025-08-18,50.0,0.0,50.0,1.0,0,1,estimado_nao_verificado,ano_corrigido_usuario,0
5176,P001456,Cliente 024,962100,2025-08-18,150.0,0.0,150.0,1.0,0,1,estimado_nao_verificado,ano_corrigido_usuario,0
5177,P001539,Cliente 176,953200,2025-08-18,80.0,0.0,80.0,1.0,0,1,ausente,ano_corrigido_usuario,0
5178,P000044,Cliente 362,969300,2025-08-18,2.0,0.0,2.0,1.0,0,1,ausente,ano_corrigido_usuario,0
5179,P000044,Cliente 362,969400,2025-08-18,2.0,0.0,2.0,1.0,0,1,estimado_nao_verificado,ano_corrigido_usuario,0
5180,P000044,Cliente 362,968900,2025-08-18,9.0,0.0,9.0,1.0,0,1,estimado_nao_verificado,ano_corrigido_usuario,0
5181,P000044,Cliente 362,971500,2025-08-18,10.0,0.0,10.0,1.0,0,1,estimado_nao_verificado,ano_corrigido_usuario,0
5182,P000044,Cliente 362,971700,2025-08-18,6.0,0.0,6.0,1.0,0,1,estimado_nao_verificado,ano_corrigido_usuario,0
5183,P000044,Cliente 362,972200,2025-08-18,68.0,0.0,68.0,1.0,0,1,estimado_nao_verificado,ano_corrigido_usuario,0
5184,P000044,Cliente 362,966200,2025-08-18,20.0,0.0,20.0,1.0,0,1,estimado_nao_verificado,ano_corrigido_usuario,0
5185,P000044,Cliente 362,966300,2025-08-18,22.0,0.0,22.0,1.0,0,1,estimado_nao_verificado,ano_corrigido_usuario,0
5186,P000044,Cliente 362,966400,2025-08-18,22.0,0.0,22.0,1.0,0,1,ausente,ano_corrigido_usuario,0
5187,P000044,Cliente 362,966500,2025-08-18,5.0,0.0,5.0,1.0,0,1,estimado_nao_verificado,ano_corrigido_usuario,0
5188,P000044,Cliente 362,966600,2025-08-18,15.0,0.0,15.0,1.0,0,1,ausente,ano_corrigido_usuario,0
5189,P000044,Cliente 362,966700,2025-08-18,12.0,0.0,12.0,1.0,0,1,ausente,ano_corrigido_usuario,0
5190,P000044,Cliente 362,966800,2025-08-18,480.0,0.0,480.0,1.0,0,1,estimado_nao_verificado,ano_corrigido_usuario,0
5191,P000044,Cliente 362,990500,2025-08-18,9.0,0.0,9.0,1.0,0,1,estimado_nao_verificado,ano_corrigido_usuario,0
5192,P000044,Cliente 362,969900,2025-08-18,7.0,0.0,7.0,1.0,0,1,ausente,ano_corrigido_usuario,0
5193,P000044,Cliente 362,970100,2025-08-18,2.0,0.0,2.0,1.0,0,1,estimado_nao_verificado,ano_corrigido_usuario,0
5194,P000044,Cliente 362,970500,2025-08-18,4.0,0.0,4.0,1.0,0,1,estimado_nao_verificado,ano_corrigido_usuario,0
5195,P000044,Cliente 362,970200,2025-08-18,8.0,0.0,8.0,1.0,0,1,estimado_nao_verificado,ano_corrigido_usuario,0
5196,P000044,Cliente 362,967800,2025-08-18,9.0,0.0,9.0,1.0,0,1,estimado_nao_verificado,ano_corrigido_usuario,0
5197,P001540,Cliente 038,949000,2025-08-18,12.0,0.0,12.0,1.0,0,1,estimado_nao_verificado,ano_corrigido_usuario,0
5198,P001540,Cliente 038,950100,2025-08-18,4.0,0.0,4.0,1.0,0,1,estimado_nao_verificado,ano_corrigido_usuario,0
5199,P001540,Cliente 038,951500,2025-08-18,4.0,0.0,4.0,1.0,0,1,estimado_nao_verificado,ano_corrigido_usuario,0
5200,P001540,Cliente 038,957000,2025-08-18,13.0,0.0,13.0,1.0,0,1,estimado_nao_verificado,ano_corrigido_usuario,0
5201,P001540,Cliente 038,962000,2025-08-18,4.0,0.0,4.0,1.0,0,1,ausente,ano_corrigido_usuario,0
5202,P001532,Cliente 117,950000,2025-08-18,50.0,0.0,50.0,1.0,0,1,ausente,ano_corrigido_usuario,0
5203,P001532,Cliente 117,961500,2025-08-18,100.0,0.0,100.0,1.0,0,1,estimado_nao_verificado,ano_corrigido_usuario,0
5204,P001525,Cliente 136,948600,2025-08-18,10.0,0.0,10.0,1.0,0,1,estimado_nao_verificado,ano_corrigido_usuario,0
5205,P001525,Cliente 136,951600,2025-08-18,20.0,0.0,20.0,1.0,0,1,estimado_nao_verificado,ano_corrigido_usuario,0
5206,P001525,Cliente 136,953800,2025-08-18,30.0,0.0,30.0,1.0,0,1,ausente,ano_corrigido_usuario,0
5207,P001525,Cliente 136,954900,2025-08-18,30.0,0.0,30.0,1.0,0,1,estimado_nao_verificado,ano_corrigido_usuario,0
5208,P001525,Cliente 136,956000,2025-08-18,20.0,0.0,20.0,1.0,0,1,estimado_nao_verificado,ano_corrigido_usuario,0
5209,P001525,Cliente 136,957000,2025-08-18,10.0,0.0,10.0,1.0,0,1,estimado_nao_verificado,ano_corrigido_usuario,0
5210,P001525,Cliente 136,958000,2025-08-18,60.0,0.0,60.0,1.0,0,1,ausente,ano_corrigido_usuario,0
5211,P000047,Cliente 356,961500,2025-08-18,2.0,0.0,2.0,1.0,0,1,registrado,ano_corrigido_usuario,0
5212,P000047,Cliente 356,961600,2025-08-18,24.0,0.0,24.0,1.0,0,1,registrado,ano_corrigido_usuario,0
5213,P000047,Cliente 356,964800,2025-08-18,10.0,0.0,10.0,1.0,0,1,registrado,ano_corrigido_usuario,0
5214,P000047,Cliente 356,959400,2025-08-18,5.0,0.0,5.0,1.0,0,1,registrado,ano_corrigido_usuario,0
5215,P000047,Cliente 356,958400,2025-08-18,15.0,0.0,15.0,1.0,0,1,registrado,ano_corrigido_usuario,0
5216,P000047,Cliente 356,957400,2025-08-18,10.0,0.0,10.0,1.0,0,1,registrado,ano_corrigido_usuario,0
5217,P000047,Cliente 356,953000,2025-08-18,2.0,0.0,2.0,1.0,0,1,registrado,ano_corrigido_usuario,0
5218,P000047,Cliente 356,953100,2025-08-18,2.0,0.0,2.0,1.0,0,1,registrado,ano_corrigido_usuario,0
5219,P000047,Cliente 356,964000,2025-08-18,20.0,0.0,20.0,1.0,0,1,registrado,ano_corrigido_usuario,0
5220,P000047,Cliente 356,961000,2025-08-18,8.0,0.0,8.0,1.0,0,1,registrado,ano_corrigido_usuario,0
5221,P000047,Cliente 356,969100,2025-08-18,6.0,0.0,6.0,1.0,0,1,registrado,ano_corrigido_usuario,0
5222,P000047,Cliente 356,968800,2025-08-18,3.0,0.0,3.0,1.0,0,1,registrado,ano_corrigido_usuario,0
5223,P000047,Cliente 356,968900,2025-08-18,4.0,0.0,4.0,1.0,0,1,registrado,ano_corrigido_usuario,0
5224,P000047,Cliente 356,969000,2025-08-18,5.0,0.0,5.0,1.0,0,1,registrado,ano_corrigido_usuario,0
5225,P000047,Cliente 356,971500,2025-08-18,12.0,0.0,12.0,1.0,0,1,registrado,ano_corrigido_usuario,0
5226,P000047,Cliente 356,972200,2025-08-18,21.0,0.0,21.0,1.0,0,1,registrado,ano_corrigido_usuario,0
5227,P000047,Cliente 356,966200,2025-08-18,40.0,0.0,40.0,1.0,0,1,registrado,ano_corrigido_usuario,0
5228,P000047,Cliente 356,966300,2025-08-18,26.0,0.0,26.0,1.0,0,1,registrado,ano_corrigido_usuario,0
5229,P000047,Cliente 356,966400,2025-08-18,42.0,0.0,42.0,1.0,0,1,registrado,ano_corrigido_usuario,0
5230,P000047,Cliente 356,966500,2025-08-18,13.0,0.0,13.0,1.0,0,1,registrado,ano_corrigido_usuario,0
5231,P000047,Cliente 356,966600,2025-08-18,29.0,0.0,29.0,1.0,0,1,registrado,ano_corrigido_usuario,0
5232,P000047,Cliente 356,966700,2025-08-18,4.0,0.0,4.0,1.0,0,1,registrado,ano_corrigido_usuario,0
5233,P000047,Cliente 356,966800,2025-08-18,100.0,0.0,100.0,1.0,0,1,registrado,ano_corrigido_usuario,0
5234,P000047,Cliente 356,990400,2025-08-18,3.0,0.0,3.0,1.0,0,1,registrado,ano_corrigido_usuario,0
5235,P000047,Cliente 356,990500,2025-08-18,2.0,0.0,2.0,1.0,0,1,registrado,ano_corrigido_usuario,0
5236,P000047,Cliente 356,970000,2025-08-18,3.0,0.0,3.0,1.0,0,1,registrado,ano_corrigido_usuario,0
5237,P000047,Cliente 356,970100,2025-08-18,4.0,0.0,4.0,1.0,0,1,registrado,ano_corrigido_usuario,0
5238,P000047,Cliente 356,970200,2025-08-18,12.0,0.0,12.0,1.0,0,1,registrado,ano_corrigido_usuario,0
5239,P000047,Cliente 356,967700,2025-08-18,3.0,0.0,3.0,1.0,0,1,registrado,ano_corrigido_usuario,0
5240,P000047,Cliente 356,967800,2025-08-18,4.0,0.0,4.0,1.0,0,1,registrado,ano_corrigido_usuario,0
5241,P001459,Cliente 060,966600,2025-08-18,600.0,0.0,600.0,1.0,0,1,registrado,ano_corrigido_usuario,0
5242,P001459,Cliente 060,966700,2025-08-18,400.0,0.0,400.0,1.0,0,1,registrado,ano_corrigido_usuario,0
5243,P001529,Cliente 203,961600,2025-08-21,250.0,0.0,250.0,1.0,0,1,estimado_nao_verificado,ano_corrigido_usuario,0
5244,P001529,Cliente 203,964000,2025-08-21,50.0,0.0,50.0,1.0,0,1,estimado_nao_verificado,ano_corrigido_usuario,0
5245,P001502,Cliente 201,902300,2025-08-21,32.0,0.0,32.0,1.0,0,1,estimado_nao_verificado,ano_corrigido_usuario,0
5246,P001502,Cliente 201,948700,2025-08-21,32.0,0.0,32.0,1.0,0,1,estimado_nao_verificado,ano_corrigido_usuario,0
5247,P001502,Cliente 201,961800,2025-08-21,24.0,0.0,24.0,1.0,0,1,estimado_nao_verificado,ano_corrigido_usuario,0
5248,P001502,Cliente 201,981700,2025-08-21,32.0,0.0,32.0,1.0,0,1,estimado_nao_verificado,ano_corrigido_usuario,0
5249,P001494,Cliente 185,942100,2025-08-21,400.0,0.0,400.0,1.0,0,1,estimado_nao_verificado,ano_corrigido_usuario,0
5250,P001494,Cliente 185,949300,2025-08-21,40.0,0.0,40.0,1.0,0,1,estimado_nao_verificado,ano_corrigido_usuario,0
5251,P001494,Cliente 185,961800,2025-08-21,40.0,0.0,40.0,1.0,0,1,estimado_nao_verificado,ano_corrigido_usuario,0
5252,P001543,Cliente 185,991400,2025-08-21,100.0,0.0,100.0,1.0,0,1,estimado_nao_verificado,ano_corrigido_usuario,0
5253,P001160,Cliente 099,900300,2025-08-21,,0.0,,,0,0,estimado_nao_verificado,ano_corrigido_usuario,0
5254,P001549,Cliente 013,981700,2025-08-21,100.0,0.0,100.0,1.0,0,1,estimado_nao_verificado,ano_corrigido_usuario,0
5255,P001542,Cliente 013,981700,2025-08-21,16.0,0.0,16.0,1.0,0,1,estimado_nao_verificado,ano_corrigido_usuario,0
5256,P001085,Cliente 230,950400,2025-08-21,1200.0,0.0,1200.0,1.0,0,1,estimado_nao_verificado,ano_corrigido_usuario,0
5257,P001544,Cliente 216,966400,2025-08-21,13.0,0.0,13.0,1.0,0,1,ausente,ano_corrigido_usuario,0
5260,P001431,Cliente 061,950400,2025-08-22,400.0,0.0,400.0,1.0,0,1,estimado_nao_verificado,ano_corrigido_usuario,0
5261,P000048,Cliente 356,961500,2025-08-22,15.0,0.0,15.0,1.0,0,1,registrado,ano_corrigido_usuario,0
5262,P000048,Cliente 356,961600,2025-08-22,8.0,0.0,8.0,1.0,0,1,registrado,ano_corrigido_usuario,0
5263,P000048,Cliente 356,959400,2025-08-22,2.0,0.0,2.0,1.0,0,1,registrado,ano_corrigido_usuario,0
5264,P000048,Cliente 356,958400,2025-08-22,2.0,0.0,2.0,1.0,0,1,registrado,ano_corrigido_usuario,0
5265,P000048,Cliente 356,957400,2025-08-22,2.0,0.0,2.0,1.0,0,1,registrado,ano_corrigido_usuario,0
5266,P000048,Cliente 356,954200,2025-08-22,2.0,0.0,2.0,1.0,0,1,registrado,ano_corrigido_usuario,0
5267,P000048,Cliente 356,963900,2025-08-22,6.0,0.0,6.0,1.0,0,1,registrado,ano_corrigido_usuario,0
5268,P000048,Cliente 356,964000,2025-08-22,16.0,0.0,16.0,1.0,0,1,registrado,ano_corrigido_usuario,0
5269,P000048,Cliente 356,961000,2025-08-22,20.0,0.0,20.0,1.0,0,1,registrado,ano_corrigido_usuario,0
5270,P000048,Cliente 356,969100,2025-08-22,2.0,0.0,2.0,1.0,0,1,registrado,ano_corrigido_usuario,0
5271,P000048,Cliente 356,968900,2025-08-22,12.0,0.0,12.0,1.0,0,1,registrado,ano_corrigido_usuario,0
5272,P000048,Cliente 356,971500,2025-08-22,2.0,0.0,2.0,1.0,0,1,registrado,ano_corrigido_usuario,0
5273,P000048,Cliente 356,971700,2025-08-22,2.0,0.0,2.0,1.0,0,1,registrado,ano_corrigido_usuario,0
5274,P000048,Cliente 356,972200,2025-08-22,34.0,0.0,34.0,1.0,0,1,registrado,ano_corrigido_usuario,0
5275,P000048,Cliente 356,965900,2025-08-22,4.0,0.0,4.0,1.0,0,1,ausente,ano_corrigido_usuario,0
5276,P000048,Cliente 356,966200,2025-08-22,43.0,0.0,43.0,1.0,0,1,registrado,ano_corrigido_usuario,0
5277,P000048,Cliente 356,966300,2025-08-22,44.0,0.0,44.0,1.0,0,1,registrado,ano_corrigido_usuario,0
5278,P000048,Cliente 356,966400,2025-08-22,61.0,0.0,61.0,1.0,0,1,registrado,ano_corrigido_usuario,0
5279,P000048,Cliente 356,966500,2025-08-22,9.0,0.0,9.0,1.0,0,1,registrado,ano_corrigido_usuario,0
5280,P000048,Cliente 356,966600,2025-08-22,59.0,0.0,59.0,1.0,0,1,registrado,ano_corrigido_usuario,0
5281,P000048,Cliente 356,966700,2025-08-22,26.0,0.0,26.0,1.0,0,1,registrado,ano_corrigido_usuario,0
5282,P000048,Cliente 356,966800,2025-08-22,2198.0,0.0,2198.0,1.0,0,1,registrado,ano_corrigido_usuario,0
5283,P000048,Cliente 356,990500,2025-08-22,15.0,0.0,15.0,1.0,0,1,registrado,ano_corrigido_usuario,0
5284,P000048,Cliente 356,970100,2025-08-22,9.0,0.0,9.0,1.0,0,1,registrado,ano_corrigido_usuario,0
5285,P000048,Cliente 356,970500,2025-08-22,2.0,0.0,2.0,1.0,0,1,registrado,ano_corrigido_usuario,0
5286,P000048,Cliente 356,970200,2025-08-22,3.0,0.0,3.0,1.0,0,1,registrado,ano_corrigido_usuario,0
5287,P000048,Cliente 356,967700,2025-08-22,5.0,0.0,5.0,1.0,0,1,registrado,ano_corrigido_usuario,0
5288,P000048,Cliente 356,967800,2025-08-22,11.0,0.0,11.0,1.0,0,1,registrado,ano_corrigido_usuario,0
5289,P001545,Cliente 121,974200,2025-08-23,200.0,0.0,200.0,1.0,0,1,registrado,ano_corrigido_usuario,0
5290,P001523,Cliente 315,902300,2025-08-23,1000.0,0.0,1000.0,1.0,0,1,registrado,ano_corrigido_usuario,0
5291,P001523,Cliente 315,949300,2025-08-23,60.0,0.0,60.0,1.0,0,1,registrado,ano_corrigido_usuario,0
5292,P001564,Cliente 025,961000,2025-08-23,240.0,0.0,240.0,1.0,0,1,registrado,ano_corrigido_usuario,0
5293,P001564,Cliente 025,966400,2025-08-23,10.0,0.0,10.0,1.0,0,1,registrado,ano_corrigido_usuario,0
5294,P001099,Cliente 169,949300,2025-08-23,400.0,0.0,400.0,1.0,0,1,registrado,ano_corrigido_usuario,0
5295,P001099,Cliente 169,961800,2025-08-23,4.0,0.0,4.0,1.0,0,1,registrado,ano_corrigido_usuario,0
5296,P001562,Cliente 185,949300,2025-08-23,40.0,0.0,40.0,1.0,0,1,registrado,ano_corrigido_usuario,0
5298,P001546,Cliente 185,942100,2025-08-23,600.0,0.0,600.0,1.0,0,1,estimado_nao_verificado,ano_corrigido_usuario,0
5299,P001550,Cliente 339,902300,2025-08-23,100.0,0.0,100.0,1.0,0,1,estimado_nao_verificado,ano_corrigido_usuario,0
5300,P001550,Cliente 339,949300,2025-08-23,260.0,0.0,260.0,1.0,0,1,registrado,ano_corrigido_usuario,0
5301,P001550,Cliente 339,950400,2025-08-23,100.0,0.0,100.0,1.0,0,1,registrado,ano_corrigido_usuario,0
5302,P001526,Cliente 270,953800,2025-08-23,40.0,0.0,40.0,1.0,0,1,registrado,ano_corrigido_usuario,0
5303,P001526,Cliente 270,954900,2025-08-23,35.0,0.0,35.0,1.0,0,1,registrado,ano_corrigido_usuario,0
5304,P001526,Cliente 270,957000,2025-08-23,10.0,0.0,10.0,1.0,0,1,registrado,ano_corrigido_usuario,0
5305,P001526,Cliente 270,958000,2025-08-23,25.0,0.0,25.0,1.0,0,1,registrado,ano_corrigido_usuario,0
5306,P001526,Cliente 270,959000,2025-08-23,10.0,0.0,10.0,1.0,0,1,registrado,ano_corrigido_usuario,0
5307,P001526,Cliente 270,959900,2025-08-23,20.0,0.0,20.0,1.0,0,1,registrado,ano_corrigido_usuario,0
5308,P001526,Cliente 270,965300,2025-08-23,15.0,0.0,15.0,1.0,0,1,registrado,ano_corrigido_usuario,0
5309,P001518,Cliente 088,992400,2025-08-23,500.0,0.0,500.0,1.0,0,1,registrado,ano_corrigido_usuario,0
5310,P001518,Cliente 088,992500,2025-08-23,500.0,0.0,500.0,1.0,0,1,registrado,ano_corrigido_usuario,0
5311,P001518,Cliente 088,992700,2025-08-23,500.0,0.0,500.0,1.0,0,1,registrado,ano_corrigido_usuario,0
5312,P001566,Cliente 222,961000,2025-08-25,1.0,0.0,1.0,1.0,0,1,registrado,ano_corrigido_usuario,0
5313,P001566,Cliente 222,966800,2025-08-25,30.0,0.0,30.0,1.0,0,1,estimado_nao_verificado,ano_corrigido_usuario,0
5314,P001566,Cliente 222,967700,2025-08-25,1.0,0.0,1.0,1.0,0,1,registrado,ano_corrigido_usuario,0
5315,P001566,Cliente 222,969600,2025-08-25,1.0,0.0,1.0,1.0,0,1,registrado,ano_corrigido_usuario,0
5316,P001566,Cliente 222,971700,2025-08-25,1.0,0.0,1.0,1.0,0,1,registrado,ano_corrigido_usuario,0
5317,P001566,Cliente 222,971900,2025-08-25,1.0,0.0,1.0,1.0,0,1,registrado,ano_corrigido_usuario,0
5318,P001567,Cliente 222,951300,2025-08-25,1.0,0.0,1.0,1.0,0,1,registrado,ano_corrigido_usuario,0
5319,P001567,Cliente 222,952300,2025-08-25,1.0,0.0,1.0,1.0,0,1,registrado,ano_corrigido_usuario,0
5320,P001559,Cliente 328,949300,2025-08-25,20.0,0.0,20.0,1.0,0,1,registrado,ano_corrigido_usuario,0
5321,P001558,Cliente 328,981700,2025-08-25,20.0,0.0,20.0,1.0,0,1,registrado,ano_corrigido_usuario,0
5322,P001500,Cliente 095,974600,2025-08-25,832.0,0.0,832.0,1.0,0,1,registrado,ano_corrigido_usuario,0
5323,P001500,Cliente 095,974700,2025-08-25,1040.0,0.0,1040.0,1.0,0,1,registrado,ano_corrigido_usuario,0
5324,P001500,Cliente 095,975000,2025-08-25,416.0,0.0,416.0,1.0,0,1,registrado,ano_corrigido_usuario,0
5325,P001029,Cliente 183,948700,2025-08-25,600.0,0.0,600.0,1.0,0,1,registrado,ano_corrigido_usuario,0
5326,P000046,Cliente 365,961600,2025-08-26,2.0,0.0,2.0,1.0,0,1,registrado,registrada,0
5327,P000046,Cliente 365,965000,2025-08-26,1.0,0.0,1.0,1.0,0,1,registrado,registrada,0
5328,P000046,Cliente 365,959400,2025-08-26,1.0,0.0,1.0,1.0,0,1,estimado_nao_verificado,registrada,0
5329,P000046,Cliente 365,950000,2025-08-26,1.0,0.0,1.0,1.0,0,1,registrado,registrada,0
5330,P000046,Cliente 365,961000,2025-08-26,2.0,0.0,2.0,1.0,0,1,registrado,registrada,0
5331,P000046,Cliente 365,969600,2025-08-26,24.0,0.0,24.0,1.0,0,1,registrado,registrada,0
5332,P000046,Cliente 365,969400,2025-08-26,5.0,0.0,5.0,1.0,0,1,registrado,registrada,0
5333,P000046,Cliente 365,968900,2025-08-26,35.0,0.0,35.0,1.0,0,1,registrado,registrada,0
5334,P000046,Cliente 365,971700,2025-08-26,16.0,0.0,16.0,1.0,0,1,registrado,registrada,0
5335,P000046,Cliente 365,966500,2025-08-26,36.0,0.0,36.0,1.0,0,1,registrado,registrada,0
5336,P000046,Cliente 365,966600,2025-08-26,15.0,0.0,15.0,1.0,0,1,registrado,registrada,0
5337,P000046,Cliente 365,966700,2025-08-26,602.0,0.0,602.0,1.0,0,1,registrado,registrada,0
5338,P000046,Cliente 365,966800,2025-08-26,4000.0,0.0,4000.0,1.0,0,1,registrado,registrada,0
5339,P000046,Cliente 365,990500,2025-08-26,83.0,0.0,83.0,1.0,0,1,registrado,registrada,0
5340,P000046,Cliente 365,970000,2025-08-26,2.0,0.0,2.0,1.0,0,1,registrado,registrada,0
5341,P000046,Cliente 365,970100,2025-08-26,62.0,0.0,62.0,1.0,0,1,registrado,registrada,0
5342,P000046,Cliente 365,970500,2025-08-26,1.0,0.0,1.0,1.0,0,1,registrado,registrada,0
5343,P000046,Cliente 365,975800,2025-08-26,335.0,0.0,335.0,1.0,0,1,registrado,registrada,0
5344,P000046,Cliente 365,966900,2025-08-26,135.0,0.0,135.0,1.0,0,1,registrado,registrada,0
5345,P000046,Cliente 365,967100,2025-08-26,41.0,0.0,41.0,1.0,0,1,registrado,registrada,0
5346,P000046,Cliente 365,967800,2025-08-26,225.0,0.0,225.0,1.0,0,1,registrado,registrada,0
5347,P000046,Cliente 365,967900,2025-08-26,120.0,0.0,120.0,1.0,0,1,registrado,registrada,0
5348,P001560,Cliente 321,987400,2025-08-28,50.0,0.0,50.0,1.0,0,1,registrado,registrada,0
5349,P001551,Cliente 332,948700,2025-08-28,40.0,0.0,40.0,1.0,0,1,registrado,registrada,0
5350,P001536,Cliente 141,966800,2025-08-28,1000.0,0.0,1000.0,1.0,0,1,registrado,registrada,0
5351,P001556,Cliente 174,948600,2025-08-28,14.0,0.0,14.0,1.0,0,1,registrado,registrada,0
5352,P001556,Cliente 174,953800,2025-08-28,4.0,0.0,4.0,1.0,0,1,registrado,registrada,0
5353,P001556,Cliente 174,954900,2025-08-28,6.0,0.0,6.0,1.0,0,1,registrado,registrada,0
5354,P001556,Cliente 174,957000,2025-08-28,5.0,0.0,5.0,1.0,0,1,registrado,registrada,0
5355,P001556,Cliente 174,958000,2025-08-28,13.0,0.0,13.0,1.0,0,1,registrado,registrada,0
5356,P001556,Cliente 174,959000,2025-08-28,5.0,0.0,5.0,1.0,0,1,registrado,registrada,0
5357,P001556,Cliente 174,959900,2025-08-28,2.0,0.0,2.0,1.0,0,1,registrado,registrada,0
5358,P001556,Cliente 174,962100,2025-08-28,7.0,0.0,7.0,1.0,0,1,registrado,registrada,0
5359,P001556,Cliente 174,965300,2025-08-28,7.0,0.0,7.0,1.0,0,1,registrado,registrada,0
5360,P001556,Cliente 174,982000,2025-08-28,3.0,0.0,3.0,1.0,0,1,registrado,registrada,0
5361,P001573,Cliente 151,982700,2025-08-28,200.0,0.0,200.0,1.0,0,1,registrado,registrada,0
5362,P001557,Cliente 065,961000,2025-08-28,50.0,0.0,50.0,1.0,0,1,registrado,registrada,0
5363,P001557,Cliente 065,966200,2025-08-28,30.0,0.0,30.0,1.0,0,1,registrado,registrada,0
5364,P001557,Cliente 065,966300,2025-08-28,30.0,0.0,30.0,1.0,0,1,registrado,registrada,0
5365,P001557,Cliente 065,966400,2025-08-28,30.0,0.0,30.0,1.0,0,1,registrado,registrada,0
5366,P000050,Cliente 323,961000,2025-08-28,3.0,0.0,3.0,1.0,0,1,registrado,registrada,0
5367,P001565,Cliente 286,902300,2025-08-28,120.0,0.0,120.0,1.0,0,1,registrado,registrada,0
5368,P000717,Cliente 091,950400,2025-08-29,600.0,0.0,600.0,1.0,0,1,registrado,registrada,0
5395,P001585,Cliente 279,949300,2025-08-29,80.0,0.0,80.0,1.0,0,1,registrado,registrada,0
5396,P001599,Cliente 185,966800,2025-08-29,100.0,0.0,100.0,1.0,0,1,registrado,registrada,0
5398,P001572,Cliente 185,942100,2025-08-29,300.0,0.0,300.0,1.0,0,1,registrado,registrada,0
5399,P001563,Cliente 185,908400,2025-08-29,240.0,0.0,240.0,1.0,0,1,registrado,registrada,0
5401,P001627,Cliente 090,981600,2025-08-29,3.0,0.0,3.0,1.0,0,1,registrado,registrada,0
5402,P001626,Cliente 223,953800,2025-08-29,20.0,0.0,20.0,1.0,0,1,registrado,registrada,0
5403,P001626,Cliente 223,954900,2025-08-29,10.0,0.0,10.0,1.0,0,1,registrado,registrada,0
5404,P001626,Cliente 223,958000,2025-08-29,10.0,0.0,10.0,1.0,0,1,registrado,registrada,0
5405,P001588,Cliente 027,951300,2025-08-29,1.0,0.0,1.0,1.0,0,1,registrado,registrada,0
5406,P001588,Cliente 027,961500,2025-08-29,2.0,0.0,2.0,1.0,0,1,registrado,registrada,0
5407,P001588,Cliente 027,961600,2025-08-29,4.0,0.0,4.0,1.0,0,1,registrado,registrada,0
5408,P001588,Cliente 027,964000,2025-08-29,1.0,0.0,1.0,1.0,0,1,registrado,registrada,0
5409,P001588,Cliente 027,981500,2025-08-29,1.0,0.0,1.0,1.0,0,1,registrado,registrada,0
5410,P001580,Cliente 351,948700,2025-08-29,20.0,0.0,20.0,1.0,0,1,registrado,registrada,0
5411,P001579,Cliente 350,902300,2025-08-29,18.0,0.0,18.0,1.0,0,1,registrado,registrada,0
5412,P001579,Cliente 350,948700,2025-08-29,2.0,0.0,2.0,1.0,0,1,registrado,registrada,0
5413,P001608,Cliente 205,961600,2025-08-29,150.0,0.0,150.0,1.0,0,1,registrado,registrada,0
5414,P001608,Cliente 205,964000,2025-08-29,30.0,0.0,30.0,1.0,0,1,registrado,registrada,0
5415,P001609,Cliente 264,961500,2025-08-29,2.0,0.0,2.0,1.0,0,1,registrado,registrada,0
5416,P001609,Cliente 264,961600,2025-08-29,15.0,0.0,15.0,1.0,0,1,registrado,registrada,0
5417,P001609,Cliente 264,963900,2025-08-29,1.0,0.0,1.0,1.0,0,1,registrado,registrada,0
5418,P001609,Cliente 264,964000,2025-08-29,5.0,0.0,5.0,1.0,0,1,registrado,registrada,0
5419,P001601,Cliente 070,976100,2025-08-29,164.0,0.0,164.0,1.0,0,1,registrado,registrada,0
5420,P001586,Cliente 070,986200,2025-08-29,50.0,0.0,50.0,1.0,0,1,registrado,registrada,0
5421,P001586,Cliente 070,990600,2025-08-29,20.0,0.0,20.0,1.0,0,1,registrado,registrada,0
5422,P001586,Cliente 070,990700,2025-08-29,40.0,0.0,40.0,1.0,0,1,registrado,registrada,0
5423,P001577,Cliente 148,902200,2025-09-01,100.0,0.0,100.0,1.0,0,1,registrado,registrada,0
5424,P001577,Cliente 148,977200,2025-09-01,5.0,0.0,5.0,1.0,0,1,registrado,registrada,0
5425,P001577,Cliente 148,977500,2025-09-01,50.0,0.0,50.0,1.0,0,1,registrado,registrada,0
5426,P001577,Cliente 148,977600,2025-09-01,300.0,0.0,300.0,1.0,0,1,registrado,registrada,0
5427,P001577,Cliente 148,977800,2025-09-01,40.0,0.0,40.0,1.0,0,1,registrado,registrada,0
5428,P001577,Cliente 148,977900,2025-09-01,1500.0,0.0,1500.0,1.0,0,1,registrado,registrada,0
5429,P001577,Cliente 148,978000,2025-09-01,15.0,0.0,15.0,1.0,0,1,registrado,registrada,0
5430,P001577,Cliente 148,978200,2025-09-01,5.0,0.0,5.0,1.0,0,1,registrado,registrada,0
5431,P001577,Cliente 148,978500,2025-09-01,500.0,0.0,500.0,1.0,0,1,registrado,registrada,0
5432,P001577,Cliente 148,986400,2025-09-01,30.0,0.0,30.0,1.0,0,1,registrado,registrada,0
5433,P001577,Cliente 148,986500,2025-09-01,30.0,0.0,30.0,1.0,0,1,registrado,registrada,0
5434,P001577,Cliente 148,987600,2025-09-01,500.0,0.0,500.0,1.0,0,1,registrado,registrada,0
5435,P001577,Cliente 148,991400,2025-09-01,150.0,0.0,150.0,1.0,0,1,registrado,registrada,0
5436,P001600,Cliente 186,900100,2025-09-02,30.0,0.0,30.0,1.0,0,1,registrado,registrada,0
5437,P001607,Cliente 043,966700,2025-09-02,30.0,0.0,30.0,1.0,0,1,registrado,registrada,0
5438,P001607,Cliente 043,966800,2025-09-02,100.0,0.0,100.0,1.0,0,1,registrado,registrada,0
5439,P001606,Cliente 146,953200,2025-09-02,20.0,0.0,20.0,1.0,0,1,registrado,registrada,0
5440,P001636,Cliente 146,948700,2025-09-02,30.0,0.0,30.0,1.0,0,1,registrado,registrada,0
5441,P001636,Cliente 146,949300,2025-09-02,30.0,0.0,30.0,1.0,0,1,registrado,registrada,0
5442,P001636,Cliente 146,951400,2025-09-02,12.0,0.0,12.0,1.0,0,1,registrado,registrada,0
5443,P001592,Cliente 108,949800,2025-09-02,60.0,0.0,60.0,1.0,0,1,registrado,registrada,0
5444,P001591,Cliente 348,961800,2025-09-02,12.0,0.0,12.0,1.0,0,1,registrado,registrada,0
5445,P001612,Cliente 274,902300,2025-09-02,8.0,0.0,8.0,1.0,0,1,registrado,registrada,0
5446,P001629,Cliente 037,902300,2025-09-02,200.0,0.0,200.0,1.0,0,1,registrado,registrada,0
5447,P001619,Cliente 040,949900,2025-09-02,3.0,0.0,3.0,1.0,0,1,registrado,registrada,0
5448,P001619,Cliente 040,950000,2025-09-02,6.0,0.0,6.0,1.0,0,1,registrado,registrada,0
5449,P001619,Cliente 040,951200,2025-09-02,3.0,3.0,6.0,0.5,1,1,estimado_nao_verificado,registrada,0
5450,P001619,Cliente 040,951300,2025-09-02,6.0,0.0,6.0,1.0,0,1,registrado,registrada,0
5451,P001619,Cliente 040,953100,2025-09-02,6.0,0.0,6.0,1.0,0,1,registrado,registrada,0
5452,P001619,Cliente 040,955400,2025-09-02,4.0,0.0,4.0,1.0,0,1,registrado,registrada,0
5453,P001619,Cliente 040,958500,2025-09-02,4.0,0.0,4.0,1.0,0,1,registrado,registrada,0
5454,P001619,Cliente 040,961600,2025-09-02,6.0,0.0,6.0,1.0,0,1,registrado,registrada,0
5455,P001619,Cliente 040,964000,2025-09-02,6.0,0.0,6.0,1.0,0,1,registrado,registrada,0
5456,P001619,Cliente 040,965000,2025-09-02,4.0,0.0,4.0,1.0,0,1,registrado,registrada,0
5457,P001619,Cliente 040,981500,2025-09-02,6.0,0.0,6.0,1.0,0,1,registrado,registrada,0
5458,P001602,Cliente 180,966700,2025-09-02,2.0,0.0,2.0,1.0,0,1,registrado,registrada,0
5459,P001602,Cliente 180,966800,2025-09-02,40.0,0.0,40.0,1.0,0,1,registrado,registrada,0
5460,P001602,Cliente 180,971500,2025-09-02,2.0,0.0,2.0,1.0,0,1,registrado,registrada,0
5461,P001602,Cliente 180,971700,2025-09-02,1.0,0.0,1.0,1.0,0,1,registrado,registrada,0
5462,P001602,Cliente 180,971900,2025-09-02,1.0,0.0,1.0,1.0,0,1,registrado,registrada,0
5463,P001602,Cliente 180,972200,2025-09-02,2.0,0.0,2.0,1.0,0,1,registrado,registrada,0
5464,P001603,Cliente 180,949900,2025-09-02,1.0,0.0,1.0,1.0,0,1,registrado,registrada,0
5465,P001603,Cliente 180,950000,2025-09-02,1.0,0.0,1.0,1.0,0,1,registrado,registrada,0
5466,P001603,Cliente 180,955300,2025-09-02,1.0,0.0,1.0,1.0,0,1,registrado,registrada,0
5467,P001603,Cliente 180,958400,2025-09-02,1.0,0.0,1.0,1.0,0,1,registrado,registrada,0
5468,P001603,Cliente 180,961000,2025-09-02,2.0,0.0,2.0,1.0,0,1,ausente,registrada,0
5469,P001603,Cliente 180,961500,2025-09-02,1.0,0.0,1.0,1.0,0,1,registrado,registrada,0
5470,P001603,Cliente 180,961600,2025-09-02,1.0,0.0,1.0,1.0,0,1,registrado,registrada,0
5471,P001603,Cliente 180,963900,2025-09-02,1.0,1.0,2.0,0.5,1,1,estimado_nao_verificado,registrada,0
5472,P001603,Cliente 180,964000,2025-09-02,1.0,0.0,1.0,1.0,0,1,registrado,registrada,0
5473,P001603,Cliente 180,964800,2025-09-02,1.0,0.0,1.0,1.0,0,1,registrado,registrada,0
5474,P001604,Cliente 180,971700,2025-09-02,1.0,0.0,1.0,1.0,0,1,registrado,registrada,0
5475,P001617,Cliente 344,949300,2025-09-02,125.0,0.0,125.0,1.0,0,1,registrado,registrada,0
5476,P001610,Cliente 062,976000,2025-09-02,500.0,0.0,500.0,1.0,0,1,registrado,registrada,0
5477,P001614,Cliente 044,151461,2025-09-02,1.0,0.0,1.0,1.0,0,1,registrado,registrada,0
5478,P001590,Cliente 071,993900,2025-09-02,1555.0,0.0,1555.0,1.0,0,1,registrado,registrada,0
5479,P001587,Cliente 339,949300,2025-09-03,120.0,0.0,120.0,1.0,0,1,registrado,registrada,0
5480,P001605,Cliente 016,902300,2025-09-03,5.0,0.0,5.0,1.0,0,1,registrado,registrada,0
5481,P001605,Cliente 016,949300,2025-09-03,70.0,0.0,70.0,1.0,0,1,registrado,registrada,0
5482,P001605,Cliente 016,950400,2025-09-03,5.0,0.0,5.0,1.0,0,1,registrado,registrada,0
5483,P001605,Cliente 016,961800,2025-09-03,40.0,0.0,40.0,1.0,0,1,registrado,registrada,0
5484,P001616,Cliente 030,948700,2025-09-03,800.0,0.0,800.0,1.0,0,1,registrado,registrada,0
5485,P001615,Cliente 022,902300,2025-09-03,160.0,0.0,160.0,1.0,0,1,registrado,registrada,0
5486,P001615,Cliente 022,949300,2025-09-03,160.0,0.0,160.0,1.0,0,1,registrado,registrada,0
5487,P001547,Cliente 175,979800,2025-09-03,104.0,0.0,104.0,1.0,0,1,registrado,registrada,0
5488,P001547,Cliente 175,979900,2025-09-03,52.0,0.0,52.0,1.0,0,1,registrado,registrada,0
5489,P001547,Cliente 175,980000,2025-09-03,402.0,0.0,402.0,1.0,0,1,registrado,registrada,0
5490,P001547,Cliente 175,980300,2025-09-03,200.0,0.0,200.0,1.0,0,1,registrado,registrada,0
5491,P001547,Cliente 175,980700,2025-09-03,300.0,0.0,300.0,1.0,0,1,registrado,registrada,0
5492,P001581,Cliente 095,974600,2025-09-03,624.0,0.0,624.0,1.0,0,1,registrado,registrada,0
5493,P001581,Cliente 095,974700,2025-09-03,1248.0,0.0,1248.0,1.0,0,1,registrado,registrada,0
5494,P001581,Cliente 095,975000,2025-09-03,416.0,0.0,416.0,1.0,0,1,registrado,registrada,0
5495,P001648,Cliente 222,966700,2025-09-03,1.0,0.0,1.0,1.0,0,1,registrado,registrada,0
5496,P001648,Cliente 222,966800,2025-09-03,20.0,0.0,20.0,1.0,0,1,registrado,registrada,0
5497,P001648,Cliente 222,969600,2025-09-03,2.0,0.0,2.0,1.0,0,1,registrado,registrada,0
5498,P001648,Cliente 222,971700,2025-09-03,1.0,0.0,1.0,1.0,0,1,registrado,registrada,0
5499,P001648,Cliente 222,971900,2025-09-03,2.0,0.0,2.0,1.0,0,1,registrado,registrada,0
5500,P001638,Cliente 041,952400,2025-09-03,28.0,0.0,28.0,1.0,0,1,registrado,registrada,0
5501,P001161,Cliente 099,900300,2025-09-04,20.0,0.0,20.0,1.0,0,1,estimado_nao_verificado,registrada,0
5502,P001595,Cliente 024,949200,2025-09-04,350.0,0.0,350.0,1.0,0,1,registrado,registrada,0
5503,P001595,Cliente 024,953800,2025-09-04,150.0,0.0,150.0,1.0,0,1,registrado,registrada,0
5504,P001595,Cliente 024,954900,2025-09-04,200.0,0.0,200.0,1.0,0,1,registrado,registrada,0
5505,P001595,Cliente 024,956000,2025-09-04,20.0,0.0,20.0,1.0,0,1,registrado,registrada,0
5506,P001595,Cliente 024,957000,2025-09-04,30.0,0.0,30.0,1.0,0,1,registrado,registrada,0
5507,P001595,Cliente 024,958000,2025-09-04,250.0,0.0,250.0,1.0,0,1,registrado,registrada,0
5508,P001595,Cliente 024,962100,2025-09-04,120.0,0.0,120.0,1.0,0,1,registrado,registrada,0
5509,P001595,Cliente 024,963400,2025-09-04,25.0,0.0,25.0,1.0,0,1,registrado,registrada,0
5510,P001595,Cliente 024,965300,2025-09-04,100.0,0.0,100.0,1.0,0,1,registrado,registrada,0
5511,P001512,Cliente 024,146920,2025-09-04,56.0,0.0,56.0,1.0,0,1,registrado,registrada,0
5512,P001513,Cliente 024,146721,2025-09-04,56.0,0.0,56.0,1.0,0,1,registrado,registrada,0
5513,P001514,Cliente 024,987380,2025-09-04,81.0,0.0,81.0,1.0,0,1,registrado,registrada,0
5514,P001568,Cliente 024,146511,2025-09-04,5.0,0.0,5.0,1.0,0,1,registrado,registrada,0
5515,P001569,Cliente 024,146411,2025-09-04,20.0,0.0,20.0,1.0,0,1,registrado,registrada,0
5516,P001571,Cliente 024,146601,2025-09-04,190.0,0.0,190.0,1.0,0,1,registrado,registrada,0
5517,P001570,Cliente 024,146501,2025-09-04,102.0,0.0,102.0,1.0,0,1,registrado,registrada,0
5518,P001589,Cliente 041,993100,2025-09-04,264.0,0.0,264.0,1.0,0,1,registrado,registrada,0
5519,P001589,Cliente 041,993200,2025-09-04,276.0,0.0,276.0,1.0,0,1,registrado,registrada,0
5520,P001589,Cliente 041,993300,2025-09-04,266.0,0.0,266.0,1.0,0,1,registrado,registrada,0
5521,P001589,Cliente 041,993400,2025-09-04,257.0,0.0,257.0,1.0,0,1,registrado,registrada,0
5522,P001589,Cliente 041,993500,2025-09-04,257.0,0.0,257.0,1.0,0,1,registrado,registrada,0
5523,P001350,Cliente 093,976300,2025-09-04,35.0,0.0,35.0,1.0,0,1,registrado,registrada,0
5524,P001350,Cliente 093,975600,2025-09-04,115.0,0.0,115.0,1.0,0,1,registrado,registrada,0
5525,P001611,Cliente 214,961600,2025-09-04,50.0,0.0,50.0,1.0,0,1,registrado,registrada,0
5526,P001631,Cliente 258,961600,2025-09-04,5.0,0.0,5.0,1.0,0,1,registrado,registrada,0
5527,P001631,Cliente 258,964000,2025-09-04,35.0,0.0,35.0,1.0,0,1,registrado,registrada,0
5528,P001583,Cliente 275,964000,2025-09-04,20.0,0.0,20.0,1.0,0,1,registrado,registrada,0
5529,P001596,Cliente 304,961600,2025-09-04,30.0,0.0,30.0,1.0,0,1,registrado,registrada,0
5530,P001596,Cliente 304,964000,2025-09-04,40.0,0.0,40.0,1.0,0,1,registrado,registrada,0
5531,P001584,Cliente 198,961600,2025-09-04,55.0,0.0,55.0,1.0,0,1,registrado,registrada,0
5532,P001584,Cliente 198,964000,2025-09-04,100.0,0.0,100.0,1.0,0,1,registrado,registrada,0
5533,P001541,Cliente 240,961200,2025-09-04,4.0,0.0,4.0,1.0,0,1,registrado,registrada,0
5534,P001541,Cliente 240,961600,2025-09-04,3.0,0.0,3.0,1.0,0,1,registrado,registrada,0
5535,P001541,Cliente 240,963600,2025-09-04,4.0,0.0,4.0,1.0,0,1,registrado,registrada,0
5536,P001541,Cliente 240,964000,2025-09-04,6.0,0.0,6.0,1.0,0,1,registrado,registrada,0
5537,P001510,Cliente 209,961600,2025-09-04,20.0,0.0,20.0,1.0,0,1,registrado,registrada,0
5538,P001597,Cliente 215,950000,2025-09-04,15.0,0.0,15.0,1.0,0,1,registrado,registrada,0
5539,P001597,Cliente 215,961600,2025-09-04,20.0,0.0,20.0,1.0,0,1,registrado,registrada,0
5540,P001630,Cliente 203,961600,2025-09-04,200.0,0.0,200.0,1.0,0,1,registrado,registrada,0
5541,P001630,Cliente 203,964000,2025-09-04,50.0,0.0,50.0,1.0,0,1,registrado,registrada,0
5542,P001598,Cliente 093,976300,2025-09-05,750.0,0.0,750.0,1.0,0,1,registrado,registrada,0
5543,P001598,Cliente 093,976500,2025-09-05,1000.0,0.0,1000.0,1.0,0,1,registrado,registrada,0
5544,P001634,Cliente 114,949300,2025-09-05,50.0,0.0,50.0,1.0,0,1,registrado,registrada,0
5545,P001633,Cliente 176,953200,2025-09-05,80.0,0.0,80.0,1.0,0,1,registrado,registrada,0
5546,P001654,Cliente 332,948700,2025-09-05,40.0,0.0,40.0,1.0,0,1,registrado,registrada,0
5547,P001653,Cliente 118,961500,2025-09-05,5.0,0.0,5.0,1.0,0,1,registrado,registrada,0
5548,P001653,Cliente 118,961600,2025-09-05,30.0,0.0,30.0,1.0,0,1,registrado,registrada,0
5549,P001653,Cliente 118,963900,2025-09-05,3.0,0.0,3.0,1.0,0,1,registrado,registrada,0
5550,P001653,Cliente 118,964000,2025-09-05,10.0,0.0,10.0,1.0,0,1,registrado,registrada,0
5551,P000052,Cliente 357,961500,2025-09-05,8.0,0.0,8.0,1.0,0,1,registrado,registrada,0
5552,P000052,Cliente 357,961600,2025-09-05,59.0,0.0,59.0,1.0,0,1,registrado,registrada,0
5553,P000052,Cliente 357,964800,2025-09-05,2.0,0.0,2.0,1.0,0,1,registrado,registrada,0
5554,P000052,Cliente 357,958400,2025-09-05,2.0,0.0,2.0,1.0,0,1,registrado,registrada,0
5555,P000052,Cliente 357,955300,2025-09-05,1.0,0.0,1.0,1.0,0,1,registrado,registrada,0
5556,P000052,Cliente 357,954200,2025-09-05,2.0,0.0,2.0,1.0,0,1,registrado,registrada,0
5557,P000052,Cliente 357,950000,2025-09-05,2.0,0.0,2.0,1.0,0,1,registrado,registrada,0
5558,P000052,Cliente 357,951300,2025-09-05,2.0,0.0,2.0,1.0,0,1,registrado,registrada,0
5559,P000052,Cliente 357,981500,2025-09-05,1.0,0.0,1.0,1.0,0,1,registrado,registrada,0
5560,P000052,Cliente 357,963900,2025-09-05,3.0,0.0,3.0,1.0,0,1,registrado,registrada,0
5561,P000052,Cliente 357,964000,2025-09-05,36.0,0.0,36.0,1.0,0,1,registrado,registrada,0
5562,P000052,Cliente 357,961000,2025-09-05,7.0,0.0,7.0,1.0,0,1,registrado,registrada,0
5563,P000052,Cliente 357,969100,2025-09-05,9.0,0.0,9.0,1.0,0,1,registrado,registrada,0
5564,P000052,Cliente 357,969400,2025-09-05,1.0,0.0,1.0,1.0,0,1,registrado,registrada,0
5565,P000052,Cliente 357,968800,2025-09-05,1.0,0.0,1.0,1.0,0,1,registrado,registrada,0
5566,P000052,Cliente 357,968900,2025-09-05,6.0,0.0,6.0,1.0,0,1,registrado,registrada,0
5567,P000052,Cliente 357,971500,2025-09-05,10.0,0.0,10.0,1.0,0,1,registrado,registrada,0
5568,P000052,Cliente 357,971700,2025-09-05,2.0,0.0,2.0,1.0,0,1,registrado,registrada,0
5569,P000052,Cliente 357,972200,2025-09-05,131.0,0.0,131.0,1.0,0,1,registrado,registrada,0
5570,P000052,Cliente 357,966200,2025-09-05,53.0,0.0,53.0,1.0,0,1,registrado,registrada,0
5571,P000052,Cliente 357,966300,2025-09-05,44.0,0.0,44.0,1.0,0,1,registrado,registrada,0
5572,P000052,Cliente 357,966400,2025-09-05,68.0,0.0,68.0,1.0,0,1,registrado,registrada,0
5573,P000052,Cliente 357,966500,2025-09-05,23.0,0.0,23.0,1.0,0,1,registrado,registrada,0
5574,P000052,Cliente 357,966600,2025-09-05,86.0,0.0,86.0,1.0,0,1,registrado,registrada,0
5575,P000052,Cliente 357,966700,2025-09-05,67.0,0.0,67.0,1.0,0,1,registrado,registrada,0
5576,P000052,Cliente 357,966800,2025-09-05,1256.0,0.0,1256.0,1.0,0,1,registrado,registrada,0
5577,P000052,Cliente 357,990400,2025-09-05,1.0,0.0,1.0,1.0,0,1,registrado,registrada,0
5578,P000052,Cliente 357,990500,2025-09-05,3.0,0.0,3.0,1.0,0,1,registrado,registrada,0
5579,P000052,Cliente 357,970000,2025-09-05,1.0,0.0,1.0,1.0,0,1,registrado,registrada,0
5580,P000052,Cliente 357,970100,2025-09-05,5.0,0.0,5.0,1.0,0,1,registrado,registrada,0
5581,P000052,Cliente 357,970500,2025-09-05,1.0,0.0,1.0,1.0,0,1,registrado,registrada,0
5582,P000052,Cliente 357,970200,2025-09-05,10.0,0.0,10.0,1.0,0,1,registrado,registrada,0
5583,P000052,Cliente 357,967700,2025-09-05,1.0,0.0,1.0,1.0,0,1,registrado,registrada,0
5584,P000052,Cliente 357,967800,2025-09-05,1.0,0.0,1.0,1.0,0,1,registrado,registrada,0
5585,P001505,Cliente 109,950100,2025-09-06,50.0,0.0,50.0,1.0,0,1,registrado,registrada,0
5586,P001505,Cliente 109,953800,2025-09-06,100.0,0.0,100.0,1.0,0,1,registrado,registrada,0
5587,P001505,Cliente 109,954900,2025-09-06,100.0,0.0,100.0,1.0,0,1,registrado,registrada,0
5588,P001505,Cliente 109,957000,2025-09-06,100.0,0.0,100.0,1.0,0,1,registrado,registrada,0
5589,P001505,Cliente 109,958000,2025-09-06,100.0,0.0,100.0,1.0,0,1,registrado,registrada,0
5590,P001505,Cliente 109,981900,2025-09-06,50.0,0.0,50.0,1.0,0,1,registrado,registrada,0
5591,P001548,Cliente 262,900100,2025-09-06,180.0,0.0,180.0,1.0,0,1,registrado,registrada,0
5592,P001647,Cliente 335,900100,2025-09-06,80.0,0.0,80.0,1.0,0,1,registrado,registrada,0
5593,P001647,Cliente 335,948700,2025-09-06,125.0,0.0,125.0,1.0,0,1,registrado,registrada,0
5594,P001647,Cliente 335,950400,2025-09-06,520.0,0.0,520.0,1.0,0,1,registrado,registrada,0
5595,P001639,Cliente 128,949100,2025-09-08,18.0,0.0,18.0,1.0,0,1,registrado,registrada,0
5596,P001552,Cliente 017,900300,2025-09-08,20.0,0.0,20.0,1.0,0,1,estimado_nao_verificado,registrada,0
5597,P001649,Cliente 232,949300,2025-09-08,6.0,0.0,6.0,1.0,0,1,registrado,registrada,0
5598,P001649,Cliente 232,950400,2025-09-08,35.0,0.0,35.0,1.0,0,1,registrado,registrada,0
5599,P001649,Cliente 232,961800,2025-09-08,9.0,0.0,9.0,1.0,0,1,registrado,registrada,0
5600,P001594,Cliente 073,902300,2025-09-08,20.0,0.0,20.0,1.0,0,1,registrado,registrada,0
5601,P001594,Cliente 073,948700,2025-09-08,20.0,0.0,20.0,1.0,0,1,registrado,registrada,0
5602,P001594,Cliente 073,953800,2025-09-08,12.0,0.0,12.0,1.0,0,1,registrado,registrada,0
5603,P001594,Cliente 073,954900,2025-09-08,12.0,0.0,12.0,1.0,0,1,registrado,registrada,0
5604,P001594,Cliente 073,958000,2025-09-08,12.0,0.0,12.0,1.0,0,1,registrado,registrada,0
5605,P001594,Cliente 073,959000,2025-09-08,12.0,0.0,12.0,1.0,0,1,registrado,registrada,0
5606,P001651,Cliente 167,902300,2025-09-08,101.0,0.0,101.0,1.0,0,1,registrado,registrada,0
5607,P001651,Cliente 167,951400,2025-09-08,8.0,0.0,8.0,1.0,0,1,registrado,registrada,0
5608,P001651,Cliente 167,952500,2025-09-08,3.0,0.0,3.0,1.0,0,1,registrado,registrada,0
5609,P001651,Cliente 167,953800,2025-09-08,1.0,0.0,1.0,1.0,0,1,registrado,registrada,0
5610,P001651,Cliente 167,956000,2025-09-08,4.0,0.0,4.0,1.0,0,1,registrado,registrada,0
5611,P001651,Cliente 167,958000,2025-09-08,4.0,0.0,4.0,1.0,0,1,registrado,registrada,0
5612,P001651,Cliente 167,959000,2025-09-08,2.0,0.0,2.0,1.0,0,1,registrado,registrada,0
5613,P001651,Cliente 167,965300,2025-09-08,2.0,0.0,2.0,1.0,0,1,registrado,registrada,0
5614,P001651,Cliente 167,981700,2025-09-08,3.0,0.0,3.0,1.0,0,1,registrado,registrada,0
5615,P001655,Cliente 242,950000,2025-09-08,8.0,0.0,8.0,1.0,0,1,registrado,registrada,0
5616,P001655,Cliente 242,951300,2025-09-08,4.0,0.0,4.0,1.0,0,1,registrado,registrada,0
5617,P001655,Cliente 242,954900,2025-09-08,2.0,0.0,2.0,1.0,0,1,registrado,registrada,0
5618,P001655,Cliente 242,958000,2025-09-08,4.0,0.0,4.0,1.0,0,1,registrado,registrada,0
5619,P001655,Cliente 242,961600,2025-09-08,2.0,0.0,2.0,1.0,0,1,registrado,registrada,0
5620,P001655,Cliente 242,981500,2025-09-08,1.0,0.0,1.0,1.0,0,1,registrado,registrada,0
5621,P001646,Cliente 345,966700,2025-09-08,50.0,0.0,50.0,1.0,0,1,registrado,registrada,0
5622,P001672,Cliente 079,961600,2025-09-08,10.0,0.0,10.0,1.0,0,1,registrado,registrada,0
5623,P001671,Cliente 079,966800,2025-09-08,20.0,0.0,20.0,1.0,0,1,registrado,registrada,0
5624,P001618,Cliente 269,961600,2025-09-08,10.0,0.0,10.0,1.0,0,1,registrado,registrada,0
5625,P001618,Cliente 269,964000,2025-09-08,10.0,0.0,10.0,1.0,0,1,registrado,registrada,0
5626,P001666,Cliente 150,949900,2025-09-08,1.0,0.0,1.0,1.0,0,1,registrado,registrada,0
5627,P001666,Cliente 150,961500,2025-09-08,1.0,0.0,1.0,1.0,0,1,registrado,registrada,0
5628,P001666,Cliente 150,961600,2025-09-08,8.0,0.0,8.0,1.0,0,1,registrado,registrada,0
5629,P001666,Cliente 150,963900,2025-09-08,1.0,0.0,1.0,1.0,0,1,registrado,registrada,0
5630,P001666,Cliente 150,964000,2025-09-08,7.0,0.0,7.0,1.0,0,1,registrado,registrada,0
5631,P001593,Cliente 127,950000,2025-09-08,15.0,0.0,15.0,1.0,0,1,registrado,registrada,0
5632,P001593,Cliente 127,961600,2025-09-08,25.0,0.0,25.0,1.0,0,1,registrado,registrada,0
5633,P001593,Cliente 127,964000,2025-09-08,25.0,0.0,25.0,1.0,0,1,registrado,registrada,0
5634,P001675,Cliente 336,949300,2025-09-08,10.0,0.0,10.0,1.0,0,1,registrado,registrada,0
5635,P001675,Cliente 336,951400,2025-09-08,5.0,0.0,5.0,1.0,0,1,registrado,registrada,0
5636,P001675,Cliente 336,953200,2025-09-08,40.0,0.0,40.0,1.0,0,1,estimado_nao_verificado,registrada,0
5637,P001675,Cliente 336,953800,2025-09-08,1.0,0.0,1.0,1.0,0,1,registrado,registrada,0
5638,P001675,Cliente 336,954300,2025-09-08,1.0,0.0,1.0,1.0,0,1,registrado,registrada,0
5639,P001675,Cliente 336,954900,2025-09-08,1.0,0.0,1.0,1.0,0,1,registrado,registrada,0
5640,P001675,Cliente 336,955400,2025-09-08,1.0,0.0,1.0,1.0,0,1,registrado,registrada,0
5641,P001675,Cliente 336,956000,2025-09-08,1.0,0.0,1.0,1.0,0,1,registrado,registrada,0
5642,P001675,Cliente 336,956500,2025-09-08,1.0,1.0,2.0,0.5,1,1,ausente,registrada,0
5643,P001675,Cliente 336,957000,2025-09-08,1.0,0.0,1.0,1.0,0,1,registrado,registrada,0
5644,P001675,Cliente 336,957500,2025-09-08,1.0,1.0,2.0,0.5,1,1,ausente,registrada,0
5645,P001675,Cliente 336,958000,2025-09-08,1.0,0.0,1.0,1.0,0,1,registrado,registrada,0
5646,P001675,Cliente 336,958500,2025-09-08,1.0,0.0,1.0,1.0,0,1,registrado,registrada,0
5647,P001675,Cliente 336,959000,2025-09-08,1.0,0.0,1.0,1.0,0,1,registrado,registrada,0
5648,P001675,Cliente 336,959500,2025-09-08,1.0,1.0,2.0,0.5,1,1,ausente,registrada,0
5649,P001675,Cliente 336,960900,2025-09-08,1.0,0.0,1.0,1.0,0,1,registrado,registrada,0
5650,P001675,Cliente 336,961800,2025-09-08,5.0,0.0,5.0,1.0,0,1,registrado,registrada,0
5651,P001675,Cliente 336,964400,2025-09-08,2.0,0.0,2.0,1.0,0,1,estimado_nao_verificado,registrada,0
5652,P001675,Cliente 336,965000,2025-09-08,1.0,0.0,1.0,1.0,0,1,registrado,registrada,0
5653,P001675,Cliente 336,965300,2025-09-08,1.0,0.0,1.0,1.0,0,1,registrado,registrada,0
5654,P001675,Cliente 336,981700,2025-09-08,2.0,0.0,2.0,1.0,0,1,registrado,registrada,0
5655,P001645,Cliente 110,950400,2025-09-08,160.0,0.0,160.0,1.0,0,1,registrado,registrada,0
5656,P001674,Cliente 072,902300,2025-09-08,16.0,0.0,16.0,1.0,0,1,registrado,registrada,0
5657,P001674,Cliente 072,956000,2025-09-08,25.0,0.0,25.0,1.0,0,1,registrado,registrada,0
5658,P001674,Cliente 072,958000,2025-09-08,25.0,0.0,25.0,1.0,0,1,registrado,registrada,0
5659,P001674,Cliente 072,959000,2025-09-08,25.0,0.0,25.0,1.0,0,1,registrado,registrada,0
5660,P001673,Cliente 100,948700,2025-09-08,2.0,0.0,2.0,1.0,0,1,registrado,registrada,0
5661,P001673,Cliente 100,949300,2025-09-08,18.0,0.0,18.0,1.0,0,1,registrado,registrada,0
5662,P001673,Cliente 100,954900,2025-09-08,2.0,0.0,2.0,1.0,0,1,registrado,registrada,0
5663,P001673,Cliente 100,957000,2025-09-08,2.0,0.0,2.0,1.0,0,1,registrado,registrada,0
5664,P001673,Cliente 100,958000,2025-09-08,2.0,0.0,2.0,1.0,0,1,registrado,registrada,0
5665,P001673,Cliente 100,959000,2025-09-08,2.0,0.0,2.0,1.0,0,1,registrado,registrada,0
5666,P001697,Cliente 222,902100,2025-09-08,1.0,0.0,1.0,1.0,0,1,registrado,registrada,0
5667,P001697,Cliente 222,950000,2025-09-08,1.0,0.0,1.0,1.0,0,1,registrado,registrada,0
5668,P001697,Cliente 222,951300,2025-09-08,1.0,0.0,1.0,1.0,0,1,registrado,registrada,0
5669,P001697,Cliente 222,961000,2025-09-08,2.0,0.0,2.0,1.0,0,1,registrado,registrada,0
5670,P001697,Cliente 222,964800,2025-09-08,1.0,0.0,1.0,1.0,0,1,registrado,registrada,0
5671,P001698,Cliente 222,966800,2025-09-08,40.0,0.0,40.0,1.0,0,1,registrado,registrada,0
5672,P001698,Cliente 222,971900,2025-09-08,1.0,0.0,1.0,1.0,0,1,registrado,registrada,0
5673,P001100,Cliente 169,949300,2025-09-09,400.0,0.0,400.0,1.0,0,1,registrado,registrada,0
5674,P001100,Cliente 169,961800,2025-09-09,4.0,0.0,4.0,1.0,0,1,registrado,registrada,0
5675,P001101,Cliente 169,949300,2025-09-09,400.0,0.0,400.0,1.0,0,1,registrado,registrada,0
5676,P001101,Cliente 169,961800,2025-09-09,4.0,0.0,4.0,1.0,0,1,registrado,registrada,0
5677,P001650,Cliente 246,949200,2025-09-09,400.0,0.0,400.0,1.0,0,1,registrado,registrada,0
5678,P001650,Cliente 246,951600,2025-09-09,400.0,0.0,400.0,1.0,0,1,registrado,registrada,0
5679,P001635,Cliente 088,992400,2025-09-09,400.0,0.0,400.0,1.0,0,1,registrado,registrada,0
5680,P001635,Cliente 088,992500,2025-09-09,400.0,0.0,400.0,1.0,0,1,registrado,registrada,0
5681,P001635,Cliente 088,992700,2025-09-09,300.0,0.0,300.0,1.0,0,1,registrado,registrada,0
5682,P001023,Cliente 185,902300,2025-09-09,80.0,0.0,80.0,1.0,0,1,registrado,registrada,0
5683,P001023,Cliente 185,908400,2025-09-09,20.0,0.0,20.0,1.0,0,1,registrado,registrada,0
5684,P001023,Cliente 185,942100,2025-09-09,400.0,0.0,400.0,1.0,0,1,registrado,registrada,0
5685,P001023,Cliente 185,948700,2025-09-09,160.0,0.0,160.0,1.0,0,1,registrado,registrada,0
5686,P001023,Cliente 185,949300,2025-09-09,40.0,0.0,40.0,1.0,0,1,registrado,registrada,0
5687,P001023,Cliente 185,981700,2025-09-09,40.0,0.0,40.0,1.0,0,1,registrado,registrada,0
5688,P001023,Cliente 185,991400,2025-09-09,50.0,0.0,50.0,1.0,0,1,registrado,registrada,0
5689,P001661,Cliente 185,961800,2025-09-09,20.0,0.0,20.0,1.0,0,1,registrado,registrada,0
5690,P001657,Cliente 185,948700,2025-09-09,120.0,0.0,120.0,1.0,0,1,registrado,registrada,0
5691,P001657,Cliente 185,949300,2025-09-09,80.0,0.0,80.0,1.0,0,1,registrado,registrada,0
5692,P001657,Cliente 185,961800,2025-09-09,20.0,0.0,20.0,1.0,0,1,registrado,registrada,0
5693,P001657,Cliente 185,981700,2025-09-09,80.0,0.0,80.0,1.0,0,1,registrado,registrada,0
5694,P001658,Cliente 185,966800,2025-09-09,200.0,0.0,200.0,1.0,0,1,registrado,registrada,0
5695,P001660,Cliente 103,948700,2025-09-09,4.0,0.0,4.0,1.0,0,1,registrado,registrada,0
5696,P001660,Cliente 103,949300,2025-09-09,40.0,0.0,40.0,1.0,0,1,registrado,registrada,0
5697,P001660,Cliente 103,950400,2025-09-09,40.0,0.0,40.0,1.0,0,1,registrado,registrada,0
5698,P001553,Cliente 017,900300,2025-09-09,20.0,0.0,20.0,1.0,0,1,estimado_nao_verificado,registrada,0
5699,P001670,Cliente 262,900100,2025-09-10,1200.0,0.0,1200.0,1.0,0,1,registrado,registrada,0
5700,P001705,Cliente 117,961500,2025-09-10,80.0,0.0,80.0,1.0,0,1,registrado,registrada,0
5701,P001705,Cliente 117,961600,2025-09-10,350.0,0.0,350.0,1.0,0,1,registrado,registrada,0
5702,P001705,Cliente 117,963900,2025-09-10,80.0,0.0,80.0,1.0,0,1,registrado,registrada,0
5703,P001705,Cliente 117,964000,2025-09-10,350.0,0.0,350.0,1.0,0,1,registrado,registrada,0
5704,P001704,Cliente 117,950000,2025-09-10,30.0,0.0,30.0,1.0,0,1,registrado,registrada,0
5705,P001704,Cliente 117,961500,2025-09-10,20.0,0.0,20.0,1.0,0,1,registrado,registrada,0
5706,P001704,Cliente 117,961600,2025-09-10,300.0,0.0,300.0,1.0,0,1,registrado,registrada,0
5707,P001704,Cliente 117,963900,2025-09-10,30.0,0.0,30.0,1.0,0,1,registrado,registrada,0
5708,P001704,Cliente 117,964000,2025-09-10,300.0,0.0,300.0,1.0,0,1,registrado,registrada,0
5709,P001644,Cliente 329,900300,2025-09-10,20.0,0.0,20.0,1.0,0,1,estimado_nao_verificado,registrada,0
5710,P001554,Cliente 017,900300,2025-09-10,20.0,0.0,20.0,1.0,0,1,estimado_nao_verificado,registrada,0
5711,P001716,Cliente 090,981600,2025-09-10,3.0,0.0,3.0,1.0,0,1,registrado,registrada,0
5712,P001688,Cliente 045,966800,2025-09-11,1920.0,0.0,1920.0,1.0,0,1,registrado,registrada,0
5713,P001637,Cliente 041,993600,2025-09-11,202.0,0.0,202.0,1.0,0,1,registrado,registrada,0
5714,P001637,Cliente 041,993700,2025-09-11,187.0,0.0,187.0,1.0,0,1,registrado,registrada,0
5715,P001691,Cliente 034,902300,2025-09-11,400.0,0.0,400.0,1.0,0,1,registrado,registrada,0
5716,P001691,Cliente 034,949300,2025-09-11,200.0,0.0,200.0,1.0,0,1,registrado,registrada,0
5717,P000051,Cliente 365,961600,2025-09-12,1.0,0.0,1.0,1.0,0,1,registrado,registrada,0
5718,P000051,Cliente 365,964800,2025-09-12,1.0,0.0,1.0,1.0,0,1,registrado,registrada,0
5719,P000051,Cliente 365,958400,2025-09-12,1.0,0.0,1.0,1.0,0,1,registrado,registrada,0
5720,P000051,Cliente 365,950000,2025-09-12,1.0,0.0,1.0,1.0,0,1,registrado,registrada,0
5721,P000051,Cliente 365,964000,2025-09-12,1.0,0.0,1.0,1.0,0,1,registrado,registrada,0
5722,P000051,Cliente 365,969600,2025-09-12,71.0,0.0,71.0,1.0,0,1,registrado,registrada,0
5723,P000051,Cliente 365,969400,2025-09-12,15.0,0.0,15.0,1.0,0,1,estimado_nao_verificado,registrada,0
5724,P000051,Cliente 365,968900,2025-09-12,10.0,0.0,10.0,1.0,0,1,estimado_nao_verificado,registrada,0
5725,P000051,Cliente 365,966600,2025-09-12,30.0,0.0,30.0,1.0,0,1,estimado_nao_verificado,registrada,0
5726,P000051,Cliente 365,966700,2025-09-12,365.0,0.0,365.0,1.0,0,1,estimado_nao_verificado,registrada,0
5727,P000051,Cliente 365,966800,2025-09-12,5000.0,0.0,5000.0,1.0,0,1,estimado_nao_verificado,registrada,0
5728,P000051,Cliente 365,990500,2025-09-12,42.0,0.0,42.0,1.0,0,1,registrado,registrada,0
5729,P000051,Cliente 365,970100,2025-09-12,13.0,0.0,13.0,1.0,0,1,estimado_nao_verificado,registrada,0
5730,P000051,Cliente 365,970500,2025-09-12,5.0,0.0,5.0,1.0,0,1,estimado_nao_verificado,registrada,0
5731,P000051,Cliente 365,975800,2025-09-12,180.0,0.0,180.0,1.0,0,1,estimado_nao_verificado,registrada,0
5732,P000051,Cliente 365,967100,2025-09-12,30.0,0.0,30.0,1.0,0,1,estimado_nao_verificado,registrada,0
5733,P000051,Cliente 365,967800,2025-09-12,30.0,0.0,30.0,1.0,0,1,estimado_nao_verificado,registrada,0
5734,P000051,Cliente 365,967900,2025-09-12,37.0,0.0,37.0,1.0,0,1,estimado_nao_verificado,registrada,0
5735,P001662,Cliente 107,958200,2025-09-12,1.0,0.0,1.0,1.0,0,1,registrado,registrada,0
5736,P001662,Cliente 107,957200,2025-09-12,1.0,0.0,1.0,1.0,0,1,registrado,registrada,0
5737,P001662,Cliente 107,955100,2025-09-12,1.0,0.0,1.0,1.0,0,1,registrado,registrada,0
5738,P001662,Cliente 107,954000,2025-09-12,1.0,0.0,1.0,1.0,0,1,registrado,registrada,0
5739,P001720,Cliente 107,949300,2025-09-12,2.0,0.0,2.0,1.0,0,1,registrado,registrada,0
5740,P001663,Cliente 107,966600,2025-09-12,3.0,0.0,3.0,1.0,0,1,registrado,registrada,0
5741,P001665,Cliente 131,961000,2025-09-12,200.0,0.0,200.0,1.0,0,1,registrado,registrada,0
5742,P001687,Cliente 046,953300,2025-09-12,40.0,0.0,40.0,1.0,0,1,registrado,registrada,0
5743,P001576,Cliente 067,953000,2025-09-12,1.0,1.0,2.0,0.5,1,1,ausente,registrada,0
5744,P001576,Cliente 067,961000,2025-09-12,5.0,0.0,5.0,1.0,0,1,registrado,registrada,0
5745,P001576,Cliente 067,966200,2025-09-12,2.0,0.0,2.0,1.0,0,1,estimado_nao_verificado,registrada,0
5746,P001576,Cliente 067,966400,2025-09-12,2.0,0.0,2.0,1.0,0,1,estimado_nao_verificado,registrada,0
5747,P001576,Cliente 067,966500,2025-09-12,15.0,0.0,15.0,1.0,0,1,estimado_nao_verificado,registrada,0
5748,P001576,Cliente 067,966600,2025-09-12,20.0,0.0,20.0,1.0,0,1,estimado_nao_verificado,registrada,0
5749,P001576,Cliente 067,966700,2025-09-12,20.0,0.0,20.0,1.0,0,1,estimado_nao_verificado,registrada,0
5750,P001576,Cliente 067,967700,2025-09-12,2.0,0.0,2.0,1.0,0,1,estimado_nao_verificado,registrada,0
5751,P001576,Cliente 067,978000,2025-09-12,20.0,0.0,20.0,1.0,0,1,estimado_nao_verificado,registrada,0
5752,P001576,Cliente 067,968800,2025-09-12,5.0,0.0,5.0,1.0,0,1,estimado_nao_verificado,registrada,0
5753,P001576,Cliente 067,970100,2025-09-12,10.0,0.0,10.0,1.0,0,1,estimado_nao_verificado,registrada,0
5754,P001576,Cliente 067,970900,2025-09-12,3.0,0.0,3.0,1.0,0,1,estimado_nao_verificado,registrada,0
5755,P001576,Cliente 067,972200,2025-09-12,15.0,0.0,15.0,1.0,0,1,estimado_nao_verificado,registrada,0
5756,P001576,Cliente 067,990500,2025-09-12,10.0,0.0,10.0,1.0,0,1,estimado_nao_verificado,registrada,0
5757,P001575,Cliente 067,966800,2025-09-12,1000.0,0.0,1000.0,1.0,0,1,estimado_nao_verificado,registrada,0
5758,P001574,Cliente 067,961500,2025-09-12,3.0,0.0,3.0,1.0,0,1,registrado,registrada,0
5759,P001574,Cliente 067,961600,2025-09-12,10.0,0.0,10.0,1.0,0,1,registrado,registrada,0
5760,P001574,Cliente 067,963900,2025-09-12,3.0,0.0,3.0,1.0,0,1,registrado,registrada,0
5761,P001574,Cliente 067,964000,2025-09-12,1.0,0.0,1.0,1.0,0,1,registrado,registrada,0
5762,P001574,Cliente 067,981300,2025-09-12,2.0,2.0,4.0,0.5,1,1,estimado_nao_verificado,registrada,0
5763,P001574,Cliente 067,981500,2025-09-12,2.0,0.0,2.0,1.0,0,1,registrado,registrada,0
5764,P001656,Cliente 085,961000,2025-09-12,24.0,0.0,24.0,1.0,0,1,registrado,registrada,0
5765,P001656,Cliente 085,966200,2025-09-12,64.0,0.0,64.0,1.0,0,1,estimado_nao_verificado,registrada,0
5766,P001656,Cliente 085,966300,2025-09-12,54.0,0.0,54.0,1.0,0,1,estimado_nao_verificado,registrada,0
5767,P001656,Cliente 085,966400,2025-09-12,46.0,0.0,46.0,1.0,0,1,estimado_nao_verificado,registrada,0
5768,P001656,Cliente 085,966500,2025-09-12,48.0,0.0,48.0,1.0,0,1,estimado_nao_verificado,registrada,0
5769,P001656,Cliente 085,966600,2025-09-12,43.0,0.0,43.0,1.0,0,1,estimado_nao_verificado,registrada,0
5770,P001656,Cliente 085,966700,2025-09-12,23.0,0.0,23.0,1.0,0,1,estimado_nao_verificado,registrada,0
5771,P001656,Cliente 085,966800,2025-09-12,290.0,0.0,290.0,1.0,0,1,estimado_nao_verificado,registrada,0
5772,P001656,Cliente 085,972200,2025-09-12,42.0,0.0,42.0,1.0,0,1,estimado_nao_verificado,registrada,0
5773,P001689,Cliente 331,948700,2025-09-12,96.0,0.0,96.0,1.0,0,1,registrado,registrada,0
5774,P001689,Cliente 331,961800,2025-09-12,12.0,0.0,12.0,1.0,0,1,registrado,registrada,0
5775,P001689,Cliente 331,981700,2025-09-12,12.0,0.0,12.0,1.0,0,1,registrado,registrada,0
5776,P001715,Cliente 351,948700,2025-09-12,40.0,0.0,40.0,1.0,0,1,registrado,registrada,0
5777,P001709,Cliente 151,982700,2025-09-12,200.0,0.0,200.0,1.0,0,1,registrado,registrada,0
5778,P001718,Cliente 024,953800,2025-09-13,250.0,0.0,250.0,1.0,0,1,registrado,registrada,0
5779,P001718,Cliente 024,954900,2025-09-13,200.0,0.0,200.0,1.0,0,1,registrado,registrada,0
5780,P001718,Cliente 024,958000,2025-09-13,250.0,0.0,250.0,1.0,0,1,registrado,registrada,0
5781,P001718,Cliente 024,962100,2025-09-13,50.0,0.0,50.0,1.0,0,1,registrado,registrada,0
5782,P001718,Cliente 024,965300,2025-09-13,180.0,0.0,180.0,1.0,0,1,registrado,registrada,0
5783,P001620,Cliente 024,146501,2025-09-13,150.0,0.0,150.0,1.0,0,1,registrado,registrada,0
5784,P001621,Cliente 024,146401,2025-09-13,80.0,0.0,80.0,1.0,0,1,registrado,registrada,0
5785,P001622,Cliente 024,146701,2025-09-13,45.0,0.0,45.0,1.0,0,1,registrado,registrada,0
5786,P001623,Cliente 024,987350,2025-09-13,70.0,0.0,70.0,1.0,0,1,registrado,registrada,0
5787,P001624,Cliente 024,987380,2025-09-13,150.0,0.0,150.0,1.0,0,1,registrado,registrada,0
5788,P001625,Cliente 024,146910,2025-09-13,36.0,0.0,36.0,1.0,0,1,registrado,registrada,0
5789,P001652,Cliente 061,950400,2025-09-13,400.0,0.0,400.0,1.0,0,1,registrado,registrada,0
5790,P001714,Cliente 060,966600,2025-09-13,400.0,0.0,400.0,1.0,0,1,registrado,registrada,0
5791,P001714,Cliente 060,966700,2025-09-13,600.0,0.0,600.0,1.0,0,1,registrado,registrada,0
5792,P001714,Cliente 060,990500,2025-09-13,100.0,0.0,100.0,1.0,0,1,registrado,registrada,0
5793,P001669,Cliente 026,950100,2025-09-15,760.0,0.0,760.0,1.0,0,1,registrado,registrada,0
5794,P001669,Cliente 026,962000,2025-09-15,40.0,0.0,40.0,1.0,0,1,registrado,registrada,0
5795,P001667,Cliente 301,950100,2025-09-15,100.0,0.0,100.0,1.0,0,1,registrado,registrada,0
5796,P001667,Cliente 301,962000,2025-09-15,100.0,0.0,100.0,1.0,0,1,registrado,registrada,0
5797,P001668,Cliente 302,950100,2025-09-15,250.0,0.0,250.0,1.0,0,1,registrado,registrada,0
5798,P001668,Cliente 302,962000,2025-09-15,250.0,0.0,250.0,1.0,0,1,registrado,registrada,0
5799,P001582,Cliente 095,974600,2025-09-15,624.0,0.0,624.0,1.0,0,1,registrado,registrada,0
5800,P001582,Cliente 095,974700,2025-09-15,1248.0,0.0,1248.0,1.0,0,1,registrado,registrada,0
5801,P001582,Cliente 095,975000,2025-09-15,416.0,0.0,416.0,1.0,0,1,registrado,registrada,0
5802,P000054,Cliente 357,961500,2025-09-15,3.0,0.0,3.0,1.0,0,1,estimado_nao_verificado,registrada,0
5803,P000054,Cliente 357,961600,2025-09-15,59.0,0.0,59.0,1.0,0,1,estimado_nao_verificado,registrada,0
5804,P000054,Cliente 357,963900,2025-09-15,3.0,0.0,3.0,1.0,0,1,estimado_nao_verificado,registrada,0
5805,P000054,Cliente 357,964000,2025-09-15,32.0,0.0,32.0,1.0,0,1,ausente,registrada,0
5806,P000054,Cliente 357,961000,2025-09-15,49.0,0.0,49.0,1.0,0,1,estimado_nao_verificado,registrada,0
5807,P000054,Cliente 357,968800,2025-09-15,2.0,0.0,2.0,1.0,0,1,estimado_nao_verificado,registrada,0
5808,P000054,Cliente 357,968900,2025-09-15,32.0,0.0,32.0,1.0,0,1,estimado_nao_verificado,registrada,0
5809,P000054,Cliente 357,972200,2025-09-15,160.0,0.0,160.0,1.0,0,1,estimado_nao_verificado,registrada,0
5810,P000054,Cliente 357,966200,2025-09-15,146.0,0.0,146.0,1.0,0,1,estimado_nao_verificado,registrada,0
5811,P000054,Cliente 357,966300,2025-09-15,169.0,0.0,169.0,1.0,0,1,estimado_nao_verificado,registrada,0
5812,P000054,Cliente 357,966400,2025-09-15,209.0,0.0,209.0,1.0,0,1,estimado_nao_verificado,registrada,0
5813,P000054,Cliente 357,966500,2025-09-15,23.0,0.0,23.0,1.0,0,1,estimado_nao_verificado,registrada,0
5814,P000054,Cliente 357,966600,2025-09-15,236.0,0.0,236.0,1.0,0,1,estimado_nao_verificado,registrada,0
5815,P000054,Cliente 357,966700,2025-09-15,66.0,0.0,66.0,1.0,0,1,estimado_nao_verificado,registrada,0
5816,P000054,Cliente 357,966800,2025-09-15,1687.0,0.0,1687.0,1.0,0,1,estimado_nao_verificado,registrada,0
5817,P000054,Cliente 357,990400,2025-09-15,1.0,0.0,1.0,1.0,0,1,estimado_nao_verificado,registrada,0
5818,P000054,Cliente 357,990500,2025-09-15,25.0,0.0,25.0,1.0,0,1,estimado_nao_verificado,registrada,0
5819,P000054,Cliente 357,970100,2025-09-15,30.0,0.0,30.0,1.0,0,1,estimado_nao_verificado,registrada,0
5820,P000054,Cliente 357,970000,2025-09-15,3.0,0.0,3.0,1.0,0,1,estimado_nao_verificado,registrada,0
5821,P000054,Cliente 357,966900,2025-09-15,2.0,0.0,2.0,1.0,0,1,estimado_nao_verificado,registrada,0
5822,P000054,Cliente 357,967700,2025-09-15,2.0,0.0,2.0,1.0,0,1,estimado_nao_verificado,registrada,0
5823,P000054,Cliente 357,967800,2025-09-15,25.0,0.0,25.0,1.0,0,1,estimado_nao_verificado,registrada,0
5824,P001731,Cliente 254,950000,2025-09-16,1.0,0.0,1.0,1.0,0,1,registrado,registrada,0
5825,P001731,Cliente 254,961600,2025-09-16,45.0,0.0,45.0,1.0,0,1,registrado,registrada,0
5826,P001731,Cliente 254,964000,2025-09-16,44.0,0.0,44.0,1.0,0,1,registrado,registrada,0
5827,P001732,Cliente 254,966800,2025-09-16,25.0,0.0,25.0,1.0,0,1,registrado,registrada,0
5828,P001727,Cliente 248,902100,2025-09-16,3.0,0.0,3.0,1.0,0,1,registrado,registrada,0
5829,P001727,Cliente 248,950000,2025-09-16,40.0,0.0,40.0,1.0,0,1,registrado,registrada,0
5830,P001727,Cliente 248,951300,2025-09-16,31.0,0.0,31.0,1.0,0,1,registrado,registrada,0
5831,P001727,Cliente 248,961600,2025-09-16,85.0,0.0,85.0,1.0,0,1,registrado,registrada,0
5832,P001727,Cliente 248,964000,2025-09-16,25.0,0.0,25.0,1.0,0,1,registrado,registrada,0
5833,P001727,Cliente 248,965000,2025-09-16,4.0,0.0,4.0,1.0,0,1,registrado,registrada,0
5834,P001727,Cliente 248,981500,2025-09-16,7.0,0.0,7.0,1.0,0,1,registrado,registrada,0
5835,P001713,Cliente 040,964400,2025-09-16,100.0,0.0,100.0,1.0,0,1,estimado_nao_verificado,registrada,0
5836,P001721,Cliente 210,950000,2025-09-16,20.0,0.0,20.0,1.0,0,1,registrado,registrada,0
5837,P001721,Cliente 210,961600,2025-09-16,10.0,0.0,10.0,1.0,0,1,registrado,registrada,0
5838,P001721,Cliente 210,964000,2025-09-16,25.0,0.0,25.0,1.0,0,1,registrado,registrada,0
5839,P001729,Cliente 287,902300,2025-09-16,12.0,0.0,12.0,1.0,0,1,registrado,registrada,0
5840,P001710,Cliente 274,950400,2025-09-16,50.0,0.0,50.0,1.0,0,1,registrado,registrada,0
5841,P001708,Cliente 108,949800,2025-09-16,100.0,0.0,100.0,1.0,0,1,registrado,registrada,0
5842,P001726,Cliente 037,902300,2025-09-16,175.0,0.0,175.0,1.0,0,1,registrado,registrada,0
5843,P001726,Cliente 037,949300,2025-09-16,25.0,0.0,25.0,1.0,0,1,registrado,registrada,0
5844,P001696,Cliente 225,961600,2025-09-16,100.0,0.0,100.0,1.0,0,1,registrado,registrada,0
5845,P001696,Cliente 225,964000,2025-09-16,100.0,0.0,100.0,1.0,0,1,registrado,registrada,0
5846,P001700,Cliente 294,961600,2025-09-16,100.0,0.0,100.0,1.0,0,1,registrado,registrada,0
5847,P001700,Cliente 294,964000,2025-09-16,100.0,0.0,100.0,1.0,0,1,registrado,registrada,0
5848,P001699,Cliente 225,967800,2025-09-16,20.0,0.0,20.0,1.0,0,1,registrado,registrada,0
5849,P001701,Cliente 211,967100,2025-09-16,100.0,0.0,100.0,1.0,0,1,registrado,registrada,0
5850,P001701,Cliente 211,967800,2025-09-16,20.0,0.0,20.0,1.0,0,1,registrado,registrada,0
5851,P001723,Cliente 275,961600,2025-09-16,20.0,0.0,20.0,1.0,0,1,registrado,registrada,0
5852,P001723,Cliente 275,964000,2025-09-16,30.0,0.0,30.0,1.0,0,1,registrado,registrada,0
5853,P001724,Cliente 288,950000,2025-09-16,3.0,0.0,3.0,1.0,0,1,registrado,registrada,0
5854,P001724,Cliente 288,951300,2025-09-16,3.0,0.0,3.0,1.0,0,1,registrado,registrada,0
5855,P001724,Cliente 288,964000,2025-09-16,24.0,0.0,24.0,1.0,0,1,registrado,registrada,0
5861,P001694,Cliente 207,966900,2025-09-16,6.0,0.0,6.0,1.0,0,1,registrado,registrada,0
5862,P001722,Cliente 318,950000,2025-09-16,20.0,0.0,20.0,1.0,0,1,registrado,registrada,0
5863,P001722,Cliente 318,961600,2025-09-16,20.0,0.0,20.0,1.0,0,1,registrado,registrada,0
5864,P001722,Cliente 318,964000,2025-09-16,20.0,0.0,20.0,1.0,0,1,registrado,registrada,0
5865,P001725,Cliente 277,961600,2025-09-16,150.0,0.0,150.0,1.0,0,1,registrado,registrada,0
5866,P001414,Cliente 277,961600,2025-09-16,1.0,0.0,1.0,1.0,0,1,registrado,registrada,0
5867,P001719,Cliente 103,948700,2025-09-16,4.0,0.0,4.0,1.0,0,1,registrado,registrada,0
5868,P001719,Cliente 103,949300,2025-09-16,40.0,0.0,40.0,1.0,0,1,registrado,registrada,0
5869,P001719,Cliente 103,950400,2025-09-16,40.0,0.0,40.0,1.0,0,1,registrado,registrada,0
5870,P001690,Cliente 279,949300,2025-09-17,120.0,0.0,120.0,1.0,0,1,registrado,registrada,0
5871,P001690,Cliente 279,966800,2025-09-17,1000.0,0.0,1000.0,1.0,0,1,registrado,registrada,0
5872,P001717,Cliente 185,942100,2025-09-17,500.0,0.0,500.0,1.0,0,1,registrado,registrada,0
5873,P001706,Cliente 076,975600,2025-09-17,200.0,0.0,200.0,1.0,0,1,registrado,registrada,0
5874,P001706,Cliente 076,975700,2025-09-17,400.0,0.0,400.0,1.0,0,1,registrado,registrada,0
5875,P001702,Cliente 045,966800,2025-09-17,1920.0,0.0,1920.0,1.0,0,1,registrado,registrada,0
5876,P001681,Cliente 024,147200,2025-09-17,55.0,0.0,55.0,1.0,0,1,registrado,registrada,0
5877,P001682,Cliente 024,990900,2025-09-17,54.0,0.0,54.0,1.0,0,1,registrado,registrada,0
5878,P001685,Cliente 024,146721,2025-09-17,82.0,0.0,82.0,1.0,0,1,registrado,registrada,0
5879,P001684,Cliente 024,146920,2025-09-17,10.0,0.0,10.0,1.0,0,1,registrado,registrada,0
5880,P001711,Cliente 130,974200,2025-09-17,200.0,0.0,200.0,1.0,0,1,registrado,registrada,0
5881,P001712,Cliente 091,948700,2025-09-17,4.0,0.0,4.0,1.0,0,1,registrado,registrada,0
5882,P001703,Cliente 189,908400,2025-09-17,40.0,0.0,40.0,1.0,0,1,registrado,registrada,0
5883,P001030,Cliente 183,948700,2025-09-17,600.0,0.0,600.0,1.0,0,1,registrado,registrada,0
5884,P001692,Cliente 329,900300,2025-09-17,10.0,0.0,10.0,1.0,0,1,registrado,registrada,0
5885,P001692,Cliente 329,949100,2025-09-17,10.0,0.0,10.0,1.0,0,1,registrado,registrada,0
5886,P001752,Cliente 142,948700,2025-09-17,68.0,0.0,68.0,1.0,0,1,registrado,registrada,0
5887,P001752,Cliente 142,963100,2025-09-17,6.0,0.0,6.0,1.0,0,1,registrado,registrada,0
5888,P001632,Cliente 175,980100,2025-09-18,374.0,0.0,374.0,1.0,0,1,registrado,registrada,0
5889,P001632,Cliente 175,980200,2025-09-18,504.0,0.0,504.0,1.0,0,1,registrado,registrada,0
5890,P001632,Cliente 175,980300,2025-09-18,302.0,0.0,302.0,1.0,0,1,registrado,registrada,0
5891,P001632,Cliente 175,980500,2025-09-18,250.0,0.0,250.0,1.0,0,1,registrado,registrada,0
5892,P001632,Cliente 175,980600,2025-09-18,700.0,0.0,700.0,1.0,0,1,registrado,registrada,0
5893,P001632,Cliente 175,980700,2025-09-18,707.0,0.0,707.0,1.0,0,1,registrado,registrada,0
5894,P001632,Cliente 175,980800,2025-09-18,300.0,0.0,300.0,1.0,0,1,registrado,registrada,0
5895,P001640,Cliente 128,949100,2025-09-18,18.0,0.0,18.0,1.0,0,1,registrado,registrada,0
5896,P001162,Cliente 099,900300,2025-09-18,20.0,0.0,20.0,1.0,0,1,estimado_nao_verificado,registrada,0
5897,P000053,Cliente 365,969600,2025-09-18,25.0,0.0,25.0,1.0,0,1,registrado,registrada,0
5898,P000053,Cliente 365,968900,2025-09-18,31.0,0.0,31.0,1.0,0,1,registrado,registrada,0
5899,P000053,Cliente 365,966500,2025-09-18,5.0,0.0,5.0,1.0,0,1,registrado,registrada,0
5900,P000053,Cliente 365,966600,2025-09-18,5.0,0.0,5.0,1.0,0,1,registrado,registrada,0
5901,P000053,Cliente 365,966700,2025-09-18,470.0,0.0,470.0,1.0,0,1,registrado,registrada,0
5902,P000053,Cliente 365,966800,2025-09-18,5465.0,0.0,5465.0,1.0,0,1,registrado,registrada,0
5903,P000053,Cliente 365,990500,2025-09-18,118.0,0.0,118.0,1.0,0,1,registrado,registrada,0
5904,P000053,Cliente 365,970100,2025-09-18,51.0,0.0,51.0,1.0,0,1,registrado,registrada,0
5905,P000053,Cliente 365,975800,2025-09-18,257.0,0.0,257.0,1.0,0,1,registrado,registrada,0
5906,P000053,Cliente 365,966900,2025-09-18,20.0,0.0,20.0,1.0,0,1,registrado,registrada,0
5907,P000053,Cliente 365,967100,2025-09-18,32.0,0.0,32.0,1.0,0,1,registrado,registrada,0
5908,P000053,Cliente 365,967800,2025-09-18,102.0,0.0,102.0,1.0,0,1,registrado,registrada,0
5909,P000053,Cliente 365,967900,2025-09-18,95.0,0.0,95.0,1.0,0,1,registrado,registrada,0
5910,P001777,Cliente 222,966700,2025-09-19,1.0,0.0,1.0,1.0,0,1,registrado,registrada,0
5911,P001777,Cliente 222,966800,2025-09-19,25.0,0.0,25.0,1.0,0,1,registrado,registrada,0
5912,P001777,Cliente 222,971900,2025-09-19,1.0,0.0,1.0,1.0,0,1,registrado,registrada,0
5913,P001778,Cliente 222,902100,2025-09-19,1.0,0.0,1.0,1.0,0,1,registrado,registrada,0
5914,P001778,Cliente 222,954200,2025-09-19,1.0,0.0,1.0,1.0,0,1,registrado,registrada,0
5915,P001778,Cliente 222,958400,2025-09-19,1.0,0.0,1.0,1.0,0,1,registrado,registrada,0
5916,P001778,Cliente 222,961000,2025-09-19,1.0,0.0,1.0,1.0,0,1,registrado,registrada,0
5917,P001778,Cliente 222,964000,2025-09-19,1.0,0.0,1.0,1.0,0,1,registrado,registrada,0
5918,P001778,Cliente 222,964800,2025-09-19,1.0,0.0,1.0,1.0,0,1,registrado,registrada,0
5919,P001555,Cliente 017,900300,2025-09-20,20.0,0.0,20.0,1.0,0,1,estimado_nao_verificado,registrada,0
5920,P001110,Cliente 092,951400,2025-09-20,40.0,0.0,40.0,1.0,0,1,estimado_nao_verificado,registrada,0
5921,P001730,Cliente 134,949300,2025-09-20,500.0,0.0,500.0,1.0,0,1,estimado_nao_verificado,registrada,0
5922,P001776,Cliente 351,948700,2025-09-23,20.0,0.0,20.0,1.0,0,1,registrado,registrada,0
5923,P001776,Cliente 351,961800,2025-09-23,12.0,0.0,12.0,1.0,0,1,registrado,registrada,0
5924,P001776,Cliente 351,963100,2025-09-23,8.0,0.0,8.0,1.0,0,1,registrado,registrada,0
5925,P001749,Cliente 332,948700,2025-09-23,40.0,0.0,40.0,1.0,0,1,registrado,registrada,0
5926,P001773,Cliente 153,961600,2025-09-23,50.0,0.0,50.0,1.0,0,1,registrado,registrada,0
5927,P001766,Cliente 003,949200,2025-09-23,50.0,0.0,50.0,1.0,0,1,registrado,registrada,0
5928,P001751,Cliente 047,948700,2025-09-23,10.0,0.0,10.0,1.0,0,1,registrado,registrada,0
5929,P001751,Cliente 047,951400,2025-09-23,10.0,0.0,10.0,1.0,0,1,registrado,registrada,0
5930,P001785,Cliente 350,902300,2025-09-23,18.0,0.0,18.0,1.0,0,1,registrado,registrada,0
5931,P001785,Cliente 350,961800,2025-09-23,2.0,0.0,2.0,1.0,0,1,registrado,registrada,0
5932,P001765,Cliente 176,953200,2025-09-23,80.0,0.0,80.0,1.0,0,1,registrado,registrada,0
5933,P001741,Cliente 065,961000,2025-09-23,30.0,0.0,30.0,1.0,0,1,registrado,registrada,0
5934,P001741,Cliente 065,966300,2025-09-23,60.0,0.0,60.0,1.0,0,1,registrado,registrada,0
5935,P001741,Cliente 065,966400,2025-09-23,70.0,0.0,70.0,1.0,0,1,registrado,registrada,0
5936,P001740,Cliente 087,961000,2025-09-23,10.0,0.0,10.0,1.0,0,1,registrado,registrada,0
5937,P001740,Cliente 087,961600,2025-09-23,50.0,0.0,50.0,1.0,0,1,registrado,registrada,0
5938,P001779,Cliente 024,954900,2025-09-23,70.0,0.0,70.0,1.0,0,1,registrado,registrada,0
5939,P001779,Cliente 024,956000,2025-09-23,50.0,0.0,50.0,1.0,0,1,registrado,registrada,0
5940,P001779,Cliente 024,957000,2025-09-23,50.0,0.0,50.0,1.0,0,1,registrado,registrada,0
5941,P001779,Cliente 024,958000,2025-09-23,200.0,0.0,200.0,1.0,0,1,registrado,registrada,0
5942,P001779,Cliente 024,963400,2025-09-23,50.0,0.0,50.0,1.0,0,1,registrado,registrada,0
5943,P001779,Cliente 024,965300,2025-09-23,50.0,0.0,50.0,1.0,0,1,registrado,registrada,0
5944,P001677,Cliente 283,951300,2025-09-23,7.0,0.0,7.0,1.0,0,1,registrado,registrada,0
5945,P001678,Cliente 284,951300,2025-09-23,3.0,0.0,3.0,1.0,0,1,registrado,registrada,0
5946,P001678,Cliente 284,954300,2025-09-23,10.0,0.0,10.0,1.0,0,1,registrado,registrada,0
5947,P001678,Cliente 284,958500,2025-09-23,10.0,0.0,10.0,1.0,0,1,registrado,registrada,0
5948,P001678,Cliente 284,961600,2025-09-23,4.0,0.0,4.0,1.0,0,1,registrado,registrada,0
5949,P001678,Cliente 284,981500,2025-09-23,1.0,0.0,1.0,1.0,0,1,registrado,registrada,0
5950,P001686,Cliente 010,951300,2025-09-23,3.0,0.0,3.0,1.0,0,1,registrado,registrada,0
5951,P001686,Cliente 010,958500,2025-09-23,2.0,0.0,2.0,1.0,0,1,registrado,registrada,0
5952,P001686,Cliente 010,961600,2025-09-23,2.0,0.0,2.0,1.0,0,1,registrado,registrada,0
5953,P001686,Cliente 010,981500,2025-09-23,1.0,0.0,1.0,1.0,0,1,registrado,registrada,0
5954,P001683,Cliente 346,951300,2025-09-23,3.0,0.0,3.0,1.0,0,1,registrado,registrada,0
5955,P001683,Cliente 346,958500,2025-09-23,5.0,0.0,5.0,1.0,0,1,registrado,registrada,0
5956,P001683,Cliente 346,961600,2025-09-23,2.0,0.0,2.0,1.0,0,1,registrado,registrada,0
5957,P001683,Cliente 346,981500,2025-09-23,1.0,0.0,1.0,1.0,0,1,registrado,registrada,0
5958,P001679,Cliente 285,951300,2025-09-23,3.0,0.0,3.0,1.0,0,1,registrado,registrada,0
5959,P001679,Cliente 285,958500,2025-09-23,5.0,0.0,5.0,1.0,0,1,registrado,registrada,0
5960,P001679,Cliente 285,961600,2025-09-23,2.0,0.0,2.0,1.0,0,1,registrado,registrada,0
5961,P001679,Cliente 285,981500,2025-09-23,1.0,0.0,1.0,1.0,0,1,registrado,registrada,0
5962,P001676,Cliente 281,951300,2025-09-23,2.0,0.0,2.0,1.0,0,1,registrado,registrada,0
5963,P001676,Cliente 281,954300,2025-09-23,3.0,0.0,3.0,1.0,0,1,registrado,registrada,0
5964,P001676,Cliente 281,958500,2025-09-23,5.0,0.0,5.0,1.0,0,1,registrado,registrada,0
5965,P001676,Cliente 281,961600,2025-09-23,1.0,0.0,1.0,1.0,0,1,registrado,registrada,0
5966,P001676,Cliente 281,981500,2025-09-23,1.0,0.0,1.0,1.0,0,1,registrado,registrada,0
5967,P001680,Cliente 347,951300,2025-09-23,3.0,0.0,3.0,1.0,0,1,registrado,registrada,0
5968,P001680,Cliente 347,954300,2025-09-23,5.0,0.0,5.0,1.0,0,1,registrado,registrada,0
5969,P001680,Cliente 347,958500,2025-09-23,5.0,0.0,5.0,1.0,0,1,registrado,registrada,0
5970,P001680,Cliente 347,961600,2025-09-23,2.0,0.0,2.0,1.0,0,1,registrado,registrada,0
5971,P001680,Cliente 347,981500,2025-09-23,1.0,0.0,1.0,1.0,0,1,registrado,registrada,0
5972,P001745,Cliente 185,942100,2025-09-24,500.0,0.0,500.0,1.0,0,1,registrado,registrada,0
5973,P001745,Cliente 185,949300,2025-09-24,40.0,0.0,40.0,1.0,0,1,registrado,registrada,0
5974,P001659,Cliente 185,966800,2025-09-24,200.0,0.0,200.0,1.0,0,1,registrado,registrada,0
5975,P001659,Cliente 185,966800,2025-09-24,300.0,0.0,300.0,1.0,0,1,registrado,registrada,0
5976,P001746,Cliente 185,961800,2025-09-24,40.0,0.0,40.0,1.0,0,1,registrado,registrada,0
5977,P001746,Cliente 185,961800,2025-09-24,160.0,0.0,160.0,1.0,0,1,registrado,registrada,0
5978,P001746,Cliente 185,981700,2025-09-24,80.0,0.0,80.0,1.0,0,1,registrado,registrada,0
5979,P001643,Cliente 071,993900,2025-09-24,1555.0,0.0,1555.0,1.0,0,1,registrado,registrada,0
5980,P001788,Cliente 071,994000,2025-09-24,241.0,0.0,241.0,1.0,0,1,registrado,registrada,0
5981,P001664,Cliente 053,902300,2025-09-24,120.0,0.0,120.0,1.0,0,1,registrado,registrada,0
5982,P001664,Cliente 053,951600,2025-09-24,1150.0,0.0,1150.0,1.0,0,1,registrado,registrada,0
5983,P001664,Cliente 053,953800,2025-09-24,200.0,0.0,200.0,1.0,0,1,registrado,registrada,0
5984,P001664,Cliente 053,965300,2025-09-24,350.0,0.0,350.0,1.0,0,1,registrado,registrada,0
5985,P001739,Cliente 013,981700,2025-09-24,80.0,0.0,80.0,1.0,0,1,registrado,registrada,0
5986,P001756,Cliente 140,966800,2025-09-25,600.0,0.0,600.0,1.0,0,1,registrado,registrada,0
5987,P001755,Cliente 138,966800,2025-09-25,400.0,0.0,400.0,1.0,0,1,registrado,registrada,0
5988,P001754,Cliente 139,966800,2025-09-25,600.0,0.0,600.0,1.0,0,1,registrado,registrada,0
5989,P001747,Cliente 344,949300,2025-09-25,120.0,0.0,120.0,1.0,0,1,registrado,registrada,0
5990,P001628,Cliente 298,993800,2025-09-25,500.0,0.0,500.0,1.0,0,1,registrado,registrada,0
5991,P000055,Cliente 365,969600,2025-09-26,10.0,0.0,10.0,1.0,0,1,registrado,registrada,0
5992,P000055,Cliente 365,969400,2025-09-26,4.0,0.0,4.0,1.0,0,1,registrado,registrada,0
5993,P000055,Cliente 365,968900,2025-09-26,23.0,0.0,23.0,1.0,0,1,registrado,registrada,0
5994,P000055,Cliente 365,966500,2025-09-26,20.0,0.0,20.0,1.0,0,1,registrado,registrada,0
5995,P000055,Cliente 365,966700,2025-09-26,388.0,0.0,388.0,1.0,0,1,registrado,registrada,0
5996,P000055,Cliente 365,966800,2025-09-26,5020.0,0.0,5020.0,1.0,0,1,registrado,registrada,0
5997,P000055,Cliente 365,990500,2025-09-26,42.0,0.0,42.0,1.0,0,1,registrado,registrada,0
5998,P000055,Cliente 365,970100,2025-09-26,34.0,0.0,34.0,1.0,0,1,registrado,registrada,0
5999,P000055,Cliente 365,975800,2025-09-26,83.0,0.0,83.0,1.0,0,1,registrado,registrada,0
6000,P000055,Cliente 365,966900,2025-09-26,10.0,0.0,10.0,1.0,0,1,registrado,registrada,0
6001,P000055,Cliente 365,967100,2025-09-26,15.0,0.0,15.0,1.0,0,1,registrado,registrada,0
6002,P000055,Cliente 365,967800,2025-09-26,80.0,0.0,80.0,1.0,0,1,registrado,registrada,0
6003,P000055,Cliente 365,967900,2025-09-26,178.0,0.0,178.0,1.0,0,1,registrado,registrada,0
6004,P001738,Cliente 316,966800,2025-09-26,200.0,0.0,200.0,1.0,0,1,registrado,registrada,0
6005,P001772,Cliente 037,902300,2025-09-26,1.0,0.0,1.0,1.0,0,1,registrado,registrada,0
6006,P001772,Cliente 037,949300,2025-09-26,25.0,0.0,25.0,1.0,0,1,registrado,registrada,0
6007,P001787,Cliente 073,902300,2025-09-26,20.0,0.0,20.0,1.0,0,1,registrado,registrada,0
6008,P001787,Cliente 073,948700,2025-09-26,20.0,0.0,20.0,1.0,0,1,registrado,registrada,0
6009,P001784,Cliente 082,952500,2025-09-26,20.0,0.0,20.0,1.0,0,1,registrado,registrada,0
6010,P001753,Cliente 120,961600,2025-09-26,15.0,0.0,15.0,1.0,0,1,registrado,registrada,0
6011,P001753,Cliente 120,964000,2025-09-26,8.0,0.0,8.0,1.0,0,1,registrado,registrada,0
6012,P001753,Cliente 120,981500,2025-09-26,2.0,0.0,2.0,1.0,0,1,registrado,registrada,0
6013,P001810,Cliente 289,950000,2025-09-26,10.0,0.0,10.0,1.0,0,1,registrado,registrada,0
6014,P001810,Cliente 289,961600,2025-09-26,60.0,0.0,60.0,1.0,0,1,registrado,registrada,0
6015,P001810,Cliente 289,964000,2025-09-26,80.0,0.0,80.0,1.0,0,1,registrado,registrada,0
6016,P001783,Cliente 105,966700,2025-09-26,10.0,0.0,10.0,1.0,0,1,registrado,registrada,0
6017,P001782,Cliente 105,902100,2025-09-26,3.0,0.0,3.0,1.0,0,1,registrado,registrada,0
6018,P001782,Cliente 105,950000,2025-09-26,2.0,0.0,2.0,1.0,0,1,registrado,registrada,0
6019,P001782,Cliente 105,951300,2025-09-26,3.0,0.0,3.0,1.0,0,1,registrado,registrada,0
6020,P001782,Cliente 105,952300,2025-09-26,1.0,0.0,1.0,1.0,0,1,registrado,registrada,0
6021,P001782,Cliente 105,961600,2025-09-26,2.0,0.0,2.0,1.0,0,1,registrado,registrada,0
6022,P001782,Cliente 105,964000,2025-09-26,1.0,0.0,1.0,1.0,0,1,registrado,registrada,0
6023,P001782,Cliente 105,981500,2025-09-26,1.0,0.0,1.0,1.0,0,1,registrado,registrada,0
6024,P001770,Cliente 235,902100,2025-09-26,5.0,0.0,5.0,1.0,0,1,registrado,registrada,0
6025,P001770,Cliente 235,950000,2025-09-26,10.0,0.0,10.0,1.0,0,1,registrado,registrada,0
6026,P001770,Cliente 235,951300,2025-09-26,20.0,0.0,20.0,1.0,0,1,registrado,registrada,0
6027,P001770,Cliente 235,952300,2025-09-26,5.0,0.0,5.0,1.0,0,1,registrado,registrada,0
6028,P001770,Cliente 235,953100,2025-09-26,2.0,0.0,2.0,1.0,0,1,registrado,registrada,0
6029,P001770,Cliente 235,959400,2025-09-26,1.0,0.0,1.0,1.0,0,1,registrado,registrada,0
6030,P001770,Cliente 235,961000,2025-09-26,10.0,0.0,10.0,1.0,0,1,registrado,registrada,0
6031,P001770,Cliente 235,961500,2025-09-26,5.0,0.0,5.0,1.0,0,1,registrado,registrada,0
6032,P001770,Cliente 235,961600,2025-09-26,10.0,0.0,10.0,1.0,0,1,registrado,registrada,0
6033,P001770,Cliente 235,962000,2025-09-26,2.0,0.0,2.0,1.0,0,1,registrado,registrada,0
6034,P001770,Cliente 235,963900,2025-09-26,5.0,0.0,5.0,1.0,0,1,registrado,registrada,0
6035,P001770,Cliente 235,964000,2025-09-26,8.0,0.0,8.0,1.0,0,1,registrado,registrada,0
6036,P001770,Cliente 235,965000,2025-09-26,1.0,0.0,1.0,1.0,0,1,registrado,registrada,0
6037,P001770,Cliente 235,981500,2025-09-26,5.0,0.0,5.0,1.0,0,1,registrado,registrada,0
6038,P001811,Cliente 336,966800,2025-09-26,150.0,0.0,150.0,1.0,0,1,registrado,registrada,0
6039,P001750,Cliente 336,949300,2025-09-26,5.0,0.0,5.0,1.0,0,1,registrado,registrada,0
6040,P001750,Cliente 336,951400,2025-09-26,5.0,0.0,5.0,1.0,0,1,registrado,registrada,0
6041,P001750,Cliente 336,953200,2025-09-26,150.0,0.0,150.0,1.0,0,1,registrado,registrada,0
6042,P001750,Cliente 336,961800,2025-09-26,5.0,0.0,5.0,1.0,0,1,registrado,registrada,0
6043,P001750,Cliente 336,981700,2025-09-26,7.0,0.0,7.0,1.0,0,1,registrado,registrada,0
6044,P001812,Cliente 336,900100,2025-09-26,10.0,0.0,10.0,1.0,0,1,registrado,registrada,0
6045,P001812,Cliente 336,949300,2025-09-26,5.0,0.0,5.0,1.0,0,1,registrado,registrada,0
6046,P001812,Cliente 336,964400,2025-09-26,3.0,0.0,3.0,1.0,0,1,registrado,registrada,0
6047,P001743,Cliente 261,950000,2025-09-26,5.0,0.0,5.0,1.0,0,1,registrado,registrada,0
6048,P001743,Cliente 261,951300,2025-09-26,2.0,0.0,2.0,1.0,0,1,registrado,registrada,0
6049,P001743,Cliente 261,961600,2025-09-26,10.0,0.0,10.0,1.0,0,1,registrado,registrada,0
6050,P001743,Cliente 261,964000,2025-09-26,5.0,0.0,5.0,1.0,0,1,registrado,registrada,0
6051,P001743,Cliente 261,981500,2025-09-26,3.0,0.0,3.0,1.0,0,1,registrado,registrada,0
6052,P001744,Cliente 261,966800,2025-09-26,50.0,0.0,50.0,1.0,0,1,registrado,registrada,0
6053,P001769,Cliente 278,954900,2025-09-26,4.0,0.0,4.0,1.0,0,1,registrado,registrada,0
6054,P001769,Cliente 278,956000,2025-09-26,2.0,0.0,2.0,1.0,0,1,registrado,registrada,0
6055,P001769,Cliente 278,957000,2025-09-26,2.0,0.0,2.0,1.0,0,1,registrado,registrada,0
6056,P001769,Cliente 278,958000,2025-09-26,5.0,0.0,5.0,1.0,0,1,registrado,registrada,0
6057,P001769,Cliente 278,959000,2025-09-26,2.0,0.0,2.0,1.0,0,1,registrado,registrada,0
6058,P001807,Cliente 274,902300,2025-09-26,20.0,0.0,20.0,1.0,0,1,registrado,registrada,0
6059,P001789,Cliente 274,950400,2025-09-26,70.0,0.0,70.0,1.0,0,1,registrado,registrada,0
6060,P001742,Cliente 146,948700,2025-09-26,20.0,0.0,20.0,1.0,0,1,registrado,registrada,0
6061,P001742,Cliente 146,949300,2025-09-26,20.0,0.0,20.0,1.0,0,1,registrado,registrada,0
6062,P001742,Cliente 146,951400,2025-09-26,15.0,0.0,15.0,1.0,0,1,registrado,registrada,0
6063,P001742,Cliente 146,953200,2025-09-26,25.0,0.0,25.0,1.0,0,1,registrado,registrada,0
6064,P001792,Cliente 100,902300,2025-09-26,6.0,0.0,6.0,1.0,0,1,registrado,registrada,0
6065,P001792,Cliente 100,951400,2025-09-26,12.0,0.0,12.0,1.0,0,1,registrado,registrada,0
6066,P001786,Cliente 095,974600,2025-09-26,208.0,0.0,208.0,1.0,0,1,registrado,registrada,0
6067,P001786,Cliente 095,974700,2025-09-26,520.0,0.0,520.0,1.0,0,1,registrado,registrada,0
6068,P001786,Cliente 095,970500,2025-09-26,936.0,0.0,936.0,1.0,0,1,registrado,registrada,0
6069,P001781,Cliente 189,908400,2025-09-27,40.0,0.0,40.0,1.0,0,1,registrado,registrada,0
6071,P001774,Cliente 279,949300,2025-09-27,200.0,0.0,200.0,1.0,0,1,registrado,registrada,0
6072,P001822,Cliente 185,942100,2025-09-27,200.0,0.0,200.0,1.0,0,1,registrado,registrada,0
6073,P001790,Cliente 185,949300,2025-09-27,80.0,0.0,80.0,1.0,0,1,registrado,registrada,0
6074,P001771,Cliente 201,902300,2025-09-27,20.0,0.0,20.0,1.0,0,1,registrado,registrada,0
6075,P001771,Cliente 201,948700,2025-09-27,30.0,0.0,30.0,1.0,0,1,registrado,registrada,0
6076,P001771,Cliente 201,961800,2025-09-27,20.0,0.0,20.0,1.0,0,1,registrado,registrada,0
6077,P001771,Cliente 201,981700,2025-09-27,20.0,0.0,20.0,1.0,0,1,registrado,registrada,0
6079,P001748,Cliente 270,953800,2025-09-27,40.0,0.0,40.0,1.0,0,1,registrado,registrada,0
6080,P001748,Cliente 270,954900,2025-09-27,40.0,0.0,40.0,1.0,0,1,registrado,registrada,0
6081,P001748,Cliente 270,957000,2025-09-27,5.0,0.0,5.0,1.0,0,1,registrado,registrada,0
6082,P001748,Cliente 270,958000,2025-09-27,40.0,0.0,40.0,1.0,0,1,registrado,registrada,0
6083,P001748,Cliente 270,959000,2025-09-27,5.0,0.0,5.0,1.0,0,1,registrado,registrada,0
6084,P001748,Cliente 270,959900,2025-09-27,5.0,0.0,5.0,1.0,0,1,registrado,registrada,0
6085,P001748,Cliente 270,965300,2025-09-27,15.0,0.0,15.0,1.0,0,1,registrado,registrada,0
6086,P001733,Cliente 270,949300,2025-09-27,80.0,0.0,80.0,1.0,0,1,registrado,registrada,0
6087,P001733,Cliente 270,951400,2025-09-27,120.0,0.0,120.0,1.0,0,1,registrado,registrada,0
6088,P001775,Cliente 022,902300,2025-09-27,80.0,0.0,80.0,1.0,0,1,registrado,registrada,0
6089,P001775,Cliente 022,949300,2025-09-27,120.0,0.0,120.0,1.0,0,1,registrado,registrada,0
6090,P001768,Cliente 339,902300,2025-09-27,120.0,0.0,120.0,1.0,0,1,registrado,registrada,0
6091,P001768,Cliente 339,949300,2025-09-27,200.0,0.0,200.0,1.0,0,1,registrado,registrada,0
6092,P001798,Cliente 216,966400,2025-09-29,20.0,0.0,20.0,1.0,0,1,registrado,registrada,0
6093,P001799,Cliente 083,966400,2025-09-29,25.0,0.0,25.0,1.0,0,1,registrado,registrada,0
6094,P001795,Cliente 049,966400,2025-09-29,15.0,0.0,15.0,1.0,0,1,registrado,registrada,0
6095,P001728,Cliente 061,949300,2025-09-29,400.0,0.0,400.0,1.0,0,1,registrado,registrada,0
6096,P001808,Cliente 030,948700,2025-09-30,800.0,0.0,800.0,1.0,0,1,registrado,registrada,0
6097,P001794,Cliente 334,961600,2025-09-30,100.0,0.0,100.0,1.0,0,1,registrado,registrada,0
6098,P001794,Cliente 334,981500,2025-09-30,15.0,0.0,15.0,1.0,0,1,registrado,registrada,0
6099,P000057,Cliente 359,961000,2025-09-30,61.0,0.0,61.0,1.0,0,1,registrado,registrada,0
6100,P000057,Cliente 359,969100,2025-09-30,15.0,0.0,15.0,1.0,0,1,registrado,registrada,0
6101,P000057,Cliente 359,968900,2025-09-30,17.0,0.0,17.0,1.0,0,1,registrado,registrada,0
6102,P000057,Cliente 359,971500,2025-09-30,15.0,0.0,15.0,1.0,0,1,registrado,registrada,0
6103,P000057,Cliente 359,972200,2025-09-30,88.0,0.0,88.0,1.0,0,1,registrado,registrada,0
6104,P000057,Cliente 359,966200,2025-09-30,55.0,0.0,55.0,1.0,0,1,registrado,registrada,0
6105,P000057,Cliente 359,966300,2025-09-30,122.0,0.0,122.0,1.0,0,1,registrado,registrada,0
6106,P000057,Cliente 359,966400,2025-09-30,85.0,0.0,85.0,1.0,0,1,registrado,registrada,0
6107,P000057,Cliente 359,966500,2025-09-30,29.0,0.0,29.0,1.0,0,1,registrado,registrada,0
6108,P000057,Cliente 359,966600,2025-09-30,48.0,0.0,48.0,1.0,0,1,registrado,registrada,0
6109,P000057,Cliente 359,966700,2025-09-30,38.0,0.0,38.0,1.0,0,1,registrado,registrada,0
6110,P000057,Cliente 359,966800,2025-09-30,290.0,0.0,290.0,1.0,0,1,registrado,registrada,0
6111,P000057,Cliente 359,990500,2025-09-30,15.0,0.0,15.0,1.0,0,1,registrado,registrada,0
6112,P000057,Cliente 359,970100,2025-09-30,19.0,0.0,19.0,1.0,0,1,registrado,registrada,0
6113,P000057,Cliente 359,970200,2025-09-30,65.0,0.0,65.0,1.0,0,1,registrado,registrada,0
6114,P000057,Cliente 359,967700,2025-09-30,2.0,0.0,2.0,1.0,0,1,registrado,registrada,0
6115,P000057,Cliente 359,967800,2025-09-30,12.0,0.0,12.0,1.0,0,1,registrado,registrada,0
6116,P000058,Cliente 357,961500,2025-09-30,15.0,0.0,15.0,1.0,0,1,registrado,registrada,0
6117,P000058,Cliente 357,961600,2025-09-30,35.0,0.0,35.0,1.0,0,1,registrado,registrada,0
6118,P000058,Cliente 357,964800,2025-09-30,18.0,0.0,18.0,1.0,0,1,registrado,registrada,0
6119,P000058,Cliente 357,959400,2025-09-30,12.0,0.0,12.0,1.0,0,1,registrado,registrada,0
6120,P000058,Cliente 357,958400,2025-09-30,23.0,0.0,23.0,1.0,0,1,registrado,registrada,0
6121,P000058,Cliente 357,957400,2025-09-30,12.0,0.0,12.0,1.0,0,1,registrado,registrada,0
6122,P000058,Cliente 357,960200,2025-09-30,2.0,0.0,2.0,1.0,0,1,registrado,registrada,0
6123,P000058,Cliente 357,955300,2025-09-30,2.0,0.0,2.0,1.0,0,1,registrado,registrada,0
6124,P000058,Cliente 357,954200,2025-09-30,3.0,0.0,3.0,1.0,0,1,registrado,registrada,0
6125,P000058,Cliente 357,963900,2025-09-30,15.0,0.0,15.0,1.0,0,1,registrado,registrada,0
6126,P000058,Cliente 357,964000,2025-09-30,10.0,0.0,10.0,1.0,0,1,registrado,registrada,0
6127,P000058,Cliente 357,961000,2025-09-30,7.0,0.0,7.0,1.0,0,1,registrado,registrada,0
6128,P000058,Cliente 357,972200,2025-09-30,17.0,0.0,17.0,1.0,0,1,registrado,registrada,0
6129,P000058,Cliente 357,966200,2025-09-30,26.0,0.0,26.0,1.0,0,1,registrado,registrada,0
6130,P000058,Cliente 357,966300,2025-09-30,23.0,0.0,23.0,1.0,0,1,registrado,registrada,0
6131,P000058,Cliente 357,966400,2025-09-30,55.0,0.0,55.0,1.0,0,1,registrado,registrada,0
6132,P000058,Cliente 357,966500,2025-09-30,5.0,0.0,5.0,1.0,0,1,registrado,registrada,0
6133,P000058,Cliente 357,966600,2025-09-30,123.0,0.0,123.0,1.0,0,1,registrado,registrada,0
6134,P000058,Cliente 357,966700,2025-09-30,47.0,0.0,47.0,1.0,0,1,registrado,registrada,0
6135,P000058,Cliente 357,966800,2025-09-30,2180.0,0.0,2180.0,1.0,0,1,registrado,registrada,0
6136,P001641,Cliente 128,949100,2025-09-30,18.0,0.0,18.0,1.0,0,1,registrado,registrada,0
6137,P001796,Cliente 217,966400,2025-09-30,50.0,0.0,50.0,1.0,0,1,registrado,registrada,0
6138,P001796,Cliente 217,966700,2025-09-30,8.0,0.0,8.0,1.0,0,1,registrado,registrada,0
6139,P001793,Cliente 142,948700,2025-09-30,140.0,0.0,140.0,1.0,0,1,registrado,registrada,0
6140,P001791,Cliente 069,961000,2025-10-01,20.0,0.0,20.0,1.0,0,1,registrado,registrada,0
6141,P001791,Cliente 069,966300,2025-10-01,15.0,0.0,15.0,1.0,0,1,registrado,registrada,0
6142,P001791,Cliente 069,966400,2025-10-01,23.0,0.0,23.0,1.0,0,1,registrado,registrada,0
6143,P001791,Cliente 069,966500,2025-10-01,27.0,0.0,27.0,1.0,0,1,registrado,registrada,0
6144,P001791,Cliente 069,966600,2025-10-01,55.0,0.0,55.0,1.0,0,1,registrado,registrada,0
6145,P001791,Cliente 069,966700,2025-10-01,5.0,0.0,5.0,1.0,0,1,registrado,registrada,0
6146,P001791,Cliente 069,966800,2025-10-01,25.0,0.0,25.0,1.0,0,1,registrado,registrada,0
6147,P001791,Cliente 069,967700,2025-10-01,3.0,0.0,3.0,1.0,0,1,registrado,registrada,0
6148,P001791,Cliente 069,967800,2025-10-01,6.0,0.0,6.0,1.0,0,1,registrado,registrada,0
6149,P001791,Cliente 069,968900,2025-10-01,3.0,0.0,3.0,1.0,0,1,registrado,registrada,0
6150,P001791,Cliente 069,969100,2025-10-01,20.0,0.0,20.0,1.0,0,1,registrado,registrada,0
6151,P001791,Cliente 069,970000,2025-10-01,5.0,0.0,5.0,1.0,0,1,registrado,registrada,0
6152,P001791,Cliente 069,970100,2025-10-01,5.0,0.0,5.0,1.0,0,1,registrado,registrada,0
6153,P001791,Cliente 069,970200,2025-10-01,15.0,0.0,15.0,1.0,0,1,registrado,registrada,0
6154,P001791,Cliente 069,971500,2025-10-01,15.0,0.0,15.0,1.0,0,1,registrado,registrada,0
6155,P001791,Cliente 069,972200,2025-10-01,15.0,0.0,15.0,1.0,0,1,registrado,registrada,0
6156,P001791,Cliente 069,990400,2025-10-01,6.0,0.0,6.0,1.0,0,1,registrado,registrada,0
6157,P001791,Cliente 069,990500,2025-10-01,7.0,0.0,7.0,1.0,0,1,registrado,registrada,0
6158,P001836,Cliente 176,953200,2025-10-01,80.0,0.0,80.0,1.0,0,1,registrado,registrada,0
6159,P001831,Cliente 062,976000,2025-10-01,40.0,0.0,40.0,1.0,0,1,registrado,registrada,0
6160,P001831,Cliente 062,976100,2025-10-01,234.0,0.0,234.0,1.0,0,1,registrado,registrada,0
6161,P001831,Cliente 062,986300,2025-10-01,200.0,0.0,200.0,1.0,0,1,registrado,registrada,0
6162,P001831,Cliente 062,990300,2025-10-01,100.0,0.0,100.0,1.0,0,1,registrado,registrada,0
6163,P001824,Cliente 050,951300,2025-10-01,7.0,0.0,7.0,1.0,0,1,registrado,registrada,0
6164,P001824,Cliente 050,954300,2025-10-01,5.0,0.0,5.0,1.0,0,1,registrado,registrada,0
6165,P001824,Cliente 050,958500,2025-10-01,5.0,0.0,5.0,1.0,0,1,registrado,registrada,0
6166,P001824,Cliente 050,961600,2025-10-01,2.0,0.0,2.0,1.0,0,1,registrado,registrada,0
6167,P001824,Cliente 050,981500,2025-10-01,1.0,0.0,1.0,1.0,0,1,registrado,registrada,0
6168,P001827,Cliente 121,974200,2025-10-02,200.0,0.0,200.0,1.0,0,1,registrado,registrada,0
6169,P001827,Cliente 121,974400,2025-10-02,50.0,0.0,50.0,1.0,0,1,registrado,registrada,0
6170,P001828,Cliente 121,974200,2025-10-02,20.0,0.0,20.0,1.0,0,1,registrado,registrada,0
6171,P001828,Cliente 121,974400,2025-10-02,5.0,0.0,5.0,1.0,0,1,registrado,registrada,0
6172,P001734,Cliente 045,966800,2025-10-02,1920.0,0.0,1920.0,1.0,0,1,registrado,registrada,0
6173,P001163,Cliente 099,900300,2025-10-02,20.0,0.0,20.0,1.0,0,1,registrado,registrada,0
6174,P001823,Cliente 095,974600,2025-10-02,624.0,0.0,624.0,1.0,0,1,registrado,registrada,0
6175,P001823,Cliente 095,974700,2025-10-02,1040.0,0.0,1040.0,1.0,0,1,registrado,registrada,0
6176,P001823,Cliente 095,975000,2025-10-02,624.0,0.0,624.0,1.0,0,1,registrado,registrada,0
6177,P001847,Cliente 222,902100,2025-10-02,1.0,1.0,2.0,0.5,1,1,estimado_nao_verificado,registrada,0
6178,P001847,Cliente 222,950000,2025-10-02,1.0,0.0,1.0,1.0,0,1,registrado,registrada,0
6179,P001847,Cliente 222,951300,2025-10-02,1.0,0.0,1.0,1.0,0,1,registrado,registrada,0
6180,P001847,Cliente 222,955300,2025-10-02,1.0,0.0,1.0,1.0,0,1,registrado,registrada,0
6181,P001847,Cliente 222,958400,2025-10-02,1.0,0.0,1.0,1.0,0,1,registrado,registrada,0
6182,P001847,Cliente 222,961000,2025-10-02,1.0,1.0,2.0,0.5,1,1,estimado_nao_verificado,registrada,0
6183,P001846,Cliente 222,966400,2025-10-02,1.0,0.0,1.0,1.0,0,1,registrado,registrada,0
6184,P001846,Cliente 222,966700,2025-10-02,1.0,0.0,1.0,1.0,0,1,registrado,registrada,0
6185,P001846,Cliente 222,966800,2025-10-02,10.0,0.0,10.0,1.0,0,1,registrado,registrada,0
6186,P001846,Cliente 222,971900,2025-10-02,1.0,0.0,1.0,1.0,0,1,registrado,registrada,0
6187,P001838,Cliente 103,949300,2025-10-02,30.0,0.0,30.0,1.0,0,1,registrado,registrada,0
6188,P001838,Cliente 103,950400,2025-10-02,30.0,0.0,30.0,1.0,0,1,registrado,registrada,0
6189,P001829,Cliente 037,902300,2025-10-02,200.0,0.0,200.0,1.0,0,1,registrado,registrada,0
6190,P001835,Cliente 232,949300,2025-10-02,3.0,0.0,3.0,1.0,0,1,registrado,registrada,0
6191,P001835,Cliente 232,950400,2025-10-02,54.0,0.0,54.0,1.0,0,1,registrado,registrada,0
6192,P001835,Cliente 232,961800,2025-10-02,3.0,0.0,3.0,1.0,0,1,registrado,registrada,0
6193,P001802,Cliente 277,964000,2025-10-03,150.0,0.0,150.0,1.0,0,1,registrado,registrada,0
6194,P001856,Cliente 199,961600,2025-10-03,7.0,0.0,7.0,1.0,0,1,registrado,registrada,0
6195,P001856,Cliente 199,964000,2025-10-03,5.0,0.0,5.0,1.0,0,1,registrado,registrada,0
6196,P001853,Cliente 291,961600,2025-10-03,50.0,0.0,50.0,1.0,0,1,registrado,registrada,0
6197,P001853,Cliente 291,964000,2025-10-03,50.0,0.0,50.0,1.0,0,1,registrado,registrada,0
6198,P001820,Cliente 197,961600,2025-10-03,40.0,0.0,40.0,1.0,0,1,registrado,registrada,0
6199,P001820,Cliente 197,964000,2025-10-03,20.0,0.0,20.0,1.0,0,1,registrado,registrada,0
6200,P001821,Cliente 197,966900,2025-10-03,2.0,0.0,2.0,1.0,0,1,registrado,registrada,0
6201,P001780,Cliente 033,961600,2025-10-03,20.0,0.0,20.0,1.0,0,1,registrado,registrada,0
6202,P001780,Cliente 033,964000,2025-10-03,25.0,0.0,25.0,1.0,0,1,registrado,registrada,0
6203,P001803,Cliente 325,961600,2025-10-03,10.0,0.0,10.0,1.0,0,1,registrado,registrada,0
6204,P001803,Cliente 325,964000,2025-10-03,10.0,0.0,10.0,1.0,0,1,registrado,registrada,0
6210,P001855,Cliente 306,961600,2025-10-03,30.0,0.0,30.0,1.0,0,1,registrado,registrada,0
6211,P001855,Cliente 306,964000,2025-10-03,40.0,0.0,40.0,1.0,0,1,registrado,registrada,0
6212,P001854,Cliente 203,961600,2025-10-03,150.0,0.0,150.0,1.0,0,1,registrado,registrada,0
6213,P001854,Cliente 203,964000,2025-10-03,20.0,0.0,20.0,1.0,0,1,registrado,registrada,0
6214,P001804,Cliente 161,951600,2025-10-03,300.0,0.0,300.0,1.0,0,1,registrado,registrada,0
6215,P001804,Cliente 161,959900,2025-10-03,300.0,0.0,300.0,1.0,0,1,registrado,registrada,0
6216,P001736,Cliente 279,966800,2025-10-03,1000.0,0.0,1000.0,1.0,0,1,registrado,registrada,0
6217,P001735,Cliente 279,949300,2025-10-03,120.0,0.0,120.0,1.0,0,1,registrado,registrada,0
6218,P001800,Cliente 223,953800,2025-10-03,15.0,0.0,15.0,1.0,0,1,registrado,registrada,0
6219,P001800,Cliente 223,954900,2025-10-03,15.0,0.0,15.0,1.0,0,1,registrado,registrada,0
6220,P001800,Cliente 223,958000,2025-10-03,15.0,0.0,15.0,1.0,0,1,registrado,registrada,0
6221,P001797,Cliente 048,901700,2025-10-03,1.0,0.0,1.0,1.0,0,1,registrado,registrada,0
6222,P001797,Cliente 048,901900,2025-10-03,1.0,0.0,1.0,1.0,0,1,registrado,registrada,0
6223,P001797,Cliente 048,902100,2025-10-03,1.0,0.0,1.0,1.0,0,1,registrado,registrada,0
6224,P001797,Cliente 048,961600,2025-10-03,1.0,0.0,1.0,1.0,0,1,registrado,registrada,0
6225,P001797,Cliente 048,961200,2025-10-03,1.0,0.0,1.0,1.0,0,1,registrado,registrada,0
6226,P001797,Cliente 048,962100,2025-10-03,1.0,0.0,1.0,1.0,0,1,registrado,registrada,0
6227,P001797,Cliente 048,981300,2025-10-03,1.0,1.0,2.0,0.5,1,1,estimado_nao_verificado,registrada,0
6228,P001797,Cliente 048,981500,2025-10-03,1.0,0.0,1.0,1.0,0,1,registrado,registrada,0
6229,P001797,Cliente 048,982000,2025-10-03,1.0,0.0,1.0,1.0,0,1,registrado,registrada,0
6230,P001809,Cliente 066,902300,2025-10-03,400.0,0.0,400.0,1.0,0,1,registrado,registrada,0
6231,P001834,Cliente 189,908400,2025-10-03,80.0,0.0,80.0,1.0,0,1,registrado,registrada,0
6232,P001848,Cliente 185,942100,2025-10-03,400.0,0.0,400.0,1.0,0,1,registrado,registrada,0
6233,P001848,Cliente 185,961800,2025-10-03,40.0,0.0,40.0,1.0,0,1,registrado,registrada,0
6234,P001849,Cliente 185,942100,2025-10-03,30.0,0.0,30.0,1.0,0,1,registrado,registrada,0
6235,P001814,Cliente 181,949000,2025-10-03,64.0,0.0,64.0,1.0,0,1,estimado_nao_verificado,registrada,0
6236,P001814,Cliente 181,950100,2025-10-03,64.0,0.0,64.0,1.0,0,1,estimado_nao_verificado,registrada,0
6237,P001814,Cliente 181,953200,2025-10-03,20.0,0.0,20.0,1.0,0,1,estimado_nao_verificado,registrada,0
6238,P001814,Cliente 181,962000,2025-10-03,64.0,0.0,64.0,1.0,0,1,estimado_nao_verificado,registrada,0
6239,P001815,Cliente 089,949000,2025-10-03,24.0,0.0,24.0,1.0,0,1,estimado_nao_verificado,registrada,0
6240,P001815,Cliente 089,962000,2025-10-03,176.0,0.0,176.0,1.0,0,1,estimado_nao_verificado,registrada,0
6241,P001816,Cliente 109,949000,2025-10-03,110.0,0.0,110.0,1.0,0,1,estimado_nao_verificado,registrada,0
6242,P001816,Cliente 109,953800,2025-10-03,120.0,0.0,120.0,1.0,0,1,estimado_nao_verificado,registrada,0
6243,P001816,Cliente 109,954900,2025-10-03,150.0,0.0,150.0,1.0,0,1,estimado_nao_verificado,registrada,0
6244,P001816,Cliente 109,957000,2025-10-03,120.0,0.0,120.0,1.0,0,1,estimado_nao_verificado,registrada,0
6245,P001816,Cliente 109,958000,2025-10-03,150.0,0.0,150.0,1.0,0,1,estimado_nao_verificado,registrada,0
6246,P001816,Cliente 109,959000,2025-10-03,55.0,0.0,55.0,1.0,0,1,estimado_nao_verificado,registrada,0
6247,P001813,Cliente 262,949000,2025-10-03,120.0,0.0,120.0,1.0,0,1,estimado_nao_verificado,registrada,0
6248,P001813,Cliente 262,951600,2025-10-03,120.0,0.0,120.0,1.0,0,1,estimado_nao_verificado,registrada,0
6249,P001813,Cliente 262,953800,2025-10-03,110.0,0.0,110.0,1.0,0,1,estimado_nao_verificado,registrada,0
6250,P001813,Cliente 262,954900,2025-10-03,60.0,0.0,60.0,1.0,0,1,estimado_nao_verificado,registrada,0
6251,P001813,Cliente 262,957000,2025-10-03,60.0,0.0,60.0,1.0,0,1,estimado_nao_verificado,registrada,0
6252,P001813,Cliente 262,958000,2025-10-03,110.0,0.0,110.0,1.0,0,1,estimado_nao_verificado,registrada,0
6253,P001813,Cliente 262,965300,2025-10-03,60.0,0.0,60.0,1.0,0,1,estimado_nao_verificado,registrada,0
6254,P001850,Cliente 095,974600,2025-10-06,832.0,0.0,832.0,1.0,0,1,registrado,registrada,0
6255,P001850,Cliente 095,974700,2025-10-06,1040.0,0.0,1040.0,1.0,0,1,registrado,registrada,0
6256,P001850,Cliente 095,975000,2025-10-06,276.0,0.0,276.0,1.0,0,1,registrado,registrada,0
6257,P001837,Cliente 024,949200,2025-10-06,180.0,0.0,180.0,1.0,0,1,registrado,registrada,0
6258,P001837,Cliente 024,951600,2025-10-06,200.0,0.0,200.0,1.0,0,1,registrado,registrada,0
6259,P001837,Cliente 024,953800,2025-10-06,100.0,0.0,100.0,1.0,0,1,registrado,registrada,0
6260,P001837,Cliente 024,954900,2025-10-06,75.0,0.0,75.0,1.0,0,1,registrado,registrada,0
6261,P001837,Cliente 024,958000,2025-10-06,50.0,0.0,50.0,1.0,0,1,registrado,registrada,0
6262,P001837,Cliente 024,962100,2025-10-06,125.0,0.0,125.0,1.0,0,1,registrado,registrada,0
6263,P001837,Cliente 024,963400,2025-10-06,50.0,0.0,50.0,1.0,0,1,registrado,registrada,0
6264,P001837,Cliente 024,965300,2025-10-06,350.0,0.0,350.0,1.0,0,1,registrado,registrada,0
6265,P001758,Cliente 024,146501,2025-10-06,100.0,0.0,100.0,1.0,0,1,ausente,registrada,0
6266,P001757,Cliente 024,146601,2025-10-06,150.0,0.0,150.0,1.0,0,1,ausente,registrada,0
6267,P001759,Cliente 024,146521,2025-10-06,123.0,0.0,123.0,1.0,0,1,ausente,registrada,0
6268,P001760,Cliente 024,146621,2025-10-06,150.0,0.0,150.0,1.0,0,1,ausente,registrada,0
6269,P001761,Cliente 024,146421,2025-10-06,94.0,0.0,94.0,1.0,0,1,ausente,registrada,0
6270,P001762,Cliente 024,146411,2025-10-06,49.0,0.0,49.0,1.0,0,1,ausente,registrada,0
6271,P001763,Cliente 024,146910,2025-10-06,100.0,0.0,100.0,1.0,0,1,ausente,registrada,0
6272,P001764,Cliente 024,146711,2025-10-06,50.0,0.0,50.0,1.0,0,1,registrado,registrada,0
6273,P001164,Cliente 099,900300,2025-10-07,20.0,0.0,20.0,1.0,0,1,registrado,registrada,0
6274,P001817,Cliente 073,902300,2025-10-07,10.0,0.0,10.0,1.0,0,1,registrado,registrada,0
6275,P001817,Cliente 073,948700,2025-10-07,10.0,0.0,10.0,1.0,0,1,registrado,registrada,0
6276,P001841,Cliente 058,902000,2025-10-07,1.0,0.0,1.0,1.0,0,1,registrado,registrada,0
6277,P001841,Cliente 058,902100,2025-10-07,1.0,0.0,1.0,1.0,0,1,registrado,registrada,0
6278,P001841,Cliente 058,949900,2025-10-07,3.0,0.0,3.0,1.0,0,1,registrado,registrada,0
6279,P001841,Cliente 058,950000,2025-10-07,2.0,0.0,2.0,1.0,0,1,registrado,registrada,0
6280,P001841,Cliente 058,961500,2025-10-07,3.0,0.0,3.0,1.0,0,1,registrado,registrada,0
6281,P001841,Cliente 058,961600,2025-10-07,7.0,0.0,7.0,1.0,0,1,registrado,registrada,0
6282,P001841,Cliente 058,963900,2025-10-07,3.0,0.0,3.0,1.0,0,1,registrado,registrada,0
6283,P001841,Cliente 058,964000,2025-10-07,3.0,0.0,3.0,1.0,0,1,registrado,registrada,0
6284,P001841,Cliente 058,981500,2025-10-07,3.0,0.0,3.0,1.0,0,1,registrado,registrada,0
6285,P001825,Cliente 135,902100,2025-10-07,4.0,0.0,4.0,1.0,0,1,registrado,registrada,0
6286,P001825,Cliente 135,950000,2025-10-07,5.0,0.0,5.0,1.0,0,1,registrado,registrada,0
6287,P001825,Cliente 135,953100,2025-10-07,3.0,0.0,3.0,1.0,0,1,registrado,registrada,0
6288,P001825,Cliente 135,961600,2025-10-07,5.0,0.0,5.0,1.0,0,1,registrado,registrada,0
6289,P001825,Cliente 135,964000,2025-10-07,5.0,0.0,5.0,1.0,0,1,registrado,registrada,0
6290,P001826,Cliente 135,966800,2025-10-07,50.0,0.0,50.0,1.0,0,1,registrado,registrada,0
6291,P001857,Cliente 040,964400,2025-10-07,100.0,0.0,100.0,1.0,0,1,registrado,registrada,0
6292,P001865,Cliente 074,963900,2025-10-07,3.0,0.0,3.0,1.0,0,1,registrado,registrada,0
6293,P001865,Cliente 074,964000,2025-10-07,10.0,0.0,10.0,1.0,0,1,registrado,registrada,0
6294,P001833,Cliente 274,954900,2025-10-07,10.0,0.0,10.0,1.0,0,1,registrado,registrada,0
6295,P001833,Cliente 274,958000,2025-10-07,10.0,0.0,10.0,1.0,0,1,registrado,registrada,0
6296,P001819,Cliente 059,966800,2025-10-07,30.0,0.0,30.0,1.0,0,1,registrado,registrada,0
6297,P001819,Cliente 059,967800,2025-10-07,4.0,0.0,4.0,1.0,0,1,registrado,registrada,0
6298,P001818,Cliente 059,953200,2025-10-07,100.0,0.0,100.0,1.0,0,1,registrado,registrada,0
6299,P001818,Cliente 059,954900,2025-10-07,30.0,0.0,30.0,1.0,0,1,registrado,registrada,0
6300,P001818,Cliente 059,958000,2025-10-07,30.0,0.0,30.0,1.0,0,1,registrado,registrada,0
6301,P001818,Cliente 059,959000,2025-10-07,40.0,0.0,40.0,1.0,0,1,registrado,registrada,0
6302,P001818,Cliente 059,964200,2025-10-07,4.0,0.0,4.0,1.0,0,1,registrado,registrada,0
6303,P001818,Cliente 059,981900,2025-10-07,3.0,0.0,3.0,1.0,0,1,registrado,registrada,0
6304,P001866,Cliente 072,950000,2025-10-07,2.0,0.0,2.0,1.0,0,1,registrado,registrada,0
6305,P001866,Cliente 072,951200,2025-10-07,,1.0,,,1,0,estimado_nao_verificado,registrada,0
6306,P001866,Cliente 072,953800,2025-10-07,10.0,0.0,10.0,1.0,0,1,estimado_nao_verificado,registrada,0
6307,P001866,Cliente 072,956000,2025-10-07,30.0,0.0,30.0,1.0,0,1,registrado,registrada,0
6308,P001866,Cliente 072,958000,2025-10-07,30.0,0.0,30.0,1.0,0,1,registrado,registrada,0
6309,P001866,Cliente 072,958400,2025-10-07,1.0,0.0,1.0,1.0,0,1,registrado,registrada,0
6310,P001866,Cliente 072,959000,2025-10-07,30.0,0.0,30.0,1.0,0,1,registrado,registrada,0
6311,P001866,Cliente 072,959400,2025-10-07,1.0,0.0,1.0,1.0,0,1,registrado,registrada,0
6312,P001839,Cliente 108,949800,2025-10-07,50.0,0.0,50.0,1.0,0,1,registrado,registrada,0
6313,P001861,Cliente 037,902300,2025-10-07,200.0,0.0,200.0,1.0,0,1,registrado,registrada,0
6314,P001862,Cliente 344,949300,2025-10-07,120.0,0.0,120.0,1.0,0,1,registrado,registrada,0
6315,P001830,Cliente 340,633000,2025-10-07,50.0,0.0,50.0,1.0,0,1,registrado,registrada,0
6316,P001840,Cliente 064,961000,2025-10-07,10.0,0.0,10.0,1.0,0,1,registrado,registrada,0
6317,P001840,Cliente 064,966200,2025-10-07,10.0,0.0,10.0,1.0,0,1,registrado,registrada,0
6318,P001840,Cliente 064,966300,2025-10-07,20.0,0.0,20.0,1.0,0,1,registrado,registrada,0
6319,P001840,Cliente 064,966400,2025-10-07,20.0,0.0,20.0,1.0,0,1,registrado,registrada,0
6320,P001840,Cliente 064,966500,2025-10-07,10.0,0.0,10.0,1.0,0,1,registrado,registrada,0
6321,P001840,Cliente 064,966600,2025-10-07,10.0,0.0,10.0,1.0,0,1,registrado,registrada,0
6322,P001840,Cliente 064,966700,2025-10-07,10.0,0.0,10.0,1.0,0,1,registrado,registrada,0
6323,P001840,Cliente 064,967800,2025-10-07,10.0,0.0,10.0,1.0,0,1,registrado,registrada,0
6324,P001840,Cliente 064,968900,2025-10-07,10.0,0.0,10.0,1.0,0,1,registrado,registrada,0
6325,P001840,Cliente 064,970100,2025-10-07,10.0,0.0,10.0,1.0,0,1,registrado,registrada,0
6326,P001840,Cliente 064,972200,2025-10-07,30.0,0.0,30.0,1.0,0,1,registrado,registrada,0
6327,P001840,Cliente 064,990500,2025-10-07,10.0,0.0,10.0,1.0,0,1,registrado,registrada,0
6328,P001842,Cliente 042,948600,2025-10-07,10.0,0.0,10.0,1.0,0,1,registrado,registrada,0
6329,P001842,Cliente 042,953800,2025-10-07,10.0,0.0,10.0,1.0,0,1,registrado,registrada,0
6330,P001842,Cliente 042,954900,2025-10-07,9.0,0.0,9.0,1.0,0,1,registrado,registrada,0
6331,P001842,Cliente 042,957000,2025-10-07,7.0,0.0,7.0,1.0,0,1,registrado,registrada,0
6332,P001842,Cliente 042,958000,2025-10-07,20.0,0.0,20.0,1.0,0,1,registrado,registrada,0
6333,P001842,Cliente 042,959000,2025-10-07,7.0,0.0,7.0,1.0,0,1,registrado,registrada,0
6334,P001842,Cliente 042,959900,2025-10-07,5.0,0.0,5.0,1.0,0,1,registrado,registrada,0
6335,P001842,Cliente 042,962100,2025-10-07,5.0,0.0,5.0,1.0,0,1,registrado,registrada,0
6336,P001842,Cliente 042,963400,2025-10-07,2.0,0.0,2.0,1.0,0,1,registrado,registrada,0
6337,P001842,Cliente 042,965300,2025-10-07,9.0,0.0,9.0,1.0,0,1,registrado,registrada,0
6338,P001852,Cliente 038,949000,2025-10-07,12.0,0.0,12.0,1.0,0,1,registrado,registrada,0
6339,P001852,Cliente 038,950100,2025-10-07,1.0,0.0,1.0,1.0,0,1,registrado,registrada,0
6340,P001852,Cliente 038,951500,2025-10-07,6.0,0.0,6.0,1.0,0,1,registrado,registrada,0
6341,P001852,Cliente 038,952300,2025-10-07,12.0,0.0,12.0,1.0,0,1,registrado,registrada,0
6342,P001852,Cliente 038,954900,2025-10-07,16.0,0.0,16.0,1.0,0,1,registrado,registrada,0
6343,P001852,Cliente 038,957000,2025-10-07,18.0,0.0,18.0,1.0,0,1,registrado,registrada,0
6344,P001852,Cliente 038,958000,2025-10-07,20.0,0.0,20.0,1.0,0,1,registrado,registrada,0
6345,P001852,Cliente 038,959900,2025-10-07,15.0,0.0,15.0,1.0,0,1,registrado,registrada,0
6346,P001805,Cliente 300,954900,2025-10-07,7.0,0.0,7.0,1.0,0,1,registrado,registrada,0
6347,P001805,Cliente 300,957000,2025-10-07,7.0,0.0,7.0,1.0,0,1,registrado,registrada,0
6348,P001805,Cliente 300,958000,2025-10-07,7.0,0.0,7.0,1.0,0,1,registrado,registrada,0
6349,P001805,Cliente 300,959000,2025-10-07,7.0,0.0,7.0,1.0,0,1,registrado,registrada,0
6350,P001805,Cliente 300,965300,2025-10-07,7.0,0.0,7.0,1.0,0,1,registrado,registrada,0
6351,P001832,Cliente 136,961800,2025-10-07,10.0,0.0,10.0,1.0,0,1,registrado,registrada,0
6352,P001832,Cliente 136,981700,2025-10-07,5.0,0.0,5.0,1.0,0,1,registrado,registrada,0
6353,P001801,Cliente 017,900300,2025-10-08,25.0,0.0,25.0,1.0,0,1,estimado_nao_verificado,registrada,0
6354,P001851,Cliente 230,950400,2025-10-08,1200.0,0.0,1200.0,1.0,0,1,registrado,registrada,0
6355,P001858,Cliente 095,974600,2025-10-08,832.0,0.0,832.0,1.0,0,1,registrado,registrada,0
6356,P001858,Cliente 095,974700,2025-10-08,1040.0,0.0,1040.0,1.0,0,1,registrado,registrada,0
6357,P001858,Cliente 095,975000,2025-10-08,416.0,0.0,416.0,1.0,0,1,registrado,registrada,0
6358,P001863,Cliente 169,949300,2025-10-08,600.0,0.0,600.0,1.0,0,1,registrado,registrada,0
6359,P001863,Cliente 169,961800,2025-10-08,20.0,0.0,20.0,1.0,0,1,registrado,registrada,0
6360,P001737,Cliente 045,966800,2025-10-08,1920.0,0.0,1920.0,1.0,0,1,registrado,registrada,0
6361,P001806,Cliente 091,987000,2025-10-08,141.0,0.0,141.0,1.0,0,1,registrado,registrada,0
6362,P001519,Cliente 091,965200,2025-10-08,230.0,0.0,230.0,1.0,0,1,registrado,registrada,0
6363,P000718,Cliente 091,950400,2025-10-09,600.0,0.0,600.0,1.0,0,1,registrado,registrada,0
6364,P001642,Cliente 128,949100,2025-10-09,18.0,0.0,18.0,1.0,0,1,registrado,registrada,0
6365,P000056,Cliente 365,961600,2025-10-10,3.0,0.0,3.0,1.0,0,1,estimado_nao_verificado,registrada,0
6366,P000056,Cliente 365,969600,2025-10-10,13.0,0.0,13.0,1.0,0,1,estimado_nao_verificado,registrada,0
6367,P000056,Cliente 365,969400,2025-10-10,20.0,0.0,20.0,1.0,0,1,estimado_nao_verificado,registrada,0
6368,P000056,Cliente 365,968900,2025-10-10,19.0,0.0,19.0,1.0,0,1,estimado_nao_verificado,registrada,0
6369,P000056,Cliente 365,971700,2025-10-10,13.0,0.0,13.0,1.0,0,1,estimado_nao_verificado,registrada,0
6370,P000056,Cliente 365,966500,2025-10-10,13.0,0.0,13.0,1.0,0,1,estimado_nao_verificado,registrada,0
6371,P000056,Cliente 365,966600,2025-10-10,55.0,0.0,55.0,1.0,0,1,estimado_nao_verificado,registrada,0
6372,P000056,Cliente 365,966700,2025-10-10,490.0,0.0,490.0,1.0,0,1,estimado_nao_verificado,registrada,0
6373,P000056,Cliente 365,966800,2025-10-10,5010.0,0.0,5010.0,1.0,0,1,estimado_nao_verificado,registrada,0
6374,P000056,Cliente 365,990500,2025-10-10,128.0,0.0,128.0,1.0,0,1,estimado_nao_verificado,registrada,0
6375,P000056,Cliente 365,970000,2025-10-10,10.0,0.0,10.0,1.0,0,1,estimado_nao_verificado,registrada,0
6376,P000056,Cliente 365,970100,2025-10-10,22.0,0.0,22.0,1.0,0,1,estimado_nao_verificado,registrada,0
6377,P000056,Cliente 365,970500,2025-10-10,1.0,0.0,1.0,1.0,0,1,estimado_nao_verificado,registrada,0
6378,P000056,Cliente 365,975800,2025-10-10,251.0,0.0,251.0,1.0,0,1,estimado_nao_verificado,registrada,0
6379,P000056,Cliente 365,966900,2025-10-10,45.0,0.0,45.0,1.0,0,1,estimado_nao_verificado,registrada,0
6380,P000056,Cliente 365,967100,2025-10-10,50.0,0.0,50.0,1.0,0,1,estimado_nao_verificado,registrada,0
6381,P000056,Cliente 365,967800,2025-10-10,119.0,0.0,119.0,1.0,0,1,ausente,registrada,0
6382,P000056,Cliente 365,967900,2025-10-10,79.0,0.0,79.0,1.0,0,1,estimado_nao_verificado,registrada,0
6383,P001869,Cliente 022,902300,2025-10-10,40.0,0.0,40.0,1.0,0,1,registrado,registrada,0
6384,P001869,Cliente 022,949300,2025-10-10,120.0,0.0,120.0,1.0,0,1,registrado,registrada,0
6385,P001869,Cliente 022,951400,2025-10-10,80.0,0.0,80.0,1.0,0,1,registrado,registrada,0
6386,P001871,Cliente 022,902300,2025-10-10,3.0,0.0,3.0,1.0,0,1,registrado,registrada,0
6387,P001844,Cliente 016,902300,2025-10-10,5.0,0.0,5.0,1.0,0,1,registrado,registrada,0
6388,P001844,Cliente 016,949300,2025-10-10,70.0,0.0,70.0,1.0,0,1,registrado,registrada,0
6389,P001844,Cliente 016,950400,2025-10-10,5.0,0.0,5.0,1.0,0,1,registrado,registrada,0
6390,P001844,Cliente 016,951400,2025-10-10,5.0,0.0,5.0,1.0,0,1,registrado,registrada,0
6391,P001844,Cliente 016,961800,2025-10-10,40.0,0.0,40.0,1.0,0,1,registrado,registrada,0
6392,P001859,Cliente 339,949300,2025-10-10,240.0,0.0,240.0,1.0,0,1,registrado,registrada,0
6393,P001707,Cliente 076,975600,2025-10-10,522.0,0.0,522.0,1.0,0,1,registrado,registrada,0
6394,P001707,Cliente 076,975700,2025-10-10,452.0,0.0,452.0,1.0,0,1,registrado,registrada,0
6395,P001860,Cliente 185,948700,2025-10-10,40.0,0.0,40.0,1.0,0,1,registrado,registrada,0
6396,P001860,Cliente 185,949300,2025-10-10,120.0,0.0,120.0,1.0,0,1,registrado,registrada,0
6397,P001860,Cliente 185,950400,2025-10-10,40.0,0.0,40.0,1.0,0,1,registrado,registrada,0
6398,P001864,Cliente 185,948700,2025-10-10,1.0,0.0,1.0,1.0,0,1,registrado,registrada,0
6399,P001872,Cliente 185,948700,2025-10-10,240.0,0.0,240.0,1.0,0,1,registrado,registrada,0
6400,P001872,Cliente 185,961800,2025-10-10,20.0,0.0,20.0,1.0,0,1,registrado,registrada,0
6401,P001867,Cliente 354,976300,2025-10-10,625.0,0.0,625.0,1.0,0,1,registrado,registrada,0
6402,P001867,Cliente 354,976500,2025-10-10,1125.0,0.0,1125.0,1.0,0,1,registrado,registrada,0
6403,P001870,Cliente 328,961800,2025-10-11,6.0,0.0,6.0,1.0,0,1,registrado,registrada,0
6404,P001870,Cliente 328,981700,2025-10-11,20.0,0.0,20.0,1.0,0,1,registrado,registrada,0
6405,P001767,Cliente 191,950000,2025-10-13,3.0,0.0,3.0,1.0,0,1,registrado,registrada,0
6406,P001767,Cliente 191,961600,2025-10-13,200.0,0.0,200.0,1.0,0,1,registrado,registrada,0
6407,P001767,Cliente 191,964000,2025-10-13,150.0,0.0,150.0,1.0,0,1,registrado,registrada,0
6408,P001879,Cliente 051,950000,2025-10-13,5.0,0.0,5.0,1.0,0,1,registrado,registrada,0
6409,P001879,Cliente 051,961600,2025-10-13,20.0,0.0,20.0,1.0,0,1,registrado,registrada,0
6410,P001879,Cliente 051,964000,2025-10-13,8.0,0.0,8.0,1.0,0,1,registrado,registrada,0
6411,P001879,Cliente 051,981500,2025-10-13,2.0,0.0,2.0,1.0,0,1,registrado,registrada,0
6412,P001877,Cliente 193,950000,2025-10-13,3.0,0.0,3.0,1.0,0,1,registrado,registrada,0
6413,P001877,Cliente 193,961600,2025-10-13,80.0,0.0,80.0,1.0,0,1,registrado,registrada,0
6414,P001877,Cliente 193,964000,2025-10-13,70.0,0.0,70.0,1.0,0,1,registrado,registrada,0
6415,P001878,Cliente 192,950000,2025-10-13,5.0,0.0,5.0,1.0,0,1,registrado,registrada,0
6416,P001878,Cliente 192,961600,2025-10-13,50.0,0.0,50.0,1.0,0,1,registrado,registrada,0
6417,P001878,Cliente 192,964000,2025-10-13,80.0,0.0,80.0,1.0,0,1,registrado,registrada,0
6418,P001880,Cliente 196,961600,2025-10-13,50.0,0.0,50.0,1.0,0,1,registrado,registrada,0
6419,P001880,Cliente 196,964000,2025-10-13,50.0,0.0,50.0,1.0,0,1,registrado,registrada,0
